Loan_ID,Product,Region,Industry,Annual_Income,Credit_Score,DTI,Tenure_Months,Collateral_Coverage,Exposure,Delinquency_Bucket,Risk_Grade,Default_Flag,LGD,EAD,PD_Model,Expected_Loss,Vintage_Year
LN100000,Credit Card,South,Manufacturing,26620.0,722,47.61,9,0.119,182900.28,0,A,0,0.6386,212637.64,0.015612360942795318,2120.008689030684,2025
LN100001,Auto Loan,South,Technology,139666.0,690,36.59,30,1.005,40744.82,0,B,0,0.05,43006.16,0.011935565431909493,25.66514183275844,2023
LN100002,SME Loan,East,Technology,143737.0,656,30.82,62,0.74,175431.56,1,C,0,0.2537,182862.86,0.019076757671690724,885.014809572354,2023
LN100003,Credit Card,West,Healthcare,57777.0,654,54.56,38,0.281,111740.78,0,C,0,0.263,131372.99,0.03542791455942188,1224.0732901307115,2022
LN100004,Retail Term Loan,South,Technology,99902.0,620,32.2,61,0.12,128390.93,2,D,0,0.8951,130082.49,0.042149975173881575,4907.809780403151,2026
LN100005,SME Loan,West,Services,66559.0,664,44.22,23,1.697,234804.24,0,C,0,0.05,248158.09,0.016326319667514966,202.57541527099744,2025
LN100006,Credit Card,West,Retail,85673.0,762,57.46,67,0.204,67540.39,0,AA,0,0.4701,86124.41,0.014236179629438558,576.3814167396488,2024
LN100007,Credit Card,North,Retail,39905.0,706,42.86,11,0.107,117914.04,2,B,0,0.6322,148295.41,0.02630107743854231,2465.7880331167594,2022
LN100008,Retail Term Loan,Central,Other,105621.0,752,19.04,77,0.12,148383.81,2,A,0,0.8832,150760.95,0.007968573896017392,1061.0321174899973,2025
LN100009,Auto Loan,North,Technology,30412.0,724,15.89,38,0.465,97337.45,0,A,0,0.2204,104653.24,0.0051183945596581185,118.05870896835765,2025
LN100010,Auto Loan,West,Technology,27413.0,650,28.13,82,0.842,198193.59,0,C,0,0.05,204708.27,0.013955499425475124,142.84030721875033,2022
LN100011,SME Loan,East,Healthcare,70135.0,583,41.22,30,0.751,151164.18,0,D,0,0.2258,159535.81,0.040484950618799864,1458.3969022123777,2024
LN100012,Credit Card,West,Retail,66773.0,630,37.78,90,0.316,79961.22,1,D,0,0.5928,102505.49,0.033718676228248735,2048.9239414685117,2025
LN100013,Credit Card,West,Other,87117.0,646,60.69,27,0.22,290035.7,0,C,1,0.5745,307353.52,0.046780916875185145,8260.321555753737,2026
LN100014,Auto Loan,West,Healthcare,52471.0,641,37.66,9,1.155,177828.4,0,C,0,0.05,182578.86,0.018966018366405938,173.13970060387294,2023
LN100015,Retail Term Loan,West,Other,211583.0,754,27.74,49,0.263,66532.77,0,A,0,0.5147,70634.71,0.005891810379353398,214.20080362786172,2024
LN100016,Auto Loan,Central,Healthcare,81926.0,753,17.27,75,1.196,66067.37,1,A,0,0.05,68731.24,0.004354979410534604,14.96615675302562,2025
LN100017,Retail Term Loan,West,Technology,85249.0,834,47.35,65,0.232,102907.74,0,AA,0,0.5151,106876.08,0.005134763613784635,282.6783328261637,2025
LN100018,Credit Card,Central,Manufacturing,83594.0,640,31.92,74,0.206,164141.11,0,C,0,0.5728,191427.82,0.020330877411534325,2229.277766215454,2024
LN100019,Credit Card,East,Technology,130202.0,794,12.42,66,0.163,25484.83,2,AA,0,0.8965,27059.22,0.004258703281834127,103.31013995452194,2026
LN100020,Credit Card,South,Manufacturing,102956.0,793,32.29,30,0.244,68520.65,2,AA,0,0.4564,83415.18,0.0079336640215973,302.040048868973,2024
LN100021,Auto Loan,South,Technology,95641.0,675,19.06,65,1.283,80098.5,0,C,0,0.05,80482.34,0.007356364003344287,29.602869444045805,2025
LN100022,SME Loan,West,Healthcare,112424.0,721,26.47,50,0.557,43865.75,0,A,0,0.1373,45126.06,0.007208453008133561,44.66219108933919,2024
LN100023,SME Loan,East,Technology,27494.0,771,32.08,32,0.533,58689.14,0,AA,0,0.2605,59412.43,0.005359016195507043,82.94116147924363,2023
LN100024,Credit Card,North,Services,28071.0,686,20.23,52,0.064,132105.73,0,B,0,0.517,156031.91,0.009388353471664381,757.3443682764239,2024
LN100025,Retail Term Loan,South,Manufacturing,71927.0,681,25.66,47,0.0,85221.45,1,B,0,0.9431,86900.27,0.015421586231935007,1263.8860409633176,2023
LN100026,Auto Loan,Central,Healthcare,67274.0,649,22.33,79,1.079,90040.84,0,C,0,0.05,95563.09,0.011037589817452766,52.73930945541611,2022
LN100027,Retail Term Loan,West,Healthcare,103171.0,537,22.68,37,0.223,45715.8,0,E,0,0.6208,47963.57,0.04000806977618098,1191.2716541545592,2023
LN100028,Retail Term Loan,West,Retail,75830.0,695,18.9,36,0.259,103340.57,2,B,0,0.8066,109681.62,0.0132237331880801,1169.8930259713202,2026
LN100029,Credit Card,North,Healthcare,103287.0,644,25.72,33,0.04,41873.24,0,C,0,0.6853,53780.1,0.016795267726179678,618.9980321742424,2025
LN100030,Credit Card,North,Healthcare,37804.0,620,20.37,90,0.194,333223.19,3,D,0,0.9205,364612.12,0.037020537636188844,12425.03484254049,2022
LN100031,SME Loan,South,Technology,74558.0,717,39.63,34,1.289,406596.45,0,B,0,0.05,422804.31,0.009436154722452348,199.48234432398533,2025
LN100032,Retail Term Loan,Central,Manufacturing,35870.0,596,34.61,77,0.224,86166.01,0,D,1,0.6028,87354.42,0.033336580163238344,1755.4124483157552,2025
LN100033,Auto Loan,East,Other,92783.0,742,47.53,25,0.832,54695.62,0,A,0,0.1139,55708.62,0.010723491801916351,68.04282691174575,2024
LN100034,Auto Loan,West,Retail,26694.0,721,56.53,59,1.336,218265.77,0,A,0,0.05,220435.62,0.015325999714501473,168.9198124592978,2023
LN100035,Retail Term Loan,East,Healthcare,90836.0,664,40.81,54,0.0,181661.74,5,C,0,0.98,194393.56,0.0792421307702336,15096.076704363024,2026
LN100036,Retail Term Loan,East,Other,33433.0,686,37.84,75,0.078,445774.57,0,B,0,0.7473,455962.03,0.016337150769335482,5566.727696742855,2024
LN100037,Auto Loan,West,Retail,60737.0,613,41.62,72,1.3,537133.22,0,D,0,0.05,542782.97,0.026983132880783973,732.299250246829,2025
LN100038,Retail Term Loan,Central,Technology,122695.0,739,38.07,50,0.167,29041.52,0,A,0,0.5233,29601.37,0.009689832125981384,150.0993457293089,2025
LN100039,Credit Card,East,Manufacturing,84991.0,702,32.65,36,0.0,270035.48,0,B,0,0.8155,313670.23,0.0121391850227641,3105.180131332972,2026
LN100040,Auto Loan,East,Other,30337.0,707,31.62,84,1.097,102692.2,1,B,0,0.05,103721.8,0.010979051826023652,56.938350884423,2022
LN100041,Credit Card,Central,Manufacturing,51815.0,723,18.72,34,0.166,176241.22,0,A,0,0.6195,200676.93,0.006107631212178119,759.2967920232759,2024
LN100042,Credit Card,South,Technology,32843.0,648,42.91,6,0.291,206848.28,0,C,0,0.4528,217587.21,0.026028927566035347,2564.460750613055,2024
LN100043,Retail Term Loan,Central,Retail,29529.0,591,31.59,7,0.065,200864.79,0,D,1,0.5636,210334.02,0.03310210674750441,3924.0645393537857,2025
LN100044,Credit Card,East,Manufacturing,80014.0,752,50.84,12,0.199,241712.86,0,A,0,0.7311,298503.56,0.01272081868434121,2776.1399849046975,2026
LN100045,Credit Card,Central,Retail,102069.0,735,43.9,61,0.094,81069.19,0,A,0,0.7027,99391.88,0.012341167419873691,861.9401338235881,2024
LN100046,Auto Loan,East,Other,95566.0,655,23.86,97,1.433,61588.5,5,C,0,0.05,64579.23,0.036289112055905064,117.17614569770332,2025
LN100047,Retail Term Loan,West,Services,104473.0,717,48.21,6,0.062,275429.29,1,B,0,0.7752,288385.52,0.02191934535444656,4900.211145640404,2024
LN100048,Credit Card,South,Services,74510.0,772,5.0,31,0.046,65188.44,4,AA,0,0.98,79265.16,0.0072289709713384016,561.5454298649239,2024
LN100049,Retail Term Loan,West,Services,64530.0,764,57.09,50,0.103,441629.3,0,AA,0,0.5824,453132.1,0.014164232299090002,3737.999473396977,2023
LN100050,Retail Term Loan,South,Manufacturing,41567.0,653,14.6,82,0.255,70275.91,0,C,0,0.5353,72670.46,0.010261782460708472,399.18844026974676,2023
LN100051,Retail Term Loan,West,Services,58877.0,593,38.44,31,0.075,91918.9,5,D,0,0.98,94410.52,0.1346801196009955,12460.915722688334,2025
LN100052,Credit Card,West,Technology,36261.0,604,37.56,61,0.059,105025.64,0,D,0,0.7282,126423.35,0.03531559994905259,3251.206520942838,2022
LN100053,Credit Card,East,Healthcare,47118.0,670,46.61,42,0.171,40802.75,3,C,0,0.98,49318.13,0.05236685501443731,2530.9826560273077,2023
LN100054,Credit Card,East,Healthcare,78759.0,785,27.73,105,0.151,40885.23,0,AA,0,0.5611,43886.65,0.004496294985486811,110.72036167865357,2025
LN100055,Credit Card,South,Healthcare,70295.0,643,5.0,51,0.143,227219.36,1,C,0,0.662,281971.99,0.011121755602519401,2076.047596412862,2022
LN100056,Auto Loan,West,Healthcare,404677.0,651,27.75,56,1.013,35998.04,1,C,0,0.0701,38860.24,0.016947144552494485,46.165764334186434,2024
LN100057,Auto Loan,East,Retail,35777.0,650,29.15,50,0.583,700122.78,0,C,0,0.45,723983.5,0.01539506180027387,5015.596826195359,2024
LN100058,Retail Term Loan,East,Other,70013.0,655,5.36,39,0.06,112348.26,1,C,0,0.865,121253.4,0.010242286465910667,1074.2539299672894,2022
LN100059,Retail Term Loan,North,Services,34276.0,689,32.59,69,0.249,58378.68,0,B,0,0.4267,60630.24,0.012876058021754243,333.11551087776803,2022
LN100060,Credit Card,North,Healthcare,60595.0,607,18.01,23,0.135,161038.67,0,D,0,0.6879,195384.54,0.01828874029572143,2458.098597872003,2025
LN100061,Auto Loan,North,Manufacturing,61966.0,760,40.44,6,1.16,21416.39,0,AA,0,0.05,22962.55,0.0066200392798692114,7.6006491482980385,2024
LN100062,Auto Loan,Central,Healthcare,119363.0,681,28.8,45,1.433,95011.15,5,B,0,0.1153,97568.01,0.033157204560007716,373.00500833935587,2025
LN100063,Credit Card,Central,Manufacturing,58567.0,850,57.49,66,0.235,103933.66,0,AA,0,0.5198,127181.0,0.006076438890289056,401.70537722814214,2025
LN100064,Credit Card,North,Services,67509.0,614,28.67,35,0.013,49459.22,0,D,0,0.8973,62758.7,0.024662228973672602,1388.813509081401,2024
LN100065,Auto Loan,North,Retail,59194.0,793,37.6,52,0.918,77110.93,0,AA,0,0.05,81577.75,0.004682429322450918,19.09910243297852,2024
LN100066,Auto Loan,West,Healthcare,34706.0,780,29.23,21,0.952,349222.03,2,AA,0,0.05,355731.83,0.006801414734695055,120.97398550810183,2023
LN100067,Retail Term Loan,East,Manufacturing,52396.0,663,10.9,71,0.202,136423.89,3,C,0,0.98,144426.65,0.01832748579855618,2594.037829271883,2022
LN100068,Retail Term Loan,South,Services,60790.0,664,29.34,62,0.168,158716.39,3,C,0,0.9449,169275.52,0.032593160358821684,5213.225116516047,2022
LN100069,Auto Loan,West,Retail,78108.0,630,41.79,48,1.092,69180.12,0,D,0,0.05,74216.91,0.024347255079502066,90.34890194912239,2025
LN100070,Retail Term Loan,South,Healthcare,101994.0,631,39.83,52,0.088,47518.17,0,D,0,0.588,50963.2,0.029205182998089507,875.1730743149222,2025
LN100071,Auto Loan,North,Other,65921.0,690,28.19,17,1.189,101367.21,0,B,0,0.05,102831.49,0.008722376323239389,44.846747682971404,2022
LN100072,SME Loan,South,Technology,65287.0,691,13.06,18,0.904,21480.73,1,B,0,0.0617,22440.5,0.0074583889238549386,10.326727559043809,2024
LN100073,Retail Term Loan,Central,Technology,29109.0,586,40.38,45,0.229,55685.65,1,D,0,0.6172,59620.82,0.05607926630568415,2063.6031649708198,2026
LN100074,Retail Term Loan,West,Retail,100921.0,839,37.45,59,0.138,49935.98,0,AA,0,0.6643,50906.67,0.0036544563133212725,123.58384870405548,2023
LN100075,Retail Term Loan,North,Healthcare,51149.0,673,42.96,60,0.0,28799.42,0,C,0,0.6177,31101.36,0.022148763463353902,425.5067626058765,2025
LN100076,Retail Term Loan,East,Manufacturing,113115.0,694,28.44,40,0.093,189037.23,0,B,0,0.7297,200173.45,0.011199589556459407,1635.8855923292979,2024
LN100077,Credit Card,Central,Manufacturing,154707.0,649,10.1,64,0.121,109523.31,0,C,0,0.7698,133719.85,0.009566108323900546,984.7116633058829,2025
LN100078,Auto Loan,Central,Services,67636.0,673,38.94,79,0.955,77767.42,0,C,0,0.1329,79701.31,0.015318500910779425,162.2582199877841,2023
LN100079,Credit Card,West,Services,42720.0,667,31.88,46,0.292,191943.91,0,C,0,0.5846,212813.6,0.015365253686746131,1911.603972933188,2026
LN100080,Credit Card,North,Retail,74314.0,690,50.09,55,0.208,37958.82,0,B,0,0.6551,41860.17,0.022369856533337788,613.4395688712766,2024
LN100081,Auto Loan,South,Other,90856.0,689,32.37,43,1.16,46851.66,0,B,0,0.05,47907.24,0.010131753948637249,24.269218401915616,2025
LN100082,Credit Card,South,Technology,63052.0,742,31.41,45,0.001,262334.3,0,A,0,0.8902,293073.71,0.007949634202941735,2074.013587966934,2025
LN100083,Retail Term Loan,North,Retail,54996.0,705,37.42,52,0.123,592574.53,0,B,0,0.604,600643.51,0.01329461226280006,4823.134834464831,2025
LN100084,Retail Term Loan,North,Services,102251.0,736,24.24,85,0.163,193727.07,3,A,0,0.98,199282.75,0.014059513777671383,2745.782197891697,2024
LN100085,Retail Term Loan,South,Technology,98608.0,689,23.61,68,0.249,166932.91,0,B,0,0.4798,175327.87,0.009685894720133722,814.7998578980748,2025
LN100086,Credit Card,East,Services,61993.0,705,30.73,66,0.323,79853.26,0,B,0,0.3986,99140.05,0.010219381374497445,403.8415822020867,2025
LN100087,Auto Loan,South,Other,30197.0,674,20.03,38,0.635,81148.99,5,C,0,0.4203,84143.83,0.03292848880508427,1164.5374677014554,2025
LN100088,Retail Term Loan,East,Retail,96399.0,755,29.02,28,0.106,140693.0,0,A,0,0.7178,147436.82,0.006328402608330183,669.7357934776193,2025
LN100089,Auto Loan,South,Technology,49179.0,711,57.21,57,0.761,313726.15,1,B,0,0.2454,321917.16,0.025776946014680772,2036.339323859049,2025
LN100090,Retail Term Loan,North,Other,84384.0,680,45.55,75,0.193,161753.23,5,B,0,0.98,164279.87,0.07546679402454037,12149.721609434904,2026
LN100091,Credit Card,Central,Services,81502.0,678,36.0,86,0.041,234642.33,1,C,1,0.957,290797.15,0.021743764318528903,6051.134632253602,2026
LN100092,Auto Loan,East,Retail,26538.0,683,52.17,6,1.439,63189.1,0,B,0,0.05,66903.91,0.01868780445081898,62.51435935375963,2022
LN100093,Auto Loan,South,Technology,78420.0,692,21.28,102,1.135,184812.07,0,B,0,0.05,197586.93,0.006963535992367444,68.79518493381934,2026
LN100094,Retail Term Loan,Central,Services,99532.0,686,64.38,57,0.0,75004.7,0,B,0,0.8917,75908.88,0.03817198946808133,2583.783649470946,2025
LN100095,Credit Card,Central,Manufacturing,106476.0,654,26.01,68,0.065,132369.6,0,C,0,0.6684,139944.42,0.015310847660078168,1432.1590876708608,2025
LN100096,Auto Loan,Central,Services,80001.0,740,58.05,10,1.429,184669.24,0,A,0,0.05,193906.1,0.013097719767103647,126.98638794659884,2025
LN100097,Retail Term Loan,North,Manufacturing,25281.0,744,57.99,43,0.172,82733.83,0,A,0,0.5412,85969.1,0.017327522160918957,806.1885599007845,2024
LN100098,Retail Term Loan,West,Healthcare,151394.0,806,9.21,66,0.278,58882.11,0,AA,0,0.4193,61829.46,0.001965438208998558,50.95416752462612,2024
LN100099,SME Loan,Central,Manufacturing,94024.0,651,51.07,22,1.291,154672.33,0,C,0,0.05,157626.96,0.02538162544007129,200.041422898855,2024
LN100100,SME Loan,Central,Services,38693.0,733,28.31,6,0.916,109196.75,0,A,0,0.05,116409.08,0.0062103979252301775,36.14733544549769,2026
LN100101,Credit Card,South,Other,48629.0,566,24.62,55,0.0,131997.49,0,E,0,0.7019,149455.7,0.03425813133169231,3593.779237906858,2025
LN100102,Retail Term Loan,Central,Technology,85171.0,744,38.82,47,0.196,190089.0,0,A,0,0.5982,200388.89,0.009388573570745845,1125.4330434093126,2023
LN100103,SME Loan,East,Healthcare,109002.0,595,18.9,80,1.089,299643.06,0,D,0,0.0703,304317.49,0.016548927585590727,354.0398057842227,2025
LN100104,Credit Card,East,Healthcare,57346.0,626,38.53,44,0.095,190905.29,0,D,0,0.8777,210533.5,0.02934586135939137,5422.682414330766,2025
LN100105,Credit Card,East,Services,118099.0,712,19.77,46,0.267,174138.34,0,B,0,0.3427,205517.72,0.006841022176385061,481.8195037108647,2025
LN100106,Auto Loan,West,Technology,27979.0,650,34.3,63,0.515,84540.25,0,C,0,0.1696,87420.83,0.018424149077768834,273.1669869900197,2023
LN100107,Retail Term Loan,North,Services,42272.0,641,49.36,71,0.082,94132.52,0,C,0,0.4912,97367.39,0.035793458600153816,1711.888803826879,2025
LN100108,Retail Term Loan,East,Technology,24097.0,658,37.02,32,0.125,164950.27,1,C,0,0.5242,168109.25,0.026553450080032306,2339.966198917709,2025
LN100109,SME Loan,Central,Healthcare,45783.0,737,27.32,69,1.224,93057.51,0,A,0,0.05,96537.12,0.005349501468530808,25.821273260386743,2023
LN100110,Auto Loan,East,Other,171903.0,629,39.04,37,0.812,164472.54,0,D,0,0.0555,171127.09,0.02420210385817478,229.86077608456088,2024
LN100111,Retail Term Loan,South,Other,232590.0,686,13.72,48,0.196,67799.83,3,B,0,0.8218,69353.28,0.016115665093182924,918.5046851673367,2023
LN100112,Retail Term Loan,North,Manufacturing,85329.0,665,21.09,63,0.255,463143.28,1,C,0,0.7229,475445.62,0.014573668049281905,5008.964443042777,2024
LN100113,Auto Loan,East,Services,52792.0,743,26.41,67,1.094,137423.37,0,A,0,0.05,143573.6,0.005071166036575301,36.40427820344239,2025
LN100114,Retail Term Loan,West,Technology,66393.0,745,42.23,55,0.138,131248.88,0,A,0,0.547,131719.06,0.010516951160311169,757.7497577334468,2025
LN100115,SME Loan,East,Services,97303.0,571,37.28,24,1.388,85598.52,0,E,0,0.05,85881.2,0.0342182511158168,146.93522338638428,2024
LN100116,Credit Card,Central,Technology,31749.0,758,38.96,7,0.196,457879.6,0,A,0,0.6047,582788.46,0.008244133891699514,2905.3332115118737,2026
LN100117,Credit Card,West,Other,54741.0,650,31.64,44,0.131,49908.36,1,C,0,0.98,61750.74,0.024168804728056412,1462.5927453355223,2026
LN100118,Auto Loan,East,Services,165121.0,705,21.75,69,1.011,73360.08,0,B,0,0.1023,77740.69,0.006439056180127147,51.20899338108613,2025
LN100119,Credit Card,North,Other,42197.0,629,51.35,58,0.201,218111.4,0,D,0,0.5281,281670.96,0.04131930882554965,6146.265119388878,2024
LN100120,Auto Loan,East,Other,49676.0,714,22.93,53,1.285,141918.26,0,B,0,0.05,142216.44,0.005714150225099553,40.63230513194286,2023
LN100121,Credit Card,North,Other,75546.0,850,37.45,48,0.181,80138.33,0,AA,0,0.5219,86156.61,0.003250051813175524,146.13901775316975,2025
LN100122,Retail Term Loan,West,Manufacturing,87638.0,698,30.54,55,0.071,81763.46,0,B,0,0.8379,82338.81,0.011585466100319328,799.3008729431418,2025
LN100123,Auto Loan,North,Services,53183.0,660,39.32,26,1.203,97892.32,4,C,0,0.05,104989.47,0.04582965266646953,240.58154718683616,2024
LN100124,Retail Term Loan,Central,Manufacturing,78243.0,675,24.13,65,0.039,128893.89,0,C,0,0.8303,132098.1,0.011882013188651756,1303.2317115184649,2026
LN100125,Auto Loan,South,Manufacturing,104779.0,595,45.68,67,1.058,356036.58,2,D,0,0.05,366922.26,0.0634804834273329,1164.6201222524767,2022
LN100126,Retail Term Loan,East,Manufacturing,220586.0,784,49.92,40,0.101,183296.5,0,AA,0,0.853,194838.85,0.009322957506497948,1549.452594247683,2026
LN100127,Retail Term Loan,North,Retail,69969.0,710,44.89,58,0.258,245630.01,0,B,0,0.4658,249882.53,0.015507087714513621,1804.951854879908,2026
LN100128,Retail Term Loan,South,Manufacturing,73316.0,622,34.05,10,0.238,88544.02,1,D,0,0.7663,90016.63,0.033011332023157515,2277.1132178285234,2025
LN100129,Auto Loan,Central,Services,173745.0,624,26.34,52,0.904,172173.46,0,D,0,0.05,183292.78,0.016637003351656177,152.47212975971894,2026
LN100130,Retail Term Loan,South,Other,55448.0,691,68.69,45,0.305,40412.51,5,B,0,0.8704,42135.95,0.13020222295291015,4775.18356766492,2023
LN100131,SME Loan,East,Other,36201.0,751,19.11,76,1.079,136317.65,0,A,0,0.05,139115.82,0.0037330503527846885,25.966318046446563,2024
LN100132,Auto Loan,Central,Other,86067.0,615,43.46,44,1.081,130329.26,3,D,0,0.2626,131973.89,0.06303240718601821,2184.4727559529697,2023
LN100133,Retail Term Loan,West,Manufacturing,135556.0,762,36.33,67,0.077,429440.63,0,AA,0,0.7601,456632.81,0.007522528897903293,2610.9689701572916,2023
LN100134,Auto Loan,North,Technology,91475.0,684,31.19,39,0.698,357023.38,0,B,0,0.3667,362847.68,0.011522067757174919,1533.0830618328482,2023
LN100135,Retail Term Loan,South,Technology,71103.0,630,34.41,6,0.057,100141.46,0,D,0,0.9185,104076.0,0.025090603189147697,2398.506253686366,2023
LN100136,SME Loan,South,Manufacturing,33814.0,660,25.37,43,1.116,67727.59,5,C,1,0.4353,68757.31,0.03926438215901299,1175.1851977774102,2022
LN100137,Auto Loan,South,Other,72631.0,804,37.55,52,1.179,69041.47,0,AA,0,0.05,71116.39,0.003931226012487516,13.978730114110354,2025
LN100138,Credit Card,South,Retail,147780.0,600,36.12,51,0.238,97635.4,1,D,0,0.8357,108208.84,0.04319706245894506,3906.315869589206,2023
LN100139,Retail Term Loan,East,Other,38043.0,642,66.81,52,0.083,298482.24,0,C,0,0.7066,298725.31,0.06042707950493332,12754.905887433635,2025
LN100140,Auto Loan,South,Manufacturing,65554.0,752,45.92,37,1.489,160441.11,2,A,0,0.05,167842.36,0.013175035728792979,110.56645449024668,2025
LN100141,Auto Loan,South,Technology,60605.0,704,38.71,41,1.093,172448.34,5,B,0,0.3552,180301.09,0.03954382041294154,2532.5028015268954,2025
LN100142,SME Loan,East,Manufacturing,51098.0,639,39.48,23,1.149,211735.22,1,D,0,0.05,214949.61,0.026510374615135928,284.91973422386843,2026
LN100143,Auto Loan,South,Other,85957.0,753,55.91,6,0.75,59834.46,0,A,0,0.2045,60779.19,0.012853155804701201,159.75629954509836,2025
LN100144,Auto Loan,South,Technology,95708.0,756,19.38,46,1.149,73050.45,2,A,0,0.05,77568.8,0.005952276963710665,23.085549067133993,2025
LN100145,Retail Term Loan,East,Manufacturing,95158.0,712,29.62,32,0.098,172717.06,0,B,0,0.5712,178888.27,0.009771547034971548,998.4662504296949,2023
LN100146,Retail Term Loan,Central,Services,43827.0,650,7.21,72,0.174,69563.94,0,C,0,0.6884,72925.39,0.0085269254203063,428.0673326471153,2022
LN100147,Auto Loan,East,Retail,30332.0,660,39.26,6,0.711,41223.4,0,C,0,0.3681,42146.39,0.01863329028331738,289.07847088104336,2025
LN100148,Auto Loan,East,Manufacturing,86643.0,709,43.03,54,0.889,56243.14,1,B,0,0.1592,58880.44,0.01629426414490599,152.73862001866354,2026
LN100149,Retail Term Loan,Central,Manufacturing,56783.0,605,19.06,95,0.086,251023.0,0,D,0,0.7314,259421.94,0.019506530224648762,3701.192587568289,2025
LN100150,Credit Card,West,Other,206141.0,776,50.66,44,0.135,92354.56,1,AA,0,0.9329,116622.1,0.013253690856234769,1441.9585846317284,2026
LN100151,SME Loan,South,Other,211446.0,801,22.65,48,1.387,140553.36,0,AA,0,0.05,146779.05,0.0023823342378953994,17.483837811038036,2026
LN100152,Retail Term Loan,South,Technology,224162.0,675,27.55,57,0.07,58248.8,0,C,0,0.7988,58571.35,0.013136567704758415,614.6178920614805,2026
LN100153,Auto Loan,East,Other,44720.0,713,33.55,59,1.056,156502.83,0,B,0,0.05,158088.99,0.008579996643610008,67.82015017958481,2025
LN100154,Retail Term Loan,East,Technology,102580.0,767,52.72,39,0.217,99362.75,0,AA,0,0.5215,102887.11,0.01164219068827664,624.6690511035397,2026
LN100155,Credit Card,North,Manufacturing,121087.0,817,20.84,26,0.083,163994.08,4,AA,0,0.98,182682.07,0.007690444013533283,1376.808106979141,2025
LN100156,Retail Term Loan,North,Healthcare,113816.0,791,35.79,62,0.07,85882.05,0,AA,0,0.631,91425.79,0.005603386167053055,323.2575184156733,2024
LN100157,Credit Card,South,Manufacturing,61718.0,577,42.07,6,0.054,170799.53,0,E,0,0.7427,218316.39,0.05215363664574674,8456.377504554894,2022
LN100158,Credit Card,Central,Healthcare,151567.0,669,39.39,66,0.18,82978.61,0,C,0,0.6338,93605.11,0.019650567305123913,1165.8076092736749,2026
LN100159,Credit Card,West,Retail,75020.0,723,39.87,39,0.152,113439.06,1,A,0,0.7623,136748.31,0.015565437941744698,1622.591631902804,2024
LN100160,Retail Term Loan,Central,Manufacturing,80475.0,658,41.9,48,0.153,99217.63,0,C,0,0.6481,105699.35,0.023758322942122545,1627.534185192149,2022
LN100161,SME Loan,North,Services,32191.0,806,24.79,36,1.243,122224.32,0,AA,0,0.05,130635.29,0.00252269002634213,16.47761715856559,2025
LN100162,Retail Term Loan,East,Healthcare,106923.0,796,53.94,79,0.194,145887.67,2,AA,0,0.98,156404.95,0.015509746024136597,2377.285030389428,2024
LN100163,Retail Term Loan,East,Other,64992.0,637,30.56,53,0.084,84864.79,0,D,0,0.5472,90886.6,0.02067196361327991,1028.0818159073222,2024
LN100164,Auto Loan,East,Technology,96845.0,679,28.83,41,1.196,110361.23,0,C,0,0.05,118076.98,0.009875035499003603,58.30071845575692,2026
LN100165,Auto Loan,East,Manufacturing,85353.0,641,49.52,40,1.301,136733.3,0,C,0,0.05,147397.06,0.026508589686048484,195.36440922349348,2025
LN100166,Credit Card,South,Other,82848.0,677,23.8,45,0.0,171206.91,0,C,0,0.6224,218508.9,0.01165086830189557,1584.5173825491433,2022
LN100167,Credit Card,North,Healthcare,73138.0,675,36.16,101,0.353,113776.05,0,C,0,0.1169,129839.15,0.016044704697294614,243.5296828460458,2022
LN100168,Retail Term Loan,Central,Retail,115598.0,752,22.6,19,0.207,64492.88,0,A,0,0.7599,64709.25,0.005172369069100416,254.33862360804298,2025
LN100169,SME Loan,Central,Technology,67228.0,632,64.75,72,1.104,127486.4,5,D,0,0.3493,136320.95,0.15971223852941338,7605.002942176614,2022
LN100170,Retail Term Loan,North,Other,33688.0,520,62.01,60,0.184,191853.59,2,E,0,0.7192,194081.66,0.2287508988808163,31929.857927177272,2022
LN100171,Auto Loan,East,Retail,102556.0,586,30.57,82,1.362,47195.55,3,D,0,0.1287,49770.22,0.051958719314346764,332.81779989657616,2024
LN100172,Retail Term Loan,East,Manufacturing,48064.0,623,38.76,62,0.264,47582.56,1,D,0,0.817,48825.02,0.03758913854074486,1499.4322903252996,2022
LN100173,SME Loan,West,Manufacturing,36203.0,647,32.07,48,1.333,75485.74,0,C,0,0.05,79035.48,0.014353306103371124,56.721021873343325,2026
LN100174,Retail Term Loan,Central,Technology,42745.0,702,27.47,70,0.079,104884.59,0,B,0,0.6916,111539.85,0.01009464469849631,778.7105855255235,2024
LN100175,Retail Term Loan,East,Other,87647.0,620,33.56,53,0.095,25781.36,0,D,0,0.7554,26830.89,0.026595895218529918,539.0470486058501,2024
LN100176,Auto Loan,West,Healthcare,71122.0,611,31.47,65,1.72,179352.8,0,D,0,0.05,192991.16,0.01798996862778436,173.5952456919856,2025
LN100177,SME Loan,Central,Technology,23208.0,630,12.23,79,0.71,105606.44,0,D,0,0.1285,108219.15,0.010563259064829316,146.8943788634926,2024
LN100178,SME Loan,Central,Services,60732.0,617,35.42,50,0.629,23143.68,0,D,0,0.4026,24181.15,0.02534912399081195,246.7821123571041,2024
LN100179,Credit Card,South,Retail,142674.0,654,31.45,39,0.213,55051.76,0,C,0,0.6973,59364.82,0.01750536430931377,724.6361133163921,2023
LN100180,SME Loan,Central,Manufacturing,58515.0,651,36.06,34,1.348,97230.34,0,C,0,0.05,101520.34,0.015611459134102069,79.24403195950738,2026
LN100181,SME Loan,East,Retail,68475.0,735,30.99,58,0.378,34699.16,0,A,0,0.481,36182.67,0.007617049103389365,132.56608873331368,2023
LN100182,Auto Loan,North,Technology,133104.0,626,27.32,29,1.149,236704.99,4,D,0,0.34,244022.86,0.04405283069547725,3654.9652307180904,2025
LN100183,Retail Term Loan,West,Other,116164.0,667,43.37,40,0.232,136766.47,0,C,0,0.6734,145275.92,0.022395317611849767,2190.9071489921266,2025
LN100184,Credit Card,Central,Other,131558.0,655,38.93,27,0.0,192910.12,0,C,0,0.6366,244709.49,0.02314856170476853,3606.1306592861347,2024
LN100185,Credit Card,South,Healthcare,18000.0,743,50.15,59,0.18,58391.91,0,A,0,0.5819,64883.42,0.013630345288645276,514.6227109971572,2025
LN100186,Auto Loan,East,Manufacturing,194596.0,680,38.43,31,0.608,160044.63,1,B,0,0.35,161691.76,0.019948909163412288,1128.9509814492912,2023
LN100187,Retail Term Loan,South,Healthcare,106432.0,758,29.43,20,0.121,75568.64,0,A,0,0.5986,78152.73,0.00620513296018732,290.28992119777996,2022
LN100188,Credit Card,North,Services,290412.0,615,40.02,24,0.0,104874.42,0,D,0,0.8771,124739.84,0.03489393440838233,3817.7214146577444,2025
LN100189,Retail Term Loan,Central,Technology,48775.0,687,6.25,35,0.069,153618.58,0,B,0,0.65,165780.62,0.0059519105239217345,641.3624209461755,2023
LN100190,SME Loan,North,Other,28434.0,653,59.35,37,1.262,114256.52,1,C,0,0.05,119842.05,0.041842656346911686,250.72548570297042,2026
LN100191,Retail Term Loan,East,Other,75298.0,610,35.57,54,0.087,211322.52,0,D,0,0.8019,228101.59,0.03116959608343825,5701.376226441981,2025
LN100192,Retail Term Loan,North,Technology,64459.0,686,60.4,44,0.028,132270.11,0,B,0,0.6558,139627.82,0.033518003168734226,3069.1739787188244,2023
LN100193,Credit Card,West,Services,107448.0,803,20.7,56,0.243,86773.67,4,AA,0,0.9224,96543.81,0.008406924001362464,748.653483130552,2023
LN100194,Retail Term Loan,Central,Technology,135463.0,635,17.47,58,0.228,216482.17,0,D,0,0.5317,218421.97,0.013444782186195115,1561.4092608839715,2025
LN100195,Retail Term Loan,West,Healthcare,71484.0,682,36.76,64,0.184,250898.59,0,B,0,0.3989,264777.21,0.015967416237424547,1686.4725801871084,2026
LN100196,Auto Loan,West,Technology,65700.0,605,36.71,6,1.386,127588.37,0,D,0,0.05,128797.65,0.024426978130239935,157.3068689888149,2024
LN100197,SME Loan,Central,Retail,99981.0,595,36.4,23,1.563,305749.73,0,D,1,0.05,309331.54,0.025428333241977737,393.2892740687083,2022
LN100198,Retail Term Loan,Central,Retail,65138.0,639,34.42,60,0.157,101766.67,3,D,0,0.9053,102396.49,0.04821867147483792,4469.848780708752,2025
LN100199,Retail Term Loan,Central,Technology,62209.0,661,23.83,53,0.369,109720.61,0,C,0,0.4455,115195.68,0.012369952553545855,634.8219502561725,2024
LN100200,Credit Card,South,Manufacturing,132676.0,664,12.69,69,0.209,120368.39,2,C,0,0.9121,129468.15,0.01479900163661865,1747.5830196672437,2025
LN100201,SME Loan,East,Other,149960.0,675,35.68,14,1.536,109577.71,1,C,0,0.05,112122.83,0.015157697699646606,84.97619811844338,2024
LN100202,Auto Loan,Central,Manufacturing,136138.0,583,15.33,38,1.158,96554.83,0,D,0,0.05,103471.36,0.016289936718588076,84.27709532931229,2024
LN100203,Retail Term Loan,South,Other,68372.0,649,14.1,41,0.108,72754.51,0,C,0,0.548,78129.08,0.010897060478571956,466.55476582256233,2024
LN100204,Retail Term Loan,West,Manufacturing,23118.0,723,27.05,52,0.05,59835.94,0,A,0,0.5949,63688.74,0.008202914600604853,310.79556733835113,2025
LN100205,Retail Term Loan,North,Technology,69129.0,602,37.6,49,0.318,129674.12,2,D,0,0.6553,136168.9,0.05587741085123945,4986.024078323316,2024
LN100206,Retail Term Loan,Central,Retail,49432.0,667,57.84,58,0.0,277641.35,0,C,0,0.5616,290917.94,0.03724255036152155,6084.66981930169,2024
LN100207,Credit Card,West,Technology,69835.0,709,44.73,45,0.241,212179.54,5,B,0,0.98,266898.25,0.05597487372710789,14640.803924901351,2023
LN100208,Retail Term Loan,West,Retail,51852.0,639,50.63,78,0.208,157456.78,0,D,0,0.603,163205.39,0.036756028398040576,3617.2655155806324,2022
LN100209,Auto Loan,Central,Other,74149.0,712,40.5,85,1.281,287697.62,0,B,0,0.05,290946.38,0.01019790607830278,148.35219285310953,2023
LN100210,Credit Card,South,Manufacturing,42347.0,591,36.77,23,0.264,121627.72,5,D,0,0.98,149485.6,0.12529603807723672,18355.354361006604,2025
LN100211,Auto Loan,East,Other,37081.0,748,64.58,49,0.738,60058.71,0,A,0,0.2973,62890.29,0.017780692854794108,332.4506501005737,2026
LN100212,Retail Term Loan,Central,Healthcare,146932.0,714,14.8,66,0.018,93960.96,0,B,0,0.8528,96818.36,0.006106130024092248,504.1629900331284,2025
LN100213,Credit Card,North,Healthcare,43999.0,694,26.63,61,0.186,115011.17,1,B,0,0.7546,130008.58,0.01339542072173109,1314.1507101831858,2024
LN100214,Credit Card,Central,Manufacturing,75014.0,763,27.64,39,0.068,83830.42,0,AA,0,0.5905,97022.91,0.00566204704037624,324.39015958457935,2025
LN100215,Credit Card,South,Manufacturing,126782.0,669,43.62,54,0.13,183926.97,0,C,0,0.8175,211498.79,0.022726039302294415,3929.3381228859057,2023
LN100216,Retail Term Loan,East,Retail,124009.0,650,19.28,13,0.099,230988.84,0,C,0,0.7854,245736.33,0.012747614139437254,2460.3062739478664,2022
LN100217,Retail Term Loan,East,Services,116124.0,779,41.92,48,0.062,35694.81,5,AA,0,0.98,37756.7,0.027996911671930576,1035.9295750251094,2023
LN100218,SME Loan,West,Healthcare,88594.0,810,39.54,16,1.269,108382.82,4,AA,0,0.1522,114855.21,0.010996251764008492,192.22506980745965,2025
LN100219,Auto Loan,Central,Other,111686.0,645,42.57,59,1.645,15725.85,2,C,0,0.05,16587.06,0.03145446231013147,26.08685268029447,2024
LN100220,Retail Term Loan,South,Retail,159603.0,683,42.34,23,0.182,112549.18,0,B,0,0.6453,120599.3,0.0188656086770436,1468.1731380990304,2023
LN100221,Auto Loan,North,Healthcare,94751.0,758,52.0,52,1.547,111671.95,0,A,0,0.05,113300.28,0.008827692214771662,50.00899998437248,2024
LN100222,Credit Card,East,Manufacturing,27304.0,685,31.36,55,0.114,416063.8,0,B,0,0.5896,450696.53,0.0133180910256221,3539.025305803904,2026
LN100223,SME Loan,West,Healthcare,56081.0,729,38.89,50,1.518,337265.88,0,A,0,0.05,353910.78,0.007745341162363028,137.0579866069003,2024
LN100224,Retail Term Loan,West,Manufacturing,110001.0,741,22.42,34,0.076,230473.78,1,A,0,0.7637,248574.98,0.007681254743821572,1458.1841463374533,2024
LN100225,SME Loan,West,Healthcare,53122.0,653,19.46,43,0.926,61293.55,0,C,0,0.05,63071.53,0.01008484496059046,31.803330073861503,2024
LN100226,Retail Term Loan,South,Retail,182828.0,717,54.94,74,0.321,58864.39,0,B,0,0.265,60167.75,0.01959494245223579,312.43065366358513,2022
LN100227,Auto Loan,Central,Retail,72439.0,690,21.44,39,1.207,55715.26,0,B,0,0.05,55978.73,0.0070044570915984185,19.60503061635866,2023
LN100228,Credit Card,North,Services,78600.0,611,40.34,48,0.094,349367.33,1,D,0,0.7528,390124.58,0.04600635405515934,13511.412151573933,2024
LN100229,Retail Term Loan,North,Retail,139226.0,626,38.9,36,0.0,63445.57,0,D,0,0.7462,64732.11,0.03040103759498185,1468.464373707468,2024
LN100230,Retail Term Loan,North,Other,67824.0,648,47.27,70,0.0,91614.79,0,C,0,0.6416,92429.95,0.032071846493108284,1901.958506038456,2026
LN100231,Auto Loan,Central,Healthcare,82636.0,750,10.44,50,0.847,63921.39,3,A,1,0.1512,68507.15,0.006658649840443475,68.97216666061065,2023
LN100232,SME Loan,North,Retail,122978.0,752,43.59,31,1.136,49738.09,0,A,0,0.05,53444.47,0.007952332324207178,21.25040931655604,2023
LN100233,Auto Loan,West,Services,33373.0,739,31.25,48,0.746,151460.24,2,A,0,0.2838,158018.9,0.011333630825924368,508.2653312424757,2024
LN100234,SME Loan,Central,Technology,64108.0,719,24.2,43,0.935,133597.57,0,B,0,0.05,136497.45,0.0062038972079377286,42.340807447280994,2023
LN100235,Credit Card,West,Healthcare,118335.0,717,28.74,79,0.183,25287.26,0,B,0,0.7667,29211.14,0.008861987332447231,198.4746726539509,2024
LN100236,Auto Loan,Central,Services,77755.0,708,45.48,47,1.023,48237.54,0,B,0,0.05,48666.77,0.013252543124310824,32.247923407295815,2025
LN100237,Credit Card,North,Healthcare,168094.0,716,41.51,18,0.301,143469.64,0,B,0,0.3158,170747.22,0.013016397448666202,701.8698197570967,2025
LN100238,Retail Term Loan,East,Other,31523.0,721,30.34,59,0.13,114084.8,1,A,0,0.6448,118462.23,0.011803178240263524,901.5792297886791,2022
LN100239,Retail Term Loan,East,Other,29606.0,599,17.19,87,0.179,90634.92,0,D,0,0.6787,96754.05,0.01901800473317064,1248.8548173052222,2025
LN100240,Credit Card,West,Technology,114528.0,639,18.11,74,0.084,183362.74,0,D,0,0.8436,225251.37,0.013698864977551461,2603.086484229427,2024
LN100241,Credit Card,West,Services,120745.0,623,41.79,24,0.181,43700.9,0,D,0,0.5245,53249.03,0.03268991153649357,913.0003390145962,2022
LN100242,Retail Term Loan,East,Services,67437.0,762,15.39,42,0.358,79122.52,2,AA,0,0.7862,81230.66,0.006061823562576423,387.1295412159828,2026
LN100243,Auto Loan,South,Healthcare,93476.0,798,30.46,47,0.779,172451.8,0,AA,0,0.2288,173223.33,0.003681687640126479,145.9181593681355,2026
LN100244,Credit Card,North,Retail,112996.0,549,66.85,48,0.038,76171.34,0,E,0,0.6934,96854.91,0.13822951358746605,9283.3828016546,2024
LN100245,SME Loan,East,Manufacturing,47936.0,792,37.97,56,1.399,149347.3,5,AA,0,0.05,150173.6,0.015590760032537971,117.06602804111722,2025
LN100246,Credit Card,South,Healthcare,50842.0,696,41.65,40,0.117,53792.33,0,B,0,0.6947,65448.01,0.016583216470657906,753.9846680404083,2025
LN100247,Auto Loan,East,Manufacturing,83249.0,756,18.21,28,1.22,67410.25,1,A,0,0.05,69055.91,0.004332803229438992,14.960283492992419,2026
LN100248,Auto Loan,West,Other,123314.0,723,16.05,69,1.07,34465.31,0,A,0,0.05,34943.77,0.004445946229758889,7.767906124253089,2023
LN100249,Auto Loan,East,Retail,39496.0,784,42.35,23,0.774,28431.66,0,AA,0,0.2254,29350.43,0.006165877817945106,40.79090065504754,2023
LN100250,Credit Card,East,Retail,67263.0,704,28.33,30,0.306,85998.4,0,B,0,0.5446,93255.72,0.009602650065676616,487.69041413326937,2025
LN100251,SME Loan,North,Manufacturing,65573.0,601,47.26,23,1.405,164433.88,2,D,0,0.05,164815.22,0.05794451984563602,477.5069393076434,2022
LN100252,Auto Loan,West,Services,94383.0,683,33.86,61,0.557,110734.19,1,B,0,0.3052,117514.17,0.017009233104851928,610.0416679313558,2025
LN100253,Retail Term Loan,East,Other,74642.0,724,78.23,50,0.184,270342.9,0,A,0,0.2643,287145.23,0.03922740964318717,2977.0655700437487,2023
LN100254,Retail Term Loan,North,Technology,55548.0,676,25.86,67,0.215,91152.34,1,C,0,0.6667,93948.31,0.01541087098040251,965.2651170007138,2025
LN100255,Credit Card,South,Other,149038.0,733,37.06,31,0.287,27204.83,1,A,0,0.4715,32908.22,0.012507014248478679,194.0616562877215,2023
LN100256,Credit Card,West,Other,55751.0,686,21.68,20,0.174,152692.75,0,B,0,0.6387,184609.11,0.009557864076148876,1126.966210168464,2025
LN100257,Retail Term Loan,Central,Manufacturing,63869.0,651,46.72,38,0.15,56402.98,0,C,0,0.7888,59775.75,0.029522342574882395,1392.011269441711,2022
LN100258,Retail Term Loan,East,Retail,31255.0,619,39.03,44,0.051,131053.84,0,D,0,0.4382,135698.4,0.032183163241744056,1913.7086871252134,2022
LN100259,Auto Loan,Central,Other,50653.0,665,20.8,53,1.083,24231.52,0,C,0,0.05,24894.31,0.009009271580128913,11.213979979495951,2022
LN100260,Retail Term Loan,North,Retail,99617.0,703,29.18,11,0.066,98983.92,1,B,0,0.6826,101267.14,0.013737683216186295,949.6166621926236,2025
LN100261,Credit Card,South,Technology,89462.0,563,51.13,59,0.062,196247.39,0,E,0,0.6729,219358.06,0.07756215420688851,11448.642325744524,2023
LN100262,Retail Term Loan,Central,Technology,104295.0,639,49.57,28,0.169,180156.83,2,D,0,0.6687,189707.91,0.05934203908456329,7527.9933701406135,2024
LN100263,Retail Term Loan,North,Healthcare,101548.0,560,14.91,34,0.304,100682.54,1,E,0,0.6086,100921.44,0.03206475161298696,1969.442323406795,2026
LN100264,SME Loan,West,Other,236449.0,650,27.24,74,1.738,115764.69,1,C,0,0.05,124142.96,0.014000269428695766,86.90174438379007,2023
LN100265,Retail Term Loan,South,Other,49708.0,768,56.98,6,0.146,84729.29,1,AA,0,0.8098,86454.01,0.017415327166904318,1219.255018949254,2023
LN100266,Retail Term Loan,South,Technology,30778.0,613,31.13,55,0.052,97386.0,4,D,0,0.8252,101134.59,0.07271432026625456,6068.465484579937,2025
LN100267,Retail Term Loan,East,Technology,42085.0,736,35.68,55,0.302,186090.56,0,A,0,0.4638,191907.39,0.008929783576709946,794.8100989027753,2023
LN100268,Retail Term Loan,South,Retail,50931.0,850,46.65,30,0.144,70992.21,1,AA,0,0.4704,76381.25,0.005720497770012827,205.53599754714065,2025
LN100269,Retail Term Loan,Central,Manufacturing,43887.0,784,15.98,38,0.121,76032.66,1,AA,0,0.7949,77056.83,0.004086511662136849,250.3089500181816,2024
LN100270,Retail Term Loan,Central,Healthcare,78965.0,699,21.08,75,0.206,39718.12,0,B,0,0.4958,40878.54,0.00820932816380483,166.3832163897988,2026
LN100271,Retail Term Loan,East,Manufacturing,149373.0,746,29.09,91,0.105,188704.09,0,A,0,0.8178,198693.69,0.0069181669773255485,1124.1447108295126,2023
LN100272,Retail Term Loan,East,Healthcare,174915.0,601,48.96,71,0.075,95927.1,0,D,0,0.6852,98095.47,0.05131818202431676,3449.3524281133637,2024
LN100273,Auto Loan,North,Retail,98974.0,588,46.56,89,1.556,49572.31,0,D,0,0.05,51732.24,0.03730002421096,96.48069022435966,2026
LN100274,Credit Card,South,Healthcare,243517.0,692,42.66,33,0.084,213393.15,0,B,0,0.7752,262631.96,0.01793369095185306,3651.161305738506,2025
LN100275,Auto Loan,North,Other,61651.0,716,31.49,13,1.491,111805.52,0,B,0,0.05,119874.84,0.006983269267618314,41.85591430663313,2023
LN100276,Retail Term Loan,Central,Technology,30557.0,761,47.98,47,0.026,68698.9,0,AA,0,0.6293,73307.15,0.011141208459351353,513.9683398500936,2022
LN100277,Auto Loan,South,Technology,133852.0,653,31.32,66,1.253,215760.87,0,C,0,0.05,217904.92,0.013508697047896142,147.18057747630226,2024
LN100278,SME Loan,South,Retail,27283.0,703,40.81,7,1.682,90951.9,0,B,0,0.05,96256.76,0.01013258752315764,48.766502269778975,2024
LN100279,SME Loan,Central,Retail,49513.0,700,45.16,28,1.308,38504.74,1,B,0,0.05,38693.24,0.017068542817661417,33.02186118470247,2023
LN100280,Retail Term Loan,West,Manufacturing,99838.0,681,55.36,30,0.239,225945.79,0,B,0,0.5459,242622.71,0.028491001405959865,3773.5686721662023,2025
LN100281,Retail Term Loan,West,Manufacturing,70893.0,685,32.57,56,0.181,64156.53,0,B,0,0.5636,64772.36,0.013603355169784672,496.6000313342407,2023
LN100282,Retail Term Loan,North,Healthcare,67523.0,634,28.59,53,0.118,956692.62,0,D,0,0.7826,984158.67,0.019821375575269338,15266.474510929185,2026
LN100283,Retail Term Loan,East,Other,39176.0,708,50.14,31,0.027,84552.34,0,B,0,0.8834,90353.19,0.01977374765786911,1578.3011496553702,2025
LN100284,Auto Loan,East,Manufacturing,74556.0,703,51.13,52,0.949,28177.31,0,B,0,0.1385,28643.66,0.016931466953158284,67.169616804989,2025
LN100285,Auto Loan,South,Services,130256.0,661,26.24,23,0.92,394425.53,1,C,0,0.4928,423709.73,0.015040885346775997,3140.5993544431544,2025
LN100286,Retail Term Loan,West,Technology,75828.0,733,18.93,39,0.151,111047.07,0,A,0,0.636,116973.82,0.005605629533873075,417.0327684521221,2022
LN100287,Auto Loan,Central,Healthcare,47506.0,757,49.15,20,1.157,138176.53,0,A,0,0.05,143424.65,0.008996311934254937,64.51464452306686,2024
LN100288,Auto Loan,South,Healthcare,37763.0,734,11.96,45,0.667,150905.3,0,A,0,0.2678,152384.13,0.0038922321623362875,158.83603948422677,2026
LN100289,Retail Term Loan,South,Healthcare,48049.0,622,11.29,30,0.242,44565.66,4,D,0,0.829,46907.05,0.0349539009860014,1359.2154520524507,2026
LN100290,Credit Card,South,Manufacturing,93063.0,696,29.81,63,0.135,25348.89,3,B,0,0.98,27575.44,0.024675919434345075,666.8403490904842,2023
LN100291,Retail Term Loan,Central,Services,90601.0,631,33.33,47,0.0,453526.52,1,D,0,0.7672,468848.73,0.0314892938474992,11326.722477126354,2026
LN100292,SME Loan,North,Retail,48289.0,696,18.22,43,0.514,38670.57,0,B,0,0.5179,39918.92,0.007128723840992843,147.37929848046429,2024
LN100293,Retail Term Loan,Central,Manufacturing,22233.0,631,34.88,87,0.163,363599.48,0,D,0,0.6984,380737.07,0.024557787330320397,6530.08189969039,2025
LN100294,Credit Card,West,Retail,94490.0,773,35.46,56,0.258,166997.07,0,AA,0,0.3293,197110.91,0.006283402473908617,407.84700021869514,2026
LN100295,SME Loan,East,Retail,45776.0,741,25.75,40,1.282,130595.15,0,A,0,0.05,137732.97,0.004823271482535795,33.21617532029791,2023
LN100296,SME Loan,East,Other,109560.0,765,58.44,35,1.159,83242.34,0,AA,0,0.05,86146.82,0.011183591644363134,48.171542817022754,2023
LN100297,Credit Card,Central,Services,49483.0,758,37.59,22,0.091,581562.71,0,A,0,0.3925,707906.39,0.00810796303877534,2252.8239466754058,2024
LN100298,Credit Card,West,Other,43560.0,672,46.67,47,0.306,71136.14,3,C,1,0.8493,90838.48,0.04982958449895354,3844.3086470785847,2025
LN100299,Credit Card,South,Healthcare,81592.0,662,13.07,55,0.3,72540.93,1,C,0,0.6838,83610.88,0.011503119687686643,657.6692393336723,2024
LN100300,Credit Card,North,Healthcare,274300.0,803,12.96,6,0.082,185060.49,5,AA,0,0.98,228283.61,0.00889356609831387,1989.6502672027707,2025
LN100301,Retail Term Loan,West,Healthcare,113234.0,679,37.98,18,0.0,72137.35,2,C,0,0.915,77825.24,0.029923599859636597,2130.8623767772688,2026
LN100302,Auto Loan,North,Other,80835.0,602,56.11,37,1.378,56919.14,0,D,0,0.05,61440.69,0.04590526415889138,141.02255522772782,2022
LN100303,Auto Loan,North,Services,91364.0,755,18.87,24,0.91,111003.63,0,A,0,0.05,113717.34,0.003722742040157215,21.167016115642586,2026
LN100304,SME Loan,Central,Retail,28628.0,699,33.86,49,1.53,187097.83,2,B,0,0.05,192235.65,0.014774491142658597,142.00919541141093,2023
LN100305,Auto Loan,East,Technology,40455.0,788,15.94,52,1.113,430965.65,0,AA,0,0.05,431178.65,0.0023390257322013007,50.42689787629092,2026
LN100306,Auto Loan,West,Other,18849.0,706,22.66,45,1.16,497105.09,0,B,0,0.05,532410.16,0.006318540715981192,168.20276367810305,2025
LN100307,Credit Card,South,Manufacturing,194206.0,689,34.51,60,0.027,33013.72,0,B,0,0.7617,40329.08,0.014478636573019356,444.7643175671051,2025
LN100308,Retail Term Loan,North,Retail,173738.0,789,25.6,35,0.229,239924.93,0,AA,0,0.5182,245329.98,0.003961360252256315,503.6077115819692,2026
LN100309,Retail Term Loan,North,Services,93087.0,590,15.03,47,0.112,58078.63,0,D,1,0.6664,58945.89,0.0196869457364351,773.3335680004974,2022
LN100310,Auto Loan,South,Services,80786.0,652,14.74,26,1.157,60141.55,0,C,0,0.05,64423.41,0.008260882080319826,26.60970966110486,2025
LN100311,Auto Loan,North,Healthcare,31948.0,632,7.48,54,1.669,79287.02,0,D,0,0.05,81537.48,0.006969270301727916,28.412836892086695,2024
LN100312,Retail Term Loan,East,Services,66478.0,547,38.2,50,0.11,75830.29,0,E,0,0.6347,79245.49,0.06020494508003973,3028.1348959276947,2024
LN100313,Auto Loan,South,Healthcare,201000.0,747,39.77,22,1.571,54708.11,1,A,0,0.05,55399.85,0.008582325666728641,23.772977729395834,2024
LN100314,Auto Loan,East,Other,80622.0,654,39.7,45,1.21,22716.7,0,C,0,0.05,23036.58,0.017624054459221557,20.29989702371071,2025
LN100315,Retail Term Loan,East,Healthcare,54978.0,749,20.18,47,0.261,318572.34,1,A,0,0.6851,328453.34,0.006315610214206951,1421.1599775880557,2025
LN100316,Auto Loan,South,Services,28518.0,715,45.08,54,1.727,217086.02,4,B,0,0.05,221438.88,0.02876274254188463,318.4594747101643,2025
LN100317,Credit Card,East,Manufacturing,160237.0,729,41.19,55,0.131,114437.01,0,A,0,0.8583,121825.88,0.011882680208383713,1242.4905063502927,2023
LN100318,Retail Term Loan,North,Retail,72164.0,660,32.09,32,0.093,58810.04,0,C,0,0.98,60726.99,0.017392230183115302,1035.0542326395862,2024
LN100319,SME Loan,South,Technology,28539.0,640,29.96,65,0.773,274862.05,0,C,0,0.05,279465.18,0.016553921860848673,231.3122376274005,2026
LN100320,SME Loan,Central,Healthcare,45112.0,696,23.56,60,1.53,110745.12,0,B,0,0.05,119110.58,0.006510522113423471,38.773603251634775,2025
LN100321,Auto Loan,Central,Retail,37145.0,750,34.5,32,1.601,77409.09,2,A,0,0.05,81024.57,0.009085988201050315,36.80941435075877,2024
LN100322,Retail Term Loan,East,Services,69758.0,687,53.02,23,0.272,36627.66,0,B,0,0.4769,36755.6,0.02482062209001732,435.0743712424788,2023
LN100323,Auto Loan,Central,Other,84059.0,644,46.79,34,0.855,168768.02,2,C,0,0.223,171741.68,0.04401921650403657,1685.8653254151936,2025
LN100324,Credit Card,East,Other,56867.0,612,28.67,16,0.225,91625.93,0,D,0,0.7246,106396.57,0.023824710441548325,1836.764970373458,2023
LN100325,Credit Card,North,Technology,114992.0,703,39.0,53,0.102,139020.08,2,B,0,0.7588,150813.36,0.02401195253030014,2747.860075464344,2026
LN100326,Credit Card,Central,Healthcare,78322.0,654,17.68,74,0.082,130303.12,0,C,0,0.5458,156998.13,0.011713367079750698,1003.7134978828286,2024
LN100327,Auto Loan,East,Other,134526.0,685,41.49,79,1.003,180698.04,0,B,0,0.05,191866.73,0.014626888738347386,140.32066561502694,2025
LN100328,Credit Card,West,Retail,61623.0,674,21.2,24,0.178,134845.66,4,C,0,0.7949,156595.6,0.02966568034640072,3692.7198840346737,2023
LN100329,Retail Term Loan,West,Manufacturing,400381.0,661,40.97,65,0.182,93560.92,0,C,0,0.4806,96228.55,0.022266484611726117,1029.7679362528545,2023
LN100330,Credit Card,South,Technology,54983.0,709,70.6,50,0.141,170779.87,0,B,0,0.7345,216701.9,0.03603488942653055,5735.584904186515,2023
LN100331,Retail Term Loan,West,Retail,45634.0,726,24.59,6,0.229,225378.42,1,A,0,0.6602,226047.01,0.009140121605662898,1364.0373450296875,2024
LN100332,Credit Card,East,Healthcare,42650.0,818,70.0,41,0.214,341954.95,0,AA,0,0.5279,395564.38,0.012362057278373426,2581.425469109491,2025
LN100333,SME Loan,South,Healthcare,66784.0,739,38.38,38,1.033,52871.45,3,A,0,0.05,54607.53,0.017110349628691863,46.71769653296399,2024
LN100334,Retail Term Loan,South,Retail,29129.0,794,22.25,75,0.124,252343.63,0,AA,0,0.6782,252371.23,0.003484580875041848,596.4144794681317,2025
LN100335,Credit Card,West,Retail,88190.0,637,21.66,29,0.251,38121.35,0,D,0,0.6197,42540.48,0.014970288373275494,394.6517639693452,2023
LN100336,Retail Term Loan,South,Retail,26300.0,586,62.74,60,0.048,235689.14,0,D,0,0.9091,235832.38,0.08924405151253038,19133.497759466663,2026
LN100337,Credit Card,North,Technology,81974.0,689,38.41,46,0.0,76633.21,0,B,0,0.6452,94319.81,0.016488377256299133,1003.4025295864883,2025
LN100338,Retail Term Loan,Central,Technology,35670.0,746,24.64,16,0.136,208835.91,0,A,0,0.6133,212363.58,0.0059561715846547575,775.747175633728,2024
LN100339,SME Loan,South,Technology,60811.0,736,29.36,36,0.929,329421.16,0,A,0,0.0925,346909.84,0.006218068561504426,199.53259820469907,2024
LN100340,Retail Term Loan,West,Technology,104583.0,769,37.6,82,0.104,136048.24,0,AA,0,0.5723,145757.79,0.007272351479802077,606.639075809071,2024
LN100341,SME Loan,West,Other,266323.0,525,31.89,44,1.548,116088.3,0,E,0,0.05,124349.77,0.04275033255004716,265.7997010010939,2025
LN100342,Credit Card,Central,Services,41454.0,771,36.5,68,0.334,112012.73,1,AA,0,0.7348,125720.14,0.008433012060731344,779.0345609277929,2023
LN100343,Auto Loan,West,Services,69049.0,712,55.06,67,0.88,86321.89,0,B,0,0.05,90695.77,0.017900559015455512,81.17524916685899,2025
LN100344,Credit Card,West,Healthcare,50371.0,590,17.34,38,0.112,263638.69,2,D,0,0.98,310639.94,0.03532503289828703,10753.89877802147,2025
LN100345,Credit Card,Central,Other,46482.0,737,40.38,20,0.0,111279.64,1,A,0,0.8327,138510.0,0.01438587721720495,1659.2279054887565,2026
LN100346,SME Loan,Central,Technology,50615.0,701,31.05,23,1.045,26175.34,1,B,0,0.05,27032.15,0.011573052293881711,15.642224278302727,2022
LN100347,Retail Term Loan,North,Retail,118005.0,715,25.51,80,0.082,222829.55,0,B,0,0.8794,233350.98,0.008366070979153295,1716.791819809742,2025
LN100348,Auto Loan,West,Retail,57343.0,755,45.94,51,1.379,214785.61,2,A,0,0.05,221464.33,0.013175067814985576,145.89037831751722,2024
LN100349,Retail Term Loan,North,Retail,258426.0,718,13.0,10,0.265,123677.24,0,B,0,0.6161,124596.04,0.0052064740868949175,399.6677996166281,2024
LN100350,Credit Card,Central,Manufacturing,94281.0,594,5.0,66,0.017,69112.63,5,D,0,0.98,78484.14,0.05083089361343724,3909.6305912684716,2024
LN100351,Retail Term Loan,North,Technology,43034.0,681,34.92,9,0.0,53268.37,0,B,0,0.6295,55002.55,0.015939801493118577,551.9013641633497,2024
LN100352,Auto Loan,South,Services,61301.0,585,30.2,30,1.291,69251.46,1,D,0,0.05,74075.14,0.03184760327842167,117.95578357567722,2024
LN100353,Auto Loan,North,Services,48254.0,732,14.41,50,1.534,137918.34,0,A,0,0.05,145699.86,0.0034326328974256053,25.006706629315254,2023
LN100354,Auto Loan,West,Technology,116457.0,781,9.76,103,1.581,33016.69,5,AA,0,0.05,33824.2,0.00675750348069352,11.428357461583689,2025
LN100355,Auto Loan,North,Other,30452.0,609,57.1,66,0.742,161512.5,0,D,0,0.2176,173593.42,0.051862414111858185,1959.0471065250986,2025
LN100356,Credit Card,North,Services,35872.0,646,38.02,37,0.022,126252.68,0,C,0,0.5863,149832.94,0.02436191767925754,2140.122666778761,2022
LN100357,Credit Card,East,Other,54171.0,633,32.26,49,0.233,295474.58,2,D,0,0.7372,378768.79,0.03637988551274856,10158.295477236896,2022
LN100358,Auto Loan,Central,Technology,109192.0,660,60.54,68,0.79,196048.97,0,C,0,0.0639,208974.82,0.035498832270464485,474.03333716315944,2024
LN100359,Auto Loan,East,Other,147772.0,717,45.29,79,0.913,72338.13,0,B,0,0.05,75938.55,0.01243061138561471,47.1981302118536,2025
LN100360,SME Loan,East,Retail,160258.0,661,55.0,43,1.06,36740.03,0,C,0,0.05,39501.73,0.027673918604502527,54.658383037851785,2025
LN100361,Retail Term Loan,West,Other,100372.0,732,16.66,43,0.274,67534.15,4,A,0,0.7501,69964.92,0.01448658385783578,760.2658657831474,2023
LN100362,Retail Term Loan,East,Technology,71658.0,759,16.17,30,0.037,315562.47,0,A,0,0.6543,335392.56,0.0041137819779886505,902.7585618078419,2024
LN100363,Retail Term Loan,South,Healthcare,116109.0,762,40.02,63,0.113,147458.35,0,AA,0,0.6897,149861.94,0.008381657871921223,866.3263138279157,2022
LN100364,Credit Card,East,Technology,39965.0,617,37.39,71,0.0,182295.41,1,D,0,0.7978,230344.25,0.040687289818160784,7477.0480229905725,2023
LN100365,Auto Loan,North,Retail,27192.0,780,48.25,6,0.632,77251.21,0,AA,0,0.2354,81764.41,0.008018761124038633,154.33983868481477,2023
LN100366,Credit Card,South,Technology,95358.0,785,10.8,39,0.022,168481.51,0,AA,0,0.6375,188303.23,0.002706238973106355,324.8658816147288,2025
LN100367,Credit Card,West,Other,43136.0,791,41.15,21,0.276,41403.99,2,AA,0,0.7919,53484.5,0.010628929615242456,450.18167661849606,2025
LN100368,Retail Term Loan,South,Healthcare,72354.0,680,44.86,51,0.052,230934.38,0,B,0,0.5986,231342.17,0.02171258745360668,3006.7900067623214,2023
LN100369,SME Loan,North,Manufacturing,80101.0,641,44.17,21,0.545,53447.13,0,C,0,0.2979,55698.88,0.027130428284034204,450.16695841669195,2023
LN100370,Credit Card,North,Healthcare,85966.0,626,26.71,19,0.14,30126.4,0,D,0,0.5893,36906.15,0.020046868401855867,435.99521512621186,2023
LN100371,Retail Term Loan,Central,Other,125622.0,618,38.74,73,0.163,584714.6,0,D,0,0.7603,601782.62,0.03130560166901734,14323.418664821711,2025
LN100372,Auto Loan,South,Healthcare,118526.0,691,21.92,44,1.398,131882.62,5,B,0,0.1362,139684.43,0.024573489009669637,467.511104299153,2022
LN100373,Retail Term Loan,North,Retail,83491.0,745,28.19,47,0.145,129352.01,1,A,0,0.6778,136905.84,0.008724635455227628,809.6006132698483,2025
LN100374,Retail Term Loan,West,Retail,58814.0,775,18.44,57,0.085,32411.8,2,AA,0,0.902,34834.71,0.006322668318676173,198.6639822111594,2025
LN100375,Retail Term Loan,East,Healthcare,79580.0,658,22.14,69,0.069,185542.5,2,C,0,0.98,199797.32,0.02186023628655691,4280.264292128406,2025
LN100376,SME Loan,East,Technology,54032.0,687,28.87,39,1.158,223119.06,2,B,0,0.1488,226836.34,0.015556879062908178,525.0951876577649,2023
LN100377,Auto Loan,Central,Retail,67320.0,683,25.62,39,0.522,104374.49,0,B,0,0.2812,107077.96,0.010197897888438815,307.06199273367287,2024
LN100378,Auto Loan,South,Retail,316551.0,649,22.14,39,0.789,223727.15,0,C,0,0.05,227752.01,0.011814991338846694,134.54440127774632,2023
LN100379,Credit Card,East,Retail,82905.0,738,15.11,72,0.163,272284.63,3,A,0,0.9441,304734.7,0.010329092314201573,2971.680171457417,2024
LN100380,Auto Loan,West,Manufacturing,96074.0,714,57.49,47,1.27,173382.05,0,B,0,0.05,173929.04,0.017172801300924898,149.34244221903094,2022
LN100381,SME Loan,West,Manufacturing,50880.0,699,25.49,42,0.676,26341.25,5,B,0,0.5696,27355.36,0.030540925167983297,475.8768783397676,2023
LN100382,Credit Card,South,Manufacturing,131437.0,713,36.29,57,0.091,53590.13,2,B,0,0.8744,56324.69,0.020117772437955216,990.8065076734404,2022
LN100383,Auto Loan,West,Retail,113936.0,730,9.13,88,1.397,390848.04,0,A,0,0.05,413538.68,0.003062360562552029,63.32022723609118,2025
LN100384,Auto Loan,West,Technology,114381.0,729,49.65,50,1.45,127123.73,0,A,0,0.05,132870.71,0.01109264551609967,73.69438427512398,2025
LN100385,SME Loan,North,Retail,84409.0,635,34.17,42,1.026,127524.45,0,D,0,0.05,130073.09,0.018589516427462812,120.89979216629244,2026
LN100386,Credit Card,North,Other,132462.0,748,26.23,91,0.142,67042.88,2,A,0,0.7348,71054.33,0.010347091748142119,540.2291275010612,2025
LN100387,SME Loan,West,Services,150945.0,707,26.34,77,1.472,76804.23,4,B,0,0.05,77310.77,0.01839792482705408,71.1178867390834,2026
LN100388,Retail Term Loan,North,Retail,87636.0,662,43.3,74,0.298,276537.55,0,C,0,0.5439,278367.89,0.02304228542030784,3488.700987799176,2024
LN100389,SME Loan,Central,Services,70418.0,705,5.0,37,1.417,342551.56,0,B,0,0.05,363494.57,0.0033989451635815,61.77490553448185,2025
LN100390,Credit Card,North,Services,122671.0,712,21.29,35,0.137,209670.66,0,B,0,0.8379,253337.7,0.007423719138494345,1575.845176216213,2023
LN100391,Retail Term Loan,Central,Technology,45614.0,760,30.45,8,0.0,176547.86,0,AA,0,0.9345,188506.44,0.006486286184696267,1142.6194275021387,2024
LN100392,Auto Loan,West,Services,50532.0,622,30.3,69,1.232,186070.75,0,D,0,0.05,200019.58,0.01767512396003659,176.76854354672278,2024
LN100393,Credit Card,East,Services,72833.0,776,64.57,50,0.148,114231.87,5,AA,0,0.98,147877.07,0.05656176806863135,8196.904765288587,2025
LN100394,Retail Term Loan,South,Healthcare,28782.0,692,27.61,8,0.152,51672.7,0,B,0,0.8255,53143.08,0.010953332093806674,480.51843497724576,2025
LN100395,Auto Loan,South,Healthcare,118234.0,657,44.87,74,0.691,44417.5,1,C,0,0.4755,45261.64,0.029696938545004974,639.1348332956791,2025
LN100396,Credit Card,West,Services,44163.0,655,55.55,41,0.092,301216.25,2,C,0,0.8291,354949.04,0.06258278190075872,18417.37730712847,2023
LN100397,Retail Term Loan,West,Manufacturing,57868.0,625,40.72,43,0.4,117265.97,2,D,0,0.4341,119482.81,0.04874969561938192,2528.524243815749,2026
LN100398,Auto Loan,South,Services,66699.0,577,23.24,15,1.291,167576.58,0,E,0,0.05,176172.42,0.021385896955648694,188.38026102736316,2023
LN100399,Auto Loan,East,Technology,76638.0,734,15.3,59,1.347,139076.16,0,A,0,0.05,144455.36,0.003634996103146456,26.254733533930917,2022
LN100400,Retail Term Loan,Central,Other,62083.0,819,41.69,59,0.036,144104.01,0,AA,0,0.6734,154584.39,0.005209350437503491,542.2784204669701,2024
LN100401,SME Loan,South,Manufacturing,72272.0,585,53.39,47,1.173,152773.2,0,D,0,0.05,154393.53,0.0519699996942698,401.1915853448618,2022
LN100402,Credit Card,West,Manufacturing,72580.0,628,39.1,39,0.138,195522.06,0,D,0,0.6966,237347.55,0.02899998636218332,4794.750541743804,2025
LN100403,Retail Term Loan,North,Technology,58652.0,739,48.03,106,0.195,70119.69,0,A,0,0.6189,73416.98,0.01319246047267562,599.4359704700537,2023
LN100404,SME Loan,Central,Other,49020.0,687,65.7,22,1.054,274562.02,1,B,0,0.05,290829.41,0.039047572129191487,567.8091182132601,2025
LN100405,SME Loan,North,Technology,135952.0,744,42.89,32,1.306,71598.82,0,A,0,0.05,74281.25,0.008040626491503245,29.863389328598775,2026
LN100406,Retail Term Loan,South,Other,23572.0,683,17.69,64,0.082,141899.0,0,B,0,0.6373,142298.32,0.008872562417076662,804.6235777085731,2025
LN100407,Credit Card,East,Technology,66977.0,652,32.66,26,0.0,52425.75,0,C,0,0.6631,60297.97,0.019562735397143337,782.1882722021196,2025
LN100408,Retail Term Loan,South,Manufacturing,57951.0,675,49.81,24,0.111,106788.49,0,C,0,0.6329,108594.77,0.026185751029515942,1799.7369777763047,2024
LN100409,SME Loan,North,Retail,94427.0,535,28.77,73,1.204,75611.63,0,E,0,0.05,77477.88,0.03854169719875455,149.30644952807208,2022
LN100410,Credit Card,West,Healthcare,33704.0,616,51.57,61,0.036,122051.37,0,D,0,0.7743,142129.79,0.048865268128759416,5377.676333303355,2024
LN100411,Credit Card,North,Technology,56975.0,752,31.13,59,0.295,200792.59,0,A,0,0.6013,226033.02,0.006636696331319397,902.0176550235947,2024
LN100412,Retail Term Loan,Central,Services,70894.0,767,36.35,52,0.248,126561.55,0,AA,0,0.6017,135905.21,0.006865951851100828,561.4574785721435,2024
LN100413,SME Loan,North,Services,135102.0,781,27.44,33,1.132,473472.04,0,AA,0,0.05,479049.2,0.0035970155764839724,86.15737171510929,2025
LN100414,Retail Term Loan,South,Technology,90034.0,719,34.07,42,0.165,209481.49,0,B,0,0.7071,215990.67,0.010344396765971622,1579.8687133960498,2024
LN100415,Retail Term Loan,Central,Retail,39117.0,543,34.76,46,0.068,102265.71,0,E,0,0.5656,104605.14,0.05686134030971312,3364.18227506034,2026
LN100416,Retail Term Loan,North,Technology,57362.0,649,11.09,67,0.187,112980.79,0,C,0,0.7155,114022.91,0.009706267321762782,791.8702127873214,2025
LN100417,Credit Card,North,Retail,122097.0,776,26.26,57,0.07,156323.18,1,AA,0,0.7682,178331.54,0.006208078649873196,850.4713208692847,2025
LN100418,Retail Term Loan,West,Retail,38747.0,795,15.97,28,0.096,196471.67,0,AA,0,0.5709,208982.32,0.002843917344177484,339.302108950463,2026
LN100419,SME Loan,North,Technology,71825.0,779,26.71,65,1.661,50585.01,0,AA,0,0.05,51697.95,0.003126283299620707,8.081121885481316,2024
LN100420,Credit Card,Central,Manufacturing,74625.0,675,21.66,11,0.232,187382.05,0,C,0,0.7815,205685.87,0.010458296645143647,1681.1032842223347,2026
LN100421,Retail Term Loan,East,Retail,60661.0,605,45.15,41,0.301,51512.66,0,D,0,0.4872,55336.96,0.04163277667509407,1122.4266081705564,2024
LN100422,Retail Term Loan,Central,Retail,330350.0,687,45.3,23,0.128,175105.14,0,B,0,0.7333,184160.6,0.02020801950535082,2728.991347039317,2023
LN100423,Retail Term Loan,South,Healthcare,59769.0,691,39.28,29,0.004,259189.56,0,B,0,0.905,265065.34,0.0166101933521754,3984.521826265902,2025
LN100424,Credit Card,North,Healthcare,96049.0,792,15.52,90,0.242,148013.58,1,AA,0,0.6247,177656.5,0.0036133800296128823,401.02019863455644,2025
LN100425,Credit Card,Central,Retail,49206.0,705,30.72,16,0.243,23558.11,1,B,0,0.8009,29822.66,0.013526057723114446,323.06946121200815,2024
LN100426,Retail Term Loan,West,Services,100258.0,691,14.49,30,0.213,34461.53,0,B,0,0.5461,37152.33,0.007175800834918564,145.58901523777416,2025
LN100427,Credit Card,Central,Services,121076.0,695,30.09,59,0.076,177930.62,0,B,0,0.5133,227704.44,0.011739273945691108,1372.0944277425676,2026
LN100428,Retail Term Loan,South,Services,54277.0,716,40.42,38,0.043,21538.86,1,B,0,0.7785,21754.22,0.017405761469231902,294.77806298356757,2022
LN100429,Credit Card,East,Services,72777.0,731,44.9,51,0.204,183902.48,1,A,0,0.711,203671.03,0.016680707795517155,2415.535002805668,2025
LN100430,SME Loan,East,Healthcare,45837.0,643,38.15,79,0.552,239097.18,4,C,0,0.7167,247759.67,0.060625660336059935,10765.259431969194,2024
LN100431,Credit Card,East,Manufacturing,39967.0,621,48.36,62,0.119,265633.22,0,D,0,0.5426,334189.09,0.0414314584170169,7512.807795911052,2026
LN100432,Credit Card,South,Manufacturing,132652.0,779,35.38,38,0.441,101337.76,0,AA,0,0.4253,107845.84,0.005643872636130475,258.8665792066037,2023
LN100433,Credit Card,South,Technology,55301.0,583,28.96,45,0.363,163113.39,0,D,0,0.5083,204923.22,0.03052158438413279,3179.2037009665387,2025
LN100434,Retail Term Loan,West,Services,19886.0,796,43.36,60,0.229,138894.69,0,AA,0,0.6738,140172.28,0.006524937317125575,616.2678164953197,2025
LN100435,Retail Term Loan,North,Healthcare,198033.0,566,43.78,62,0.084,42798.77,0,E,0,0.7886,44697.76,0.060292947343628715,2125.24521157986,2023
LN100436,Retail Term Loan,South,Healthcare,48247.0,652,25.19,48,0.078,202148.96,1,C,0,0.679,214048.16,0.01963303416330215,2853.4396749150646,2026
LN100437,Auto Loan,South,Healthcare,65496.0,753,36.93,56,1.171,317610.4,0,A,0,0.05,342468.81,0.006314462881887339,108.1253294474564,2024
LN100438,Credit Card,North,Retail,184932.0,690,28.17,56,0.3,194429.99,0,B,0,0.4376,244627.29,0.01094343501878017,1171.4827040068838,2022
LN100439,Credit Card,North,Retail,69375.0,604,5.89,46,0.099,84396.94,0,D,0,0.5926,105421.9,0.012954827924220735,809.3271973194549,2025
LN100440,SME Loan,East,Retail,68556.0,718,37.72,35,1.144,201432.94,0,B,0,0.05,202221.4,0.009128496678786674,92.29886891397959,2022
LN100441,Retail Term Loan,North,Services,38168.0,694,15.17,64,0.159,297624.84,0,B,0,0.7152,308394.65,0.007223639296821114,1593.2737209011505,2026
LN100442,Credit Card,South,Technology,30518.0,676,36.27,54,0.011,271471.74,0,C,0,0.6716,345909.33,0.017395683992159676,4041.2384214265758,2024
LN100443,Retail Term Loan,East,Other,68441.0,649,12.04,6,0.014,246238.79,0,C,0,0.7215,258785.14,0.010456045041067211,1952.284541074895,2026
LN100444,Retail Term Loan,Central,Services,91564.0,688,22.64,30,0.032,39377.31,0,B,0,0.7449,39870.0,0.010024104399336195,297.70751048490274,2025
LN100445,Credit Card,North,Manufacturing,88724.0,652,26.36,37,0.205,158577.27,3,C,0,0.8268,178800.84,0.03294654863911488,4870.5717887432365,2026
LN100446,SME Loan,East,Technology,57558.0,848,47.62,44,1.017,188565.16,0,AA,0,0.05,192382.76,0.0036974468284463433,35.566251290487706,2024
LN100447,Credit Card,North,Retail,75840.0,674,25.06,74,0.264,248279.09,0,C,1,0.5384,262279.97,0.01166517849288446,1647.2577709212724,2024
LN100448,Retail Term Loan,East,Healthcare,27304.0,666,18.03,118,0.0,172160.73,0,C,0,0.8183,182229.18,0.010781448346091304,1607.709502247626,2022
LN100449,Credit Card,East,Other,96600.0,655,36.74,6,0.0,355618.21,0,C,0,0.7359,416561.65,0.02161279839003141,6625.35403113721,2023
LN100450,Retail Term Loan,West,Other,81962.0,806,29.18,55,0.196,33381.45,0,AA,0,0.6862,36029.68,0.003801370837078798,93.98344436236317,2026
LN100451,SME Loan,East,Retail,222072.0,583,42.28,50,1.049,177387.51,0,D,0,0.05,180655.54,0.03884638992111445,350.89077741247445,2026
LN100452,Credit Card,Central,Other,75309.0,713,18.85,44,0.07,167802.84,0,B,0,0.6923,193929.2,0.006921125754054418,929.2108618777287,2022
LN100453,Retail Term Loan,North,Manufacturing,44657.0,674,34.74,60,0.251,225742.21,4,C,0,0.98,236289.18,0.044260972730871824,10249.221173528462,2023
LN100454,Retail Term Loan,North,Retail,72937.0,597,64.1,51,0.095,353180.23,0,D,0,0.7209,364795.05,0.0833245379900588,21912.74962276557,2023
LN100455,Retail Term Loan,North,Services,62627.0,637,28.89,40,0.106,64437.44,0,D,0,0.7017,68717.52,0.019506302003437545,940.5760106197621,2024
LN100456,SME Loan,South,Other,95257.0,711,34.43,49,1.138,344974.3,4,B,0,0.1289,359214.07,0.024843535934131772,1150.3226328700944,2024
LN100457,Auto Loan,North,Technology,76118.0,634,10.41,60,1.024,212282.72,0,D,0,0.05,216616.48,0.008853897043306866,95.89500059017705,2026
LN100458,Credit Card,North,Retail,37507.0,707,20.91,58,0.218,105264.49,0,B,0,0.668,119736.88,0.0075375024055108954,602.8813700469508,2024
LN100459,Credit Card,South,Manufacturing,30503.0,802,37.98,52,0.029,63518.79,0,AA,0,0.7711,79919.07,0.005461679250189283,336.57923282028196,2025
LN100460,Auto Loan,Central,Healthcare,86668.0,701,27.71,35,0.964,137677.17,3,B,0,0.1919,140285.45,0.017863993636516785,480.912604291802,2025
LN100461,Retail Term Loan,Central,Technology,160485.0,596,39.99,110,0.266,146564.51,2,D,0,0.6444,147984.5,0.06423005574055257,6125.055949400639,2022
LN100462,SME Loan,North,Other,78346.0,635,37.52,56,1.404,152371.7,0,D,0,0.05,163014.05,0.018767854319099612,152.97119711832102,2025
LN100463,Retail Term Loan,Central,Retail,117308.0,671,14.87,65,0.014,77372.16,0,C,0,0.6525,82705.91,0.009262586052314037,499.8610719874859,2025
LN100464,Auto Loan,South,Manufacturing,130913.0,667,45.2,37,1.728,183833.21,0,C,0,0.05,196340.25,0.016235768422955116,159.3867415552557,2026
LN100465,Credit Card,East,Retail,86854.0,700,15.85,52,0.131,90343.03,0,B,0,0.6237,107605.06,0.0070179788469861785,470.9995507725428,2026
LN100466,Credit Card,South,Technology,47919.0,710,22.06,52,0.14,281208.0,3,B,0,0.98,323344.66,0.016917291377420873,5360.713511982021,2024
LN100467,SME Loan,East,Services,83505.0,802,34.98,6,0.579,397278.04,0,AA,0,0.2842,405446.06,0.0043085310832332,496.4624297823959,2025
LN100468,Retail Term Loan,West,Manufacturing,145675.0,690,52.37,32,0.226,67943.24,0,B,0,0.7284,71317.41,0.023916839916051456,1242.4224677589914,2026
LN100469,Auto Loan,West,Healthcare,100376.0,615,18.95,32,1.213,125137.7,0,D,0,0.05,126351.42,0.013269205838229664,83.82914999663042,2025
LN100470,Auto Loan,East,Technology,113185.0,765,33.92,35,0.796,236987.24,2,AA,0,0.3565,244940.09,0.009491812643804423,828.8359205138455,2025
LN100471,Auto Loan,West,Retail,58154.0,772,34.03,24,0.674,145562.77,2,AA,0,0.3835,156129.51,0.00918867640048602,550.1781291072971,2023
LN100472,Retail Term Loan,West,Technology,67101.0,705,40.55,49,0.0,46559.2,0,B,0,0.7602,46633.44,0.015144309309861539,536.8769883004894,2024
LN100473,Retail Term Loan,North,Healthcare,70259.0,674,47.39,79,0.355,219829.09,1,C,0,0.6045,222533.0,0.029781400994282756,4006.2297547600083,2026
LN100474,Retail Term Loan,South,Manufacturing,72912.0,730,26.75,51,0.145,78527.68,1,A,0,0.7042,82543.23,0.009625291046258899,559.4887398269251,2022
LN100475,Retail Term Loan,North,Retail,142575.0,676,45.15,22,0.104,138078.19,5,C,0,0.98,146859.38,0.07895218745254688,11362.97191294632,2026
LN100476,Auto Loan,West,Services,20626.0,556,49.29,25,1.335,59839.21,0,E,0,0.05,61931.49,0.05753619973493852,178.1651289261174,2025
LN100477,Credit Card,East,Manufacturing,76270.0,727,55.19,40,0.011,209287.58,0,A,0,0.8731,257478.77,0.01942741445913021,4367.3743529344165,2025
LN100478,Credit Card,West,Manufacturing,71791.0,748,38.53,17,0.188,89367.98,3,A,0,0.8535,111301.15,0.01955384680900808,1857.5280709801477,2024
LN100479,Auto Loan,East,Retail,35275.0,784,34.05,55,1.934,225380.68,0,AA,0,0.05,237920.51,0.0035106900703047415,41.763258598942,2023
LN100480,Auto Loan,South,Technology,108523.0,643,25.83,78,1.37,103241.89,0,C,0,0.05,106899.72,0.012126048441193247,64.81355915349972,2026
LN100481,Retail Term Loan,North,Technology,50351.0,705,13.03,35,0.236,85680.78,2,B,0,0.6023,90000.3,0.01003512225126359,543.975685120485,2025
LN100482,Auto Loan,Central,Healthcare,61628.0,706,28.39,50,1.169,160141.33,5,B,0,0.4826,164068.3,0.0276549794821315,2189.703619903171,2025
LN100483,Retail Term Loan,South,Retail,207331.0,696,33.46,39,0.169,56567.24,0,B,0,0.5361,57000.03,0.01263367416849946,386.0562283261376,2026
LN100484,Retail Term Loan,North,Technology,130709.0,697,30.58,34,0.31,422527.68,0,B,0,0.3588,427433.33,0.011018045686239103,1689.76140884476,2024
LN100485,Auto Loan,South,Healthcare,102869.0,692,39.77,52,1.584,136650.29,2,B,0,0.05,141433.97,0.018768779540534197,132.72715012362636,2022
LN100486,Auto Loan,Central,Technology,92473.0,704,13.1,33,1.099,80729.94,0,B,0,0.05,82559.44,0.0048240265573106424,19.913446555834728,2023
LN100487,Retail Term Loan,South,Other,68506.0,738,29.63,30,0.069,90735.92,0,A,0,0.7084,91059.88,0.0076715188742730745,494.8652794164448,2025
LN100488,Auto Loan,Central,Services,225235.0,769,57.93,12,0.908,121485.24,0,AA,0,0.05,125158.13,0.011292012863000411,70.66436069345389,2025
LN100489,Auto Loan,East,Healthcare,116592.0,641,44.94,49,0.753,240945.58,0,C,0,0.1862,257374.08,0.026373801912588618,1263.9131252246518,2024
LN100490,Credit Card,Central,Healthcare,49662.0,679,40.01,71,0.017,64156.76,0,C,0,0.6145,77426.84,0.018989741933246762,903.5090039835211,2025
LN100491,Credit Card,West,Technology,34724.0,663,37.08,64,0.166,92697.65,0,C,0,0.6315,107843.93,0.019414659454836797,1322.2051301522242,2025
LN100492,Credit Card,North,Manufacturing,102437.0,653,27.25,81,0.067,115912.36,1,C,0,0.8333,150029.63,0.020805573961468933,2601.106421061903,2022
LN100493,Retail Term Loan,East,Technology,72730.0,585,9.2,33,0.025,353266.24,0,D,0,0.6519,366237.37,0.017568552457467905,4194.494385223341,2024
LN100494,Credit Card,East,Other,34178.0,692,37.94,67,0.041,241505.56,0,B,0,0.6084,302885.54,0.015623949403407413,2879.1120653469025,2026
LN100495,Auto Loan,South,Technology,94937.0,721,5.0,24,0.83,365260.83,0,A,0,0.3501,367518.26,0.0033877150115276585,435.89099895702503,2022
LN100496,Auto Loan,East,Manufacturing,64685.0,680,27.77,64,1.226,122635.5,0,B,0,0.0931,128374.67,0.009384670676030339,112.16259750185807,2025
LN100497,Credit Card,North,Services,100419.0,689,31.95,84,0.082,327150.42,4,B,0,0.98,357739.33,0.03684522899798089,12917.367784725571,2024
LN100498,Auto Loan,West,Technology,95626.0,717,26.19,59,1.206,291367.53,0,B,0,0.05,304798.68,0.006285506191312985,95.79069951220127,2025
LN100499,Auto Loan,Central,Healthcare,53675.0,782,60.23,85,1.195,195434.44,2,AA,0,0.1284,196074.04,0.016757342175332434,421.88128374940874,2026
LN100500,Credit Card,North,Retail,106224.0,663,55.72,35,0.262,206725.32,0,C,0,0.5802,229664.59,0.0339188997265051,4519.740709424354,2026
LN100501,SME Loan,East,Other,57034.0,614,45.43,45,1.178,79145.7,5,D,1,0.05,80080.78,0.10673229993947111,427.36029151734,2025
LN100502,SME Loan,West,Healthcare,59110.0,684,19.97,28,1.009,431515.98,0,B,0,0.0823,445492.75,0.007450347715954786,273.15994594755824,2024
LN100503,Auto Loan,North,Services,55966.0,812,56.98,49,0.81,101077.62,5,AA,0,0.4794,102890.28,0.027188324586797902,1341.08042954625,2023
LN100504,Auto Loan,South,Services,139704.0,615,40.05,54,1.532,177555.36,0,D,0,0.05,188299.94,0.023779667554939217,223.88549869075007,2025
LN100505,Credit Card,South,Other,64275.0,732,19.75,49,0.286,192708.85,0,A,0,0.6901,243001.85,0.005611728781189614,941.0620941614046,2025
LN100506,Retail Term Loan,North,Technology,159546.0,765,32.43,38,0.285,45949.92,0,AA,0,0.5898,46709.25,0.006119340397648323,168.58241631653064,2023
LN100507,Credit Card,Central,Other,200017.0,536,44.46,37,0.212,115783.65,0,E,0,0.7471,132897.84,0.07820557267946987,7764.873043911732,2025
LN100508,Auto Loan,East,Other,49958.0,717,24.21,56,1.766,138359.34,0,B,0,0.05,147294.57,0.005110158657754518,37.634931106286444,2025
LN100509,Retail Term Loan,West,Retail,18000.0,729,33.83,44,0.026,110843.86,1,A,0,0.9156,114708.86,0.012539614329738264,1317.0034940313678,2024
LN100510,Retail Term Loan,East,Manufacturing,133216.0,673,36.11,23,0.124,116749.14,0,C,0,0.7789,125314.91,0.017305891161635733,1689.1896760316092,2026
LN100511,Credit Card,Central,Other,62141.0,648,17.69,6,0.32,341166.64,0,C,0,0.5048,371504.06,0.01167807437722526,2190.0505918723593,2026
LN100512,Retail Term Loan,Central,Technology,46576.0,652,28.49,35,0.23,67255.21,0,C,0,0.5408,67935.34,0.016182490619226827,594.535511624363,2023
LN100513,Retail Term Loan,West,Manufacturing,54255.0,669,18.67,18,0.004,49370.93,0,C,0,0.8416,49975.71,0.010679774328225254,449.18658282948576,2023
LN100514,Retail Term Loan,South,Technology,59701.0,670,43.29,30,0.097,79594.73,0,C,0,0.595,85407.1,0.022466727564637377,1141.6967384325158,2022
LN100515,Retail Term Loan,East,Manufacturing,153077.0,658,20.2,39,0.304,202039.78,0,C,0,0.5803,212064.5,0.011537310483025835,1419.793303971705,2026
LN100516,Retail Term Loan,Central,Services,81895.0,668,35.79,45,0.196,216299.87,0,C,0,0.6081,218319.31,0.017641954089395992,2342.1453381843403,2023
LN100517,Credit Card,East,Retail,151937.0,767,13.93,33,0.168,183405.06,5,AA,0,0.98,219227.11,0.012669077247456697,2721.8570875001524,2024
LN100518,Retail Term Loan,East,Retail,98426.0,611,17.27,96,0.171,227183.89,0,D,0,0.5998,232751.76,0.017043531688034026,2379.3538158040133,2022
LN100519,Credit Card,North,Technology,63270.0,576,16.64,20,0.142,143555.14,0,E,0,0.3636,171349.83,0.0234670219490819,1462.0611325670156,2025
LN100520,SME Loan,Central,Other,60509.0,768,28.24,75,1.533,83502.95,0,AA,0,0.05,85871.44,0.0037731105889302523,16.200121977534444,2024
LN100521,Auto Loan,West,Retail,102143.0,678,34.34,44,1.156,61922.41,0,C,0,0.05,62346.37,0.011995811446976954,37.394764946173034,2023
LN100522,Retail Term Loan,South,Healthcare,117769.0,665,36.74,34,0.251,49600.9,0,C,0,0.6831,49644.45,0.01844464189243222,625.4969792106045,2025
LN100523,Credit Card,East,Other,129765.0,683,8.96,61,0.174,102357.53,0,B,0,0.4117,117104.24,0.006564038408217446,316.4642093808094,2024
LN100524,Retail Term Loan,East,Healthcare,64952.0,704,29.81,38,0.221,208373.53,1,B,0,0.6883,210891.04,0.013343101914975007,1936.8353422883515,2024
LN100525,Auto Loan,North,Services,82587.0,656,22.24,30,1.242,141645.74,0,C,0,0.05,152894.71,0.00987158076355658,75.46562390427809,2026
LN100526,SME Loan,Central,Healthcare,103411.0,723,38.94,87,1.525,121943.11,0,A,0,0.05,130788.76,0.00820343706534387,53.64586807571819,2023
LN100527,SME Loan,Central,Services,60722.0,627,28.52,6,1.08,57324.55,0,D,0,0.05,59708.17,0.016561120806969257,49.44171082665288,2026
LN100528,Credit Card,Central,Retail,40176.0,670,30.95,43,0.232,729952.55,0,C,0,0.5736,864763.53,0.014722589229599613,7302.821802407811,2025
LN100529,Retail Term Loan,South,Technology,48136.0,546,22.32,52,0.167,67334.35,0,E,0,0.5592,68404.85,0.03689420027539582,1411.276658208143,2023
LN100530,Credit Card,South,Services,65688.0,766,54.42,79,0.055,130571.43,0,AA,0,0.7291,154261.33,0.012927962789271231,1454.0329996056903,2024
LN100531,Credit Card,North,Manufacturing,107954.0,679,15.31,39,0.127,242161.27,0,C,0,0.6533,313012.72,0.008450315503331394,1728.0152419551882,2023
LN100532,Auto Loan,West,Other,149894.0,734,26.8,107,0.868,123609.05,0,A,0,0.0896,129214.31,0.005934620801823963,68.70867870893198,2025
LN100533,Credit Card,South,Healthcare,35576.0,721,33.4,65,0.218,68212.95,0,A,0,0.4008,76414.3,0.009800561470176794,300.1603401756927,2023
LN100534,Retail Term Loan,Central,Manufacturing,53998.0,726,28.73,6,0.295,211358.14,3,A,0,0.8027,223443.9,0.01723271301288368,3090.832152972168,2023
LN100535,Retail Term Loan,Central,Retail,61600.0,689,22.07,16,0.104,46983.8,5,B,0,0.98,49622.61,0.0348029660396375,1692.4737304156126,2025
LN100536,Auto Loan,North,Services,116115.0,715,8.45,53,1.526,406232.4,0,B,0,0.05,437505.42,0.003350406272819537,73.29104517802732,2025
LN100537,Retail Term Loan,Central,Other,56094.0,628,23.01,23,0.137,146211.74,3,D,0,0.9514,155239.76,0.03780815937788964,5584.080169895082,2025
LN100538,Retail Term Loan,North,Other,59213.0,614,19.53,60,0.312,100494.7,1,D,0,0.5481,105025.92,0.02221531786622155,1278.81825837151,2024
LN100539,Credit Card,East,Healthcare,34498.0,683,53.83,38,0.188,44523.81,0,B,0,0.6359,47743.09,0.027000826635451388,819.7405316495457,2025
LN100540,SME Loan,East,Retail,97843.0,646,61.44,22,0.702,53576.3,0,C,0,0.2396,57681.08,0.042497666263968975,587.3341845054368,2025
LN100541,Auto Loan,Central,Manufacturing,68629.0,783,31.34,27,1.067,115703.0,0,AA,0,0.05,117430.19,0.00406373397443308,23.860252636356588,2026
LN100542,Credit Card,West,Services,52340.0,714,13.74,67,0.127,451427.57,1,B,0,0.5224,560344.85,0.0074566404693984555,2182.738740575873,2025
LN100543,SME Loan,Central,Manufacturing,65024.0,643,41.59,6,0.824,141256.12,3,C,0,0.5973,148381.42,0.04908766035828595,4350.552067843319,2025
LN100544,Retail Term Loan,East,Healthcare,139398.0,672,19.25,71,0.024,152999.32,0,C,0,0.7206,165078.21,0.010515822013736593,1250.9133736333108,2025
LN100545,Auto Loan,Central,Manufacturing,43155.0,699,24.86,72,0.634,157238.93,0,B,0,0.2951,158282.59,0.00829604890854373,387.5017438740386,2023
LN100546,Auto Loan,Central,Healthcare,47209.0,686,23.82,41,1.371,627862.51,0,B,0,0.05,677583.81,0.007528540016251385,255.0608413974538,2025
LN100547,Retail Term Loan,Central,Other,149340.0,708,25.49,17,0.168,88104.05,0,B,0,0.8707,90870.29,0.008747361718186793,692.0979202851296,2026
LN100548,Credit Card,East,Services,78192.0,694,27.39,60,0.244,358998.81,0,B,0,0.5065,428968.24,0.01042259021111443,2264.5413307156623,2026
LN100549,Auto Loan,South,Healthcare,108403.0,600,14.92,37,1.052,90784.3,0,D,0,0.05,95754.75,0.01404648743273487,67.25089462498347,2023
LN100550,Auto Loan,Central,Other,93546.0,550,22.87,15,0.919,73329.48,1,E,0,0.1617,76597.26,0.0386336932260216,478.50830674315995,2024
LN100551,Retail Term Loan,West,Retail,73557.0,666,45.26,90,0.129,113495.61,0,C,0,0.4999,121831.21,0.024618047384730255,1499.3233257094396,2023
LN100552,Retail Term Loan,Central,Retail,61925.0,726,31.56,29,0.174,113104.4,0,A,0,0.6597,116028.09,0.008910863934724806,682.0707717565837,2025
LN100553,SME Loan,East,Services,118492.0,666,33.63,16,0.924,177843.0,0,C,0,0.0503,188305.47,0.013957493159802043,132.20209716675893,2024
LN100554,Retail Term Loan,Central,Retail,142134.0,770,5.0,54,0.256,23587.17,0,AA,0,0.7,24612.55,0.002446622473008284,42.15233256362802,2026
LN100555,Retail Term Loan,West,Other,136155.0,687,44.32,47,0.149,133085.76,0,B,0,0.7369,141250.45,0.019491187024851923,2028.7880836292138,2023
LN100556,Retail Term Loan,West,Technology,39075.0,778,23.09,81,0.175,78914.79,0,AA,0,0.4304,84376.23,0.004122551770493032,149.7126499913813,2025
LN100557,Auto Loan,North,Services,153729.0,765,46.61,40,1.43,72292.82,0,AA,0,0.05,74554.73,0.007164712047563379,26.708158611691744,2024
LN100558,Auto Loan,East,Technology,61598.0,758,34.01,40,1.199,48445.89,3,A,0,0.05,48486.8,0.01191581213181318,28.887979983639966,2025
LN100559,Auto Loan,West,Healthcare,49512.0,612,24.69,55,0.835,92956.26,2,D,0,0.3662,98813.13,0.03013375209710361,1090.4009150620188,2025
LN100560,Retail Term Loan,West,Manufacturing,68331.0,691,10.19,52,0.014,83585.23,0,B,0,0.6954,84476.79,0.006585451721379105,386.8634135036952,2025
LN100561,Retail Term Loan,Central,Healthcare,118464.0,769,60.27,53,0.19,89019.03,0,AA,0,0.4684,91019.35,0.014604219585806431,622.6284632416324,2022
LN100562,Credit Card,South,Services,100962.0,708,42.44,54,0.139,38109.62,0,B,0,0.5663,48233.81,0.015079038439304809,411.88101872881384,2026
LN100563,Credit Card,South,Services,65172.0,726,43.22,52,0.178,128534.4,0,A,0,0.4141,138814.86,0.01288512771340842,740.6788053621906,2026
LN100564,Credit Card,Central,Retail,118891.0,600,55.64,39,0.195,68947.93,0,D,1,0.5417,88038.1,0.061562145979136486,2935.9134409386143,2025
LN100565,Credit Card,Central,Technology,80997.0,815,34.91,66,0.0,38205.02,0,AA,0,0.7502,49399.8,0.0044014579049887126,163.11684138918903,2023
LN100566,Credit Card,North,Other,54727.0,639,49.58,40,0.226,81759.2,0,D,0,0.8472,99293.44,0.03542321317912775,2979.850369008846,2023
LN100567,Retail Term Loan,South,Services,50809.0,560,25.78,66,0.261,69800.34,0,E,0,0.4858,73838.49,0.03519244991252587,1262.3791659454014,2022
LN100568,Auto Loan,Central,Services,93983.0,667,41.59,79,1.048,123505.76,1,C,0,0.05,124650.67,0.022294513536339648,138.95130248144034,2026
LN100569,Auto Loan,North,Retail,71672.0,531,23.81,33,1.099,80998.81,0,E,0,0.05,85275.16,0.03523460458948979,150.23182719527384,2024
LN100570,Retail Term Loan,West,Other,35197.0,619,25.45,101,0.147,43502.28,0,D,0,0.7249,43597.54,0.020556193058541398,649.654980665262,2026
LN100571,Credit Card,North,Other,119513.0,850,33.26,32,0.096,64434.17,3,AA,0,0.9752,68995.71,0.006379723289964449,429.2572342523661,2025
LN100572,Auto Loan,North,Retail,57589.0,665,15.52,32,1.42,35831.79,0,C,0,0.05,36970.09,0.006986046806303231,12.913738958662151,2024
LN100573,Credit Card,West,Healthcare,180035.0,597,36.28,60,0.088,265996.02,0,D,0,0.8715,313412.81,0.03597845184384907,9827.127853430211,2023
LN100574,SME Loan,West,Other,34669.0,692,27.94,58,2.0,297672.77,0,B,0,0.05,298898.03,0.006894787092352437,103.04191395867859,2024
LN100575,Auto Loan,East,Other,67904.0,632,6.16,50,1.014,323996.25,0,D,0,0.05,347573.51,0.007905094824859366,137.38007775796027,2024
LN100576,SME Loan,Central,Healthcare,51034.0,746,26.05,66,1.563,79407.94,1,A,0,0.05,81616.01,0.005609996189406813,22.893275254729417,2024
LN100577,Auto Loan,South,Technology,43860.0,632,27.51,54,1.313,297516.13,0,D,0,0.05,306777.81,0.014414043345982803,221.09543254628383,2022
LN100578,SME Loan,East,Other,57383.0,708,43.09,93,1.183,159555.25,5,B,0,0.05,161748.86,0.0426323789076586,344.78693437009116,2025
LN100579,Retail Term Loan,West,Services,198601.0,615,35.71,47,0.227,67490.23,0,D,0,0.6109,68186.38,0.028838625681878095,1201.2746698880826,2026
LN100580,Auto Loan,West,Retail,81153.0,850,50.82,29,0.67,77287.22,0,AA,0,0.0928,77623.84,0.004392245469512403,31.639506647739243,2023
LN100581,Auto Loan,South,Healthcare,48524.0,723,38.76,36,1.278,106389.32,0,A,0,0.05,107304.16,0.008689544727908817,46.62121489053421,2024
LN100582,Retail Term Loan,West,Manufacturing,27433.0,681,24.8,58,0.047,128922.04,0,B,0,0.98,134640.19,0.011435959020417443,1508.944901434394,2026
LN100583,Auto Loan,East,Technology,29100.0,671,31.24,59,1.019,154705.76,0,C,0,0.05,163724.39,0.01204123343912364,98.57217998340603,2025
LN100584,SME Loan,East,Other,55837.0,654,27.48,53,1.005,119850.04,0,C,0,0.05,120828.88,0.012622848917441854,76.26023485518559,2022
LN100585,Credit Card,Central,Services,52929.0,641,38.34,29,0.015,94021.86,0,C,0,0.7092,110478.95,0.025842302095928436,2024.7875604891783,2024
LN100586,Retail Term Loan,South,Healthcare,66305.0,639,32.78,72,0.26,309189.77,1,D,0,0.6594,311434.99,0.026897906382369458,5523.760305918222,2023
LN100587,Retail Term Loan,West,Retail,21494.0,799,23.83,91,0.177,110812.98,2,AA,0,0.7612,115148.83,0.005819276320955394,510.06707288335144,2023
LN100588,Retail Term Loan,Central,Other,71312.0,654,32.11,49,0.137,106460.3,0,C,0,0.4284,108346.98,0.018221092432983352,845.747424548414,2025
LN100589,Retail Term Loan,West,Technology,131992.0,552,38.0,88,0.0,103069.36,0,E,0,0.6615,104273.92,0.05872691677211579,4050.818170817905,2022
LN100590,SME Loan,Central,Manufacturing,183103.0,614,18.92,67,1.378,110858.15,0,D,0,0.05,114588.95,0.012832437135438251,73.52277486454386,2024
LN100591,Auto Loan,East,Healthcare,26458.0,750,36.12,97,1.286,46237.7,0,A,0,0.05,48428.65,0.006149583221342373,14.890800673613118,2023
LN100592,Retail Term Loan,South,Manufacturing,48266.0,674,11.48,58,0.165,59461.17,0,C,0,0.7434,60307.15,0.007773389152532665,348.49918898146115,2025
LN100593,Auto Loan,Central,Services,46883.0,681,46.37,51,2.0,664930.53,4,B,0,0.05,706278.09,0.03844669199093652,1357.702809308847,2024
LN100594,Retail Term Loan,West,Other,81258.0,766,38.85,67,0.0,37795.82,0,AA,0,0.8104,39598.11,0.007999393479606211,256.7030033255464,2024
LN100595,Retail Term Loan,South,Other,38345.0,639,53.18,38,0.127,145145.31,0,D,1,0.5645,153971.0,0.04056993533789925,3526.2020386031463,2023
LN100596,Credit Card,South,Manufacturing,189186.0,731,17.48,57,0.029,152514.39,0,A,0,0.6494,191854.22,0.00563027627642935,701.4768558512179,2026
LN100597,Credit Card,South,Retail,76817.0,647,46.73,77,0.085,243812.27,0,C,0,0.6871,282465.5,0.031165850303425006,6048.731962610888,2026
LN100598,SME Loan,Central,Manufacturing,70088.0,727,44.17,66,0.779,155126.08,2,A,0,0.322,167295.9,0.018954116756776856,1021.044618932681,2025
LN100599,Credit Card,North,Services,180094.0,665,29.63,47,0.22,450833.64,0,C,0,0.6491,510824.08,0.014856917218975982,4926.195851549699,2025
LN100600,Auto Loan,West,Other,74341.0,674,27.1,52,0.975,141917.21,0,C,0,0.05,143638.77,0.010376929728374678,74.52647112800865,2026
LN100601,Credit Card,East,Services,93471.0,743,17.89,65,0.062,308274.32,0,A,0,0.8142,340470.35,0.00503852318823272,1396.7338448025741,2024
LN100602,SME Loan,North,Technology,49628.0,739,14.5,64,0.942,248507.35,2,A,0,0.05,263293.41,0.006328855288673481,83.31729451756875,2026
LN100603,Credit Card,West,Healthcare,35294.0,679,22.23,65,0.084,353147.18,0,C,0,0.5818,414144.27,0.010643792471071709,2564.612602712158,2026
LN100604,SME Loan,West,Other,53613.0,659,15.67,55,0.714,122104.59,0,C,0,0.0908,127451.96,0.008911607998816604,103.13081308303755,2024
LN100605,Credit Card,West,Retail,249716.0,794,52.74,30,0.157,158541.67,0,AA,0,0.6354,200089.14,0.009131566546833628,1160.9566846464147,2023
LN100606,SME Loan,East,Healthcare,106235.0,728,12.47,33,0.88,92672.17,0,A,0,0.206,94934.96,0.003968328738900519,77.60702479944048,2024
LN100607,Retail Term Loan,South,Retail,87224.0,665,33.94,58,0.158,134198.39,5,C,0,0.98,140173.95,0.06160200967251364,8462.297083259755,2025
LN100608,Credit Card,North,Manufacturing,43837.0,648,37.66,66,0.004,139488.61,0,C,0,0.8396,176455.28,0.02374531796832477,3517.9128591710983,2025
LN100609,Auto Loan,North,Services,123801.0,757,36.65,63,1.114,28030.86,0,A,0,0.05,29877.35,0.006110734543676705,9.12862773592596,2025
LN100610,Auto Loan,South,Healthcare,35543.0,698,37.79,33,0.596,108558.73,3,B,0,0.4542,114592.55,0.02766355841970415,1439.83112397037,2023
LN100611,Credit Card,West,Healthcare,31678.0,679,44.3,45,0.152,223721.65,4,C,0,0.98,287408.21,0.05793692379268308,16318.516608958227,2022
LN100612,SME Loan,North,Technology,55152.0,697,26.2,22,1.064,46635.37,0,B,0,0.05,49175.24,0.007904214080654979,19.4345812213794,2023
LN100613,SME Loan,Central,Healthcare,219743.0,712,33.14,17,0.97,60162.7,0,B,0,0.05,61209.03,0.008741110318438225,26.751744185729745,2024
LN100614,Retail Term Loan,East,Healthcare,213008.0,686,28.18,50,0.176,269466.71,5,B,0,0.98,270418.66,0.04244125248102814,11247.368492148478,2023
LN100615,Credit Card,South,Retail,58516.0,768,48.93,78,0.088,307256.04,0,AA,0,0.9426,363732.86,0.010568211022997128,3623.359697862818,2023
LN100616,Credit Card,Central,Services,51763.0,772,59.3,50,0.116,77707.65,0,AA,0,0.8409,83667.64,0.014025190883218007,986.7579914282012,2026
LN100617,Retail Term Loan,North,Other,30426.0,725,16.48,90,0.174,135541.93,0,A,0,0.4959,144793.06,0.005566787938867854,399.71139775372177,2025
LN100618,Retail Term Loan,Central,Other,78289.0,779,5.6,44,0.154,113619.49,1,AA,0,0.9645,119785.82,0.0030520986751441112,352.6194084634827,2024
LN100619,Retail Term Loan,South,Manufacturing,81990.0,691,39.4,49,0.051,273520.05,0,B,0,0.7095,280708.13,0.01647519324522195,3281.239327607341,2023
LN100620,Credit Card,South,Healthcare,115786.0,735,45.91,26,0.152,82611.53,0,A,0,0.7344,98588.83,0.012958779431695305,938.2627587217559,2023
LN100621,Auto Loan,East,Manufacturing,123764.0,755,57.44,40,1.417,92059.89,0,A,0,0.05,95977.21,0.011163125449240505,53.57028177490502,2024
LN100622,SME Loan,Central,Other,67283.0,756,41.59,22,1.236,306748.68,2,A,0,0.05,323934.6,0.011793129131503492,191.01012839809655,2023
LN100623,Auto Loan,South,Technology,101830.0,750,50.15,14,0.677,59451.47,0,A,0,0.1651,63035.14,0.011228776916502783,116.85902237098206,2022
LN100624,SME Loan,Central,Healthcare,51016.0,731,53.58,22,1.479,84683.48,0,A,0,0.05,88863.26,0.012234550210209597,54.3601008156455,2025
LN100625,Auto Loan,South,Healthcare,100772.0,817,51.04,50,1.44,131699.21,0,AA,0,0.05,140700.15,0.00498795477529999,35.09029925389625,2023
LN100626,Credit Card,South,Technology,56742.0,655,43.46,32,0.118,348671.64,0,C,0,0.4778,399128.85,0.025890444317308397,4937.405196665057,2026
LN100627,Retail Term Loan,West,Services,96562.0,680,15.33,37,0.078,52042.89,0,B,0,0.5343,55455.74,0.008480663072195997,251.2820627897753,2026
LN100628,Auto Loan,West,Healthcare,92357.0,676,31.89,57,1.24,72972.36,0,C,0,0.05,73178.54,0.011074057195230113,40.519166871171734,2024
LN100629,Credit Card,South,Technology,77893.0,666,35.9,14,0.197,181685.53,1,C,0,0.7924,202487.46,0.023346030992344686,3745.8954966498427,2023
LN100630,SME Loan,North,Technology,116104.0,561,30.7,50,1.135,202422.42,0,E,0,0.05,207433.2,0.032644439029889546,338.5770225087443,2025
LN100631,Credit Card,South,Services,31619.0,779,31.5,67,0.224,139153.93,0,AA,0,0.3291,171291.8,0.005273083850261044,297.25497558467185,2026
LN100632,Retail Term Loan,East,Manufacturing,41754.0,623,52.37,69,0.226,110585.27,0,D,0,0.5711,116878.51,0.04479390338708696,2989.9624595844693,2025
LN100633,Auto Loan,North,Technology,64648.0,701,22.16,59,1.253,131400.3,0,B,0,0.05,135353.08,0.006371353543795917,43.119116296084606,2023
LN100634,Retail Term Loan,North,Retail,33909.0,598,42.39,47,0.081,41779.42,0,D,0,0.5896,42545.72,0.04310032706510973,1081.1698300812543,2025
LN100635,Retail Term Loan,Central,Technology,59962.0,730,36.11,34,0.024,128829.16,0,A,0,0.6375,136598.77,0.010296136155377712,896.6052032929166,2024
LN100636,Credit Card,North,Retail,61035.0,639,20.85,46,0.05,338653.61,1,D,0,0.6566,411303.04,0.019518436943614638,5271.179843298371,2024
LN100637,Credit Card,East,Other,154133.0,616,18.0,84,0.219,47626.43,0,D,0,0.7286,51208.12,0.016427523443185973,612.9147803719867,2023
LN100638,Credit Card,West,Healthcare,81116.0,703,9.88,54,0.292,69314.63,0,B,0,0.626,84300.94,0.005408700950919745,285.43006753773415,2024
LN100639,SME Loan,South,Retail,132115.0,644,38.31,46,0.71,90892.41,1,C,0,0.2622,95918.2,0.027229140136287723,684.806122690048,2025
LN100640,Credit Card,East,Healthcare,88536.0,653,31.18,60,0.133,94987.31,0,C,0,0.493,118740.3,0.017882594694465043,1046.8286367879994,2024
LN100641,Credit Card,North,Technology,55861.0,701,21.26,49,0.318,435479.27,0,B,0,0.3421,466731.27,0.007870057476504457,1256.6023771679152,2026
LN100642,Retail Term Loan,West,Technology,80724.0,742,7.61,53,0.106,62499.37,0,A,0,0.6689,66615.78,0.0036227934778641255,161.42912418093957,2023
LN100643,Retail Term Loan,West,Technology,112019.0,637,37.63,43,0.035,54341.8,0,D,0,0.6014,56094.97,0.026116086452478263,881.0396251620017,2022
LN100644,Credit Card,Central,Other,144584.0,626,29.74,39,0.175,205869.39,0,D,0,0.6568,238791.75,0.02185291855863038,3427.3772497183527,2024
LN100645,SME Loan,Central,Services,69736.0,692,22.72,70,0.495,76301.47,5,B,0,0.943,80087.84,0.031313423343830034,2364.878445611988,2023
LN100646,Retail Term Loan,South,Retail,30306.0,725,19.47,6,0.066,208275.97,0,A,0,0.8557,211475.45,0.006295671127058255,1139.26176729214,2025
LN100647,Auto Loan,North,Services,29157.0,785,28.9,59,1.098,104537.77,0,AA,0,0.05,112277.47,0.0036578980155185722,20.534976735022305,2024
LN100648,Credit Card,South,Technology,62675.0,620,38.11,38,0.154,165472.6,0,D,0,0.6655,192414.55,0.030195474348968788,3866.587349218539,2024
LN100649,Retail Term Loan,North,Other,20731.0,669,27.71,6,0.227,40043.96,0,C,0,0.4433,42269.68,0.01343396597846312,251.72765809986387,2024
LN100650,Auto Loan,East,Technology,201300.0,766,16.55,27,0.865,165083.47,0,AA,0,0.05,174018.22,0.0031446824720740762,27.361602312776522,2023
LN100651,SME Loan,North,Services,104147.0,818,31.24,47,1.02,139763.16,0,AA,0,0.05,147735.06,0.002924424117996467,21.601998626882757,2023
LN100652,Credit Card,Central,Other,52872.0,625,45.59,50,0.013,100356.14,0,D,0,0.7321,127517.87,0.0376307848073725,3513.0532480997213,2024
LN100653,Retail Term Loan,West,Healthcare,40739.0,642,32.52,64,0.222,50631.55,1,C,0,0.7179,52748.89,0.026185329118864408,991.5972538242983,2025
LN100654,SME Loan,South,Retail,132020.0,715,32.89,66,1.241,139669.15,0,B,0,0.05,149761.05,0.007860216973868664,58.857717361719686,2026
LN100655,Retail Term Loan,Central,Manufacturing,40650.0,652,27.77,14,0.003,199202.91,0,C,0,0.8898,208942.29,0.016758727729537327,3115.7298634836075,2023
LN100656,SME Loan,West,Retail,42840.0,641,20.43,56,1.701,82738.43,0,C,0,0.05,89113.89,0.009570068468318737,42.64130143891122,2023
LN100657,Retail Term Loan,East,Healthcare,49216.0,706,20.0,64,0.272,83885.15,0,B,0,0.5439,84498.17,0.007291397484815763,335.102089875566,2024
LN100658,Auto Loan,North,Technology,79857.0,791,10.4,53,0.963,209183.93,0,AA,0,0.1175,223299.31,0.001978156074550352,51.902204166029755,2024
LN100659,Auto Loan,South,Services,105523.0,605,47.36,59,1.277,397282.07,0,D,0,0.05,417228.63,0.034968984174169986,729.5030679740312,2024
LN100660,Retail Term Loan,East,Manufacturing,144526.0,787,38.01,6,0.048,231649.42,0,AA,0,0.5071,248101.48,0.006285857907905113,790.83799262563,2025
LN100661,SME Loan,West,Other,133249.0,653,33.07,26,1.097,140909.27,0,C,0,0.05,144862.67,0.014855800890513493,107.60254909940814,2024
LN100662,Retail Term Loan,South,Retail,75032.0,712,35.84,78,0.12,101213.65,0,B,0,0.6009,106501.96,0.011835866640128605,757.4602859793117,2023
LN100663,Retail Term Loan,West,Healthcare,131470.0,793,36.41,42,0.115,117712.01,0,AA,0,0.6213,122545.72,0.005541731340897684,421.9344335688426,2022
LN100664,Retail Term Loan,South,Retail,51854.0,711,22.45,97,0.178,47448.64,0,B,0,0.6067,50335.95,0.007695933333161601,235.0247294504045,2025
LN100665,Credit Card,South,Manufacturing,27550.0,671,27.77,20,0.076,107707.78,0,C,0,0.6683,118579.18,0.013722841388162082,1087.4866834080422,2025
LN100666,Credit Card,East,Retail,51851.0,737,25.84,82,0.207,262804.63,0,A,0,0.505,290813.21,0.006626489756595296,973.1707323595364,2026
LN100667,SME Loan,North,Healthcare,48137.0,679,64.65,35,1.156,123375.94,0,C,0,0.05,127616.66,0.030799028362783476,196.52345654518479,2023
LN100668,Retail Term Loan,East,Retail,52979.0,724,45.26,67,0.311,77450.72,0,A,0,0.4402,81057.87,0.013542368565432021,483.2143854044389,2026
LN100669,Auto Loan,South,Technology,44249.0,677,34.18,42,1.555,72594.76,0,C,0,0.05,77532.43,0.01088225925028762,42.18640017823887,2026
LN100670,Retail Term Loan,South,Retail,58200.0,746,49.76,51,0.184,117361.09,0,A,0,0.4612,122593.32,0.013069279331136305,738.9375654890881,2025
LN100671,Auto Loan,West,Retail,105477.0,599,48.12,61,1.394,50564.31,0,D,0,0.05,52292.55,0.0367761470497618,96.15592542035108,2022
LN100672,SME Loan,South,Services,192651.0,624,14.05,35,1.535,63529.44,4,D,1,0.0544,65904.88,0.0270364380922669,96.93172652054638,2024
LN100673,Credit Card,West,Services,29036.0,598,29.1,66,0.129,350886.92,2,D,0,0.8206,426444.02,0.04688501100310802,16406.939006867833,2026
LN100674,Auto Loan,West,Services,36938.0,686,31.79,42,0.732,58103.24,4,B,0,0.5136,62471.54,0.032061139095013104,1028.6939254843448,2024
LN100675,Auto Loan,West,Healthcare,48531.0,591,39.95,52,1.642,68471.24,0,D,0,0.05,69588.27,0.028917273396107456,100.61515143760715,2025
LN100676,SME Loan,South,Retail,114279.0,645,29.09,6,0.623,147146.44,5,C,1,0.8162,150087.99,0.05703389074352956,6986.755271642696,2023
LN100677,Auto Loan,Central,Healthcare,67005.0,618,30.72,41,1.276,88080.99,0,D,0,0.05,89440.8,0.01839852472517008,82.2789385119496,2024
LN100678,Retail Term Loan,South,Services,50362.0,786,26.0,76,0.072,127681.07,0,AA,0,0.808,129607.34,0.004300400863003466,450.3497215643676,2024
LN100679,Auto Loan,South,Services,111240.0,626,45.64,63,1.269,219533.48,1,D,0,0.05,220625.01,0.035198925101531706,388.28816012573424,2025
LN100680,Retail Term Loan,Central,Other,126913.0,606,13.24,68,0.195,40631.17,0,D,0,0.6645,43223.91,0.015646022642486376,449.3895714429891,2023
LN100681,Retail Term Loan,South,Other,74230.0,706,26.44,49,0.153,203458.94,0,B,0,0.6131,208983.09,0.009225598388829052,1182.0531572029045,2024
LN100682,Retail Term Loan,West,Retail,47874.0,800,8.03,85,0.289,79823.58,0,AA,0,0.4245,82535.36,0.001999971593778965,70.0715253922451,2026
LN100683,Auto Loan,North,Services,87020.0,682,18.61,54,0.937,98222.79,5,B,0,0.5334,105023.85,0.027093051551684653,1517.7452049488918,2026
LN100684,Credit Card,West,Healthcare,65969.0,687,36.12,33,0.103,460796.29,0,B,0,0.5723,556114.51,0.015230037529757995,4847.177752315227,2025
LN100685,Retail Term Loan,Central,Manufacturing,65689.0,774,36.37,67,0.018,44954.69,0,AA,0,0.5727,46915.86,0.0068133727294814464,183.06655658035783,2022
LN100686,Auto Loan,West,Retail,56581.0,747,27.93,68,0.688,181450.64,0,A,0,0.0843,182864.44,0.005685127450213458,87.63892468525418,2025
LN100687,SME Loan,East,Technology,124740.0,718,46.61,62,1.323,264307.27,0,B,0,0.05,273955.63,0.011562016974265139,158.373982212775,2024
LN100688,Credit Card,Central,Healthcare,86049.0,652,49.6,39,0.342,74367.59,1,C,0,0.4668,86260.27,0.03930602187141623,1582.7078340598928,2026
LN100689,Auto Loan,South,Manufacturing,132572.0,720,31.1,54,1.259,75194.76,0,A,0,0.05,80619.33,0.007043825874370776,28.39342613142181,2025
LN100690,Retail Term Loan,South,Manufacturing,156408.0,602,35.26,79,0.229,92705.17,0,D,0,0.4604,95116.22,0.032115453897511415,1406.3841462564806,2026
LN100691,SME Loan,North,Services,96537.0,649,26.12,59,0.912,74059.78,2,C,0,0.3433,79812.72,0.021795312834425058,597.185180754436,2023
LN100692,Retail Term Loan,West,Manufacturing,56765.0,783,40.15,15,0.207,125715.5,0,AA,0,0.5889,128977.43,0.006713705510288426,509.9382165406221,2025
LN100693,Retail Term Loan,West,Technology,132909.0,775,16.48,34,0.155,224150.12,1,AA,0,0.6759,238751.03,0.004489432241761373,724.4678569037744,2024
LN100694,SME Loan,West,Other,96893.0,718,55.35,33,1.342,93058.48,1,B,0,0.05,100028.52,0.019651500716546325,98.28552662275342,2024
LN100695,Auto Loan,West,Services,313983.0,565,46.82,31,1.254,229862.15,0,E,0,0.05,232251.78,0.05013784006353347,582.2301300055482,2025
LN100696,Credit Card,North,Retail,88947.0,611,16.41,6,0.172,319961.01,5,D,0,0.98,385047.82,0.05918946340584874,22334.958374363996,2023
LN100697,Auto Loan,West,Services,110081.0,646,21.74,90,1.182,162265.41,3,C,0,0.2949,169546.99,0.02361806350527425,1180.8891780419942,2023
LN100698,Credit Card,West,Manufacturing,87990.0,679,37.48,29,0.17,173353.04,0,C,0,0.6041,222591.79,0.01686773475658716,2268.1655026464973,2022
LN100699,Retail Term Loan,South,Healthcare,71022.0,609,27.6,30,0.135,79179.98,0,D,0,0.5398,85382.85,0.024247294449573336,1117.5496160216476,2024
LN100700,Retail Term Loan,East,Services,65050.0,674,39.08,6,0.175,19133.01,4,C,0,0.98,19750.13,0.05148590317215539,996.5162152011317,2025
LN100701,Retail Term Loan,Central,Technology,88175.0,805,27.33,67,0.132,180816.92,0,AA,0,0.6464,192938.7,0.0036780983044754786,458.71614745029126,2026
LN100702,Retail Term Loan,East,Healthcare,99897.0,716,51.82,46,0.264,209563.13,0,B,0,0.542,212880.08,0.018193803935994096,2099.219353070116,2025
LN100703,SME Loan,West,Other,141514.0,704,32.11,40,1.311,142195.49,2,B,0,0.05,153379.22,0.014092407780676119,108.07412566610172,2025
LN100704,Retail Term Loan,East,Services,88886.0,624,63.47,41,0.367,226859.33,0,D,0,0.5212,240109.13,0.06008207470815246,7518.963942744258,2024
LN100705,Auto Loan,West,Technology,58143.0,583,39.83,61,1.643,81753.41,0,D,0,0.05,81844.64,0.03105124372751965,127.06889322155521,2024
LN100706,Credit Card,West,Other,62660.0,610,14.46,37,0.179,172509.55,0,D,0,0.3432,195244.47,0.015715458777662745,1053.0599232930729,2024
LN100707,Credit Card,West,Retail,36229.0,581,59.12,6,0.175,336296.24,2,D,0,0.9075,420316.17,0.13048302944532592,49771.04542170937,2025
LN100708,Auto Loan,West,Manufacturing,187009.0,695,46.28,20,0.898,191226.63,2,B,0,0.3702,200276.19,0.02660543110280497,1972.586405468508,2024
LN100709,Auto Loan,Central,Services,55692.0,715,36.94,18,1.203,307175.97,3,B,0,0.1162,327666.76,0.01967765201098458,749.2241900419983,2023
LN100710,SME Loan,South,Healthcare,127687.0,627,40.41,54,0.719,308555.37,1,D,0,0.0918,327937.81,0.03402130593082567,1024.2009010350794,2026
LN100711,Credit Card,Central,Healthcare,87321.0,700,16.54,68,0.196,51035.56,0,B,0,0.6202,65738.54,0.007055194501300769,287.6476349147415,2026
LN100712,Credit Card,West,Services,88636.0,785,8.54,80,0.35,198525.69,0,AA,0,0.4194,220865.64,0.0023134285756994783,214.29531671600486,2025
LN100713,SME Loan,East,Services,70308.0,817,31.46,12,1.501,77101.56,0,AA,0,0.05,82919.27,0.0026269920781670365,10.89141327086968,2025
LN100714,Credit Card,South,Services,48628.0,740,49.92,62,0.275,55271.28,0,A,0,0.3106,60452.65,0.013591954758019198,255.2106037890159,2024
LN100715,Retail Term Loan,East,Services,44027.0,679,37.14,34,0.234,98251.82,1,C,0,0.6934,104150.64,0.021259650669140626,1535.3305952829721,2025
LN100716,Auto Loan,West,Healthcare,194055.0,738,54.22,112,1.13,409690.94,0,A,0,0.05,412875.15,0.012763865595363893,263.49414611328535,2025
LN100717,Retail Term Loan,South,Other,79851.0,778,49.18,78,0.075,82009.22,0,AA,0,0.784,82563.67,0.009710522533547204,628.5613203420866,2024
LN100718,Credit Card,South,Manufacturing,139266.0,560,32.27,85,0.076,35048.76,2,E,0,0.98,41944.71,0.07388080237843626,3036.930653724203,2024
LN100719,SME Loan,Central,Healthcare,160643.0,786,47.39,66,1.14,43652.74,1,AA,0,0.05,46997.97,0.008395956710858861,19.729646080912172,2022
LN100720,Auto Loan,East,Healthcare,59831.0,655,51.79,56,1.568,167730.29,0,C,0,0.05,177923.71,0.02331039781167773,207.37362301147914,2025
LN100721,Auto Loan,West,Technology,94672.0,655,30.96,39,1.523,70549.46,0,C,0,0.05,75694.28,0.012230550187501136,46.28913452233817,2024
LN100722,Retail Term Loan,North,Other,76880.0,667,29.22,35,0.193,28710.46,0,C,0,0.7939,29491.19,0.014487632599915317,339.19974961694606,2025
LN100723,SME Loan,North,Manufacturing,39687.0,711,33.83,30,1.147,44876.44,0,B,0,0.05,45477.66,0.008621249645402451,19.603713007436664,2022
LN100724,Retail Term Loan,Central,Healthcare,67726.0,618,5.0,62,0.179,134873.13,2,D,0,0.8854,135519.69,0.018138024825729324,2176.365882712339,2025
LN100725,Retail Term Loan,North,Manufacturing,103608.0,671,35.65,82,0.207,207085.49,0,C,0,0.5659,214340.17,0.01702213490122814,2064.7015925577202,2025
LN100726,Retail Term Loan,West,Other,56998.0,724,41.37,40,0.0,87837.7,0,A,0,0.8855,94667.01,0.012962408796643747,1086.608103852314,2025
LN100727,Retail Term Loan,Central,Retail,62729.0,704,33.88,32,0.181,189005.65,0,B,0,0.6126,189640.82,0.011822994338615936,1373.5241462377944,2024
LN100728,Auto Loan,East,Manufacturing,68179.0,715,36.48,15,1.411,227680.31,0,B,0,0.05,244567.91,0.008435169277651183,103.14858603656798,2026
LN100729,Auto Loan,Central,Healthcare,239566.0,669,31.43,53,1.353,69331.16,1,C,0,0.05,70862.05,0.014704019701685077,52.09784896508965,2025
LN100730,Retail Term Loan,East,Healthcare,27351.0,735,6.04,75,0.173,110237.63,0,A,0,0.7014,110743.49,0.003623387920484791,281.44841003034344,2025
LN100731,Retail Term Loan,Central,Retail,98829.0,759,53.61,76,0.078,78819.03,0,A,0,0.8071,79908.87,0.013394216528871931,863.8526145082209,2023
LN100732,Retail Term Loan,South,Services,65245.0,755,27.22,78,0.042,174986.31,0,A,0,0.681,176371.95,0.006074674903973176,729.6249379907019,2023
LN100733,Auto Loan,East,Manufacturing,52727.0,718,23.97,57,0.9,78173.29,0,B,0,0.05,82425.66,0.0062743200298178365,25.858248475447745,2026
LN100734,Retail Term Loan,South,Other,64371.0,751,49.65,50,0.005,51329.61,0,A,0,0.6482,55254.22,0.012995815686266829,465.4553457692698,2026
LN100735,Credit Card,West,Services,108261.0,747,44.72,76,0.034,124499.58,0,A,0,0.5882,151346.06,0.011465754530997496,1020.7015619924865,2023
LN100736,Retail Term Loan,North,Other,111718.0,850,35.55,24,0.048,261055.55,1,AA,0,0.6629,262535.81,0.0041147516849349575,716.1107619581587,2026
LN100737,Retail Term Loan,Central,Technology,83079.0,769,42.0,38,0.006,171553.07,0,AA,0,0.7639,179062.39,0.008577700158707659,1173.3072328677695,2025
LN100738,Auto Loan,North,Healthcare,136797.0,684,16.99,86,0.943,242809.32,0,B,0,0.05,251254.34,0.0068917919396851365,86.57963176114545,2023
LN100739,Auto Loan,South,Healthcare,150708.0,631,30.95,24,1.275,228333.37,0,D,0,0.05,233439.18,0.016379192121598305,191.17725889641844,2023
LN100740,Retail Term Loan,East,Other,117507.0,673,48.83,47,0.0,123593.23,0,C,0,0.864,128916.93,0.026613406815811147,2964.3137598546273,2025
LN100741,Retail Term Loan,North,Manufacturing,55539.0,668,23.2,62,0.11,78984.37,0,C,0,0.7401,80535.1,0.01211496282192375,722.1005773205704,2022
LN100742,SME Loan,East,Other,98438.0,723,19.02,50,1.088,65279.69,0,A,0,0.05,66532.66,0.004865389869975903,16.18536649932755,2025
LN100743,Retail Term Loan,Central,Manufacturing,98696.0,644,33.02,73,0.296,39522.34,0,C,0,0.4017,42542.5,0.019805037761007883,338.4546724712822,2025
LN100744,Auto Loan,Central,Other,47889.0,767,33.33,82,1.336,275938.06,5,AA,0,0.182,292463.69,0.01736723569577778,924.4300222770134,2024
LN100745,Auto Loan,North,Services,31636.0,600,40.42,59,1.637,95208.4,0,D,0,0.05,101040.24,0.026993235527176723,136.37014980212314,2025
LN100746,Retail Term Loan,East,Other,24655.0,584,14.08,79,0.207,36384.85,2,D,0,0.6855,37872.38,0.032985513499412006,856.3539526461024,2025
LN100747,Auto Loan,East,Manufacturing,77938.0,681,5.0,28,1.182,284723.75,1,B,0,0.05,294404.85,0.005915096342458958,87.0716525718589,2025
LN100748,Credit Card,North,Retail,88359.0,635,43.98,45,0.126,128185.52,0,D,0,0.6101,144407.0,0.031698312295655014,2792.7072378623466,2024
LN100749,Credit Card,West,Technology,39154.0,608,17.92,101,0.307,236259.38,0,D,0,0.4927,274179.01,0.017292592650036378,2336.0217252483476,2025
LN100750,Retail Term Loan,East,Other,133327.0,649,24.07,91,0.052,99924.27,0,C,0,0.8681,107701.69,0.015154815011929793,1416.9121154693196,2026
LN100751,Retail Term Loan,West,Manufacturing,81549.0,641,5.0,20,0.254,68868.59,0,C,0,0.3288,72590.28,0.008490323738235139,202.64436458527572,2022
LN100752,Retail Term Loan,South,Manufacturing,157541.0,691,45.3,48,0.109,163942.53,0,B,0,0.6586,170601.69,0.019548709982002123,2196.4592936202757,2023
LN100753,Auto Loan,South,Technology,91953.0,650,36.55,51,1.306,173735.89,0,C,0,0.05,182491.42,0.01617847403171249,147.62163497401687,2025
LN100754,Credit Card,West,Manufacturing,41721.0,655,36.03,57,0.075,98648.32,0,C,0,0.6827,105059.6,0.02073933335002126,1487.5118632717815,2026
LN100755,Retail Term Loan,West,Healthcare,96500.0,690,35.94,76,0.081,300955.19,0,B,0,0.8909,306979.83,0.014798953878525572,4047.3411900800097,2024
LN100756,Retail Term Loan,North,Manufacturing,108424.0,756,5.22,88,0.106,232599.99,0,A,0,0.6194,248951.65,0.0029319657243767464,452.11102636986624,2024
LN100757,SME Loan,South,Other,55495.0,786,19.19,49,0.91,178185.75,0,AA,0,0.05,179616.97,0.002787998687334019,25.038593829145697,2026
LN100758,Retail Term Loan,East,Technology,33931.0,700,26.13,73,0.185,55175.07,0,B,0,0.2743,55199.75,0.009597731562094619,145.3220506005951,2023
LN100759,Auto Loan,Central,Other,79253.0,705,22.27,62,1.155,49993.37,1,B,0,0.05,53641.48,0.00819398658159693,21.97687836685001,2024
LN100760,Credit Card,South,Manufacturing,43251.0,678,28.47,48,0.0,277772.95,0,C,0,0.8289,333547.08,0.013378871238296727,3698.9525194620287,2024
LN100761,Retail Term Loan,South,Services,138931.0,721,35.2,11,0.216,25936.48,0,A,0,0.5481,27360.31,0.010382092065979886,155.69178276655245,2024
LN100762,Retail Term Loan,Central,Retail,59952.0,715,45.08,70,0.296,112596.0,1,B,0,0.4347,116908.73,0.019083322595514547,969.818746734884,2022
LN100763,Retail Term Loan,West,Manufacturing,193643.0,776,12.76,61,0.084,132972.56,0,AA,0,0.6214,137343.09,0.0030931416052780037,263.98415831962063,2024
LN100764,SME Loan,Central,Manufacturing,23317.0,567,31.89,57,1.618,85173.68,0,E,0,0.05,91918.16,0.028368943695505914,130.3810552817252,2025
LN100765,Retail Term Loan,West,Services,80772.0,675,41.25,26,0.261,117069.39,0,C,1,0.4445,120095.88,0.019279848405287552,1029.2087952420745,2023
LN100766,Retail Term Loan,Central,Healthcare,164622.0,712,19.99,91,0.19,161047.56,0,B,0,0.5332,162250.55,0.007026594951590057,607.8847350927091,2024
LN100767,Retail Term Loan,North,Healthcare,45962.0,688,29.49,51,0.136,79554.09,0,B,0,0.8064,81108.99,0.012129250714228825,793.3292840695855,2023
LN100768,Retail Term Loan,South,Manufacturing,68712.0,629,38.07,23,0.231,222400.31,0,D,0,0.735,239545.57,0.027178432608553942,4785.197751228141,2022
LN100769,Credit Card,South,Manufacturing,60088.0,606,32.15,19,0.177,180408.66,0,D,0,0.794,233083.87,0.028448288921013785,5264.884797610886,2026
LN100770,Retail Term Loan,North,Technology,51491.0,742,40.76,63,0.293,105796.85,0,A,0,0.6536,108268.31,0.009929000764969716,702.6174724059091,2024
LN100771,Auto Loan,West,Retail,85801.0,641,33.23,64,1.3,67288.53,4,C,0,0.214,70227.72,0.044270140286404136,665.3240775083822,2024
LN100772,Auto Loan,West,Healthcare,36782.0,576,27.95,38,0.969,112621.1,3,E,0,0.05,117947.45,0.057893474333340675,341.41938346289913,2024
LN100773,Credit Card,North,Services,70559.0,746,16.75,58,0.26,525821.03,0,A,0,0.6218,559850.01,0.004485659907670633,1561.5243155224205,2023
LN100774,Retail Term Loan,North,Retail,99612.0,720,35.21,63,0.0,70618.46,1,A,0,0.838,74139.15,0.014370769581317316,892.8359056647568,2024
LN100775,SME Loan,North,Services,66632.0,682,33.3,51,0.842,350387.0,0,B,0,0.0888,374202.6,0.012103480588279638,402.1888667803188,2023
LN100776,Credit Card,East,Services,43266.0,631,19.09,33,0.099,35123.3,1,D,0,0.7452,40881.09,0.019680081564618982,599.5455819467745,2025
LN100777,Retail Term Loan,East,Healthcare,132170.0,683,39.57,69,0.2,65689.65,1,B,0,0.6776,68283.28,0.022280540972104676,1030.8927918671939,2022
LN100778,Credit Card,South,Retail,112071.0,769,48.48,66,0.316,82076.44,0,AA,0,0.6413,91087.08,0.009734316648398602,568.6217783738173,2025
LN100779,SME Loan,Central,Technology,42302.0,585,23.42,60,1.493,233190.07,0,D,0,0.05,233971.76,0.01894032220114468,221.57502601844476,2026
LN100780,Retail Term Loan,South,Manufacturing,36809.0,588,22.54,30,0.104,124741.27,0,D,0,0.7459,129050.61,0.025439599189802937,2448.7865624459228,2026
LN100781,SME Loan,East,Technology,44431.0,649,22.07,19,1.168,300227.89,0,C,0,0.05,322925.47,0.010700728378634833,172.77688705064955,2026
LN100782,Auto Loan,East,Retail,101229.0,688,10.18,50,1.455,95072.73,0,B,0,0.05,101007.19,0.0046792858649426445,23.632075821228803,2025
LN100783,Credit Card,South,Other,87274.0,658,58.06,68,0.37,115560.0,2,C,0,0.5496,136208.0,0.061395097159583856,4596.031865294363,2023
LN100784,SME Loan,Central,Retail,115820.0,732,26.16,71,1.734,95336.7,0,A,0,0.05,99068.28,0.004744881978094681,23.503364818641888,2022
LN100785,Auto Loan,Central,Manufacturing,62684.0,761,20.84,61,0.875,495700.86,0,AA,0,0.05,513932.9,0.0037753274416794072,97.01324902759394,2022
LN100786,Credit Card,North,Healthcare,45100.0,708,17.35,38,0.117,54779.87,0,B,0,0.606,59115.88,0.006840498552949385,245.05554750737562,2025
LN100787,Retail Term Loan,East,Manufacturing,124319.0,726,26.96,30,0.153,84078.75,0,A,0,0.5934,86156.46,0.007739902254524335,395.704386376129,2025
LN100788,Credit Card,North,Other,55318.0,708,22.96,48,0.244,60516.63,0,B,0,0.5253,69077.61,0.0079155717363867,287.2281447331001,2023
LN100789,Credit Card,East,Retail,83104.0,691,50.69,48,0.04,179255.2,0,B,0,0.8858,196788.62,0.02355791719875728,4106.506807834168,2023
LN100790,Retail Term Loan,West,Healthcare,31977.0,606,15.77,72,0.14,53989.25,0,D,0,0.6202,56168.8,0.017184111764693744,598.6238230583904,2022
LN100791,Auto Loan,East,Technology,54822.0,623,12.0,37,0.765,429660.03,0,D,0,0.2323,434950.0,0.011057536455500547,1117.2411543106275,2026
LN100792,Retail Term Loan,South,Retail,130668.0,602,39.17,39,0.129,126972.14,0,D,0,0.8557,131719.87,0.0371631045068958,4188.753580256353,2023
LN100793,Retail Term Loan,South,Technology,50579.0,680,30.61,93,0.102,160157.51,0,B,0,0.7221,161312.7,0.013684269406825461,1593.997078326177,2025
LN100794,Retail Term Loan,South,Services,117386.0,705,29.1,82,0.262,165946.18,2,B,0,0.7978,177119.28,0.016576641601887463,2342.3749660597255,2025
LN100795,Retail Term Loan,South,Manufacturing,20810.0,596,39.28,29,0.29,118326.8,2,D,0,0.3569,124379.07,0.06251084592227733,2774.912090331162,2025
LN100796,Retail Term Loan,South,Healthcare,55137.0,695,33.78,80,0.306,130667.61,1,B,0,0.4819,136112.16,0.016130135301468354,1058.015091706305,2025
LN100797,Retail Term Loan,West,Other,68254.0,633,31.39,23,0.083,127332.74,1,D,0,0.6882,134767.97,0.02849441004631747,2642.7800799830484,2023
LN100798,Credit Card,North,Other,195564.0,621,13.73,38,0.092,172597.44,0,D,0,0.7234,198478.4,0.014136411320929044,2029.6956823407636,2023
LN100799,Credit Card,North,Services,39429.0,649,10.31,41,0.103,67480.14,0,C,0,0.6879,76033.11,0.009674578474289203,506.0111842364791,2026
LN100800,Credit Card,East,Retail,108477.0,617,22.89,46,0.222,59921.61,1,D,0,0.3595,66601.88,0.024540520539762054,587.5829070835729,2024
LN100801,Retail Term Loan,West,Retail,134129.0,729,17.9,62,0.03,213186.93,1,A,0,0.9014,217305.68,0.007554411816117028,1479.7532002665928,2025
LN100802,SME Loan,South,Healthcare,50434.0,679,35.5,50,0.416,119839.01,1,C,0,0.4785,120151.32,0.01928280153751883,1108.6146667677938,2024
LN100803,Auto Loan,South,Technology,61072.0,743,8.62,62,1.275,29458.28,0,A,0,0.05,29704.17,0.0027421306374686037,4.072635730878789,2024
LN100804,Retail Term Loan,West,Healthcare,81076.0,661,26.19,39,0.056,86043.99,0,C,0,0.7908,90548.19,0.014436059430218742,1033.7013784313144,2025
LN100805,Retail Term Loan,South,Other,33204.0,664,29.75,56,0.238,350189.26,1,C,0,0.6365,356513.75,0.019414847463841013,4405.636637745105,2026
LN100806,Credit Card,West,Retail,58392.0,812,31.48,50,0.232,107256.99,0,AA,0,0.5622,121086.07,0.0038253511748367343,260.40920730157126,2023
LN100807,Retail Term Loan,North,Technology,151313.0,585,37.19,17,0.102,82747.83,0,D,0,0.7732,84043.62,0.041234331973030044,2679.5110901046387,2023
LN100808,Auto Loan,North,Technology,99978.0,773,27.75,59,1.96,42145.84,5,AA,0,0.05,43182.82,0.011728419039706952,25.323310413811907,2022
LN100809,SME Loan,East,Other,68805.0,798,23.32,50,1.144,80641.23,5,AA,0,0.4454,81553.15,0.009879949026127708,358.8770257754334,2026
LN100810,Retail Term Loan,South,Retail,79812.0,740,48.18,32,0.104,53136.51,0,A,0,0.5714,54042.09,0.013437301030295362,414.9391557969902,2025
LN100811,Retail Term Loan,West,Services,103233.0,669,27.84,39,0.274,162054.86,0,C,0,0.4735,174705.74,0.013328646967693413,1102.5879008550414,2025
LN100812,SME Loan,East,Retail,114699.0,783,50.45,39,1.395,124212.85,0,AA,0,0.05,124451.68,0.006870540595733409,42.75251598236118,2022
LN100813,Auto Loan,South,Technology,55227.0,669,27.77,43,1.492,93043.55,0,C,0,0.05,97248.31,0.009742982304313641,47.374428172720364,2024
LN100814,Retail Term Loan,North,Other,174441.0,644,31.79,87,0.288,70382.12,0,C,0,0.4674,74795.55,0.01909244934535659,667.4613386785045,2022
LN100815,SME Loan,North,Healthcare,154699.0,665,30.2,94,1.311,349324.08,0,C,0,0.05,376752.49,0.01145307350773641,215.74869810963634,2025
LN100816,SME Loan,West,Manufacturing,108851.0,653,35.01,6,1.062,73242.08,2,C,0,0.2482,75342.88,0.02668777083692862,499.0640585804116,2024
LN100817,Auto Loan,South,Technology,47175.0,628,26.54,59,0.874,73432.94,0,D,0,0.1786,75222.67,0.016239487176403243,218.17375665239058,2026
LN100818,Credit Card,East,Manufacturing,42793.0,762,33.25,69,0.139,101231.92,0,AA,0,0.5662,120587.32,0.006712306340013922,458.2930562362011,2025
LN100819,Retail Term Loan,Central,Retail,62668.0,640,51.9,43,0.274,111643.25,0,C,0,0.4263,117251.15,0.03725407507042237,1862.1138443696266,2023
LN100820,Retail Term Loan,Central,Other,77549.0,688,45.64,68,0.0,168161.39,0,B,0,0.7337,174083.47,0.020898248504857907,2669.22966673462,2023
LN100821,Auto Loan,South,Other,28355.0,596,45.72,84,1.063,230166.53,3,D,0,0.0681,236236.78,0.0803345672791463,1292.4004037265559,2023
LN100822,Retail Term Loan,North,Manufacturing,98452.0,692,14.55,18,0.07,218414.14,0,B,0,0.7358,234350.95,0.007386773241798888,1273.74141294918,2023
LN100823,Credit Card,West,Manufacturing,152260.0,615,16.66,51,0.232,657482.26,0,D,0,0.4075,744514.49,0.015845946213407344,4807.496149684278,2026
LN100824,Credit Card,West,Healthcare,102981.0,613,34.83,91,0.15,36689.11,0,D,0,0.6356,44026.16,0.029149976007210598,815.7045742875193,2026
LN100825,Retail Term Loan,South,Retail,51710.0,683,42.02,21,0.131,141046.22,0,B,1,0.7357,152286.82,0.018919716233478993,2119.716070461036,2023
LN100826,Auto Loan,East,Retail,48452.0,759,25.25,45,0.821,83357.36,0,A,0,0.05,87132.95,0.004492885797238938,19.573919676326526,2023
LN100827,Retail Term Loan,North,Other,88447.0,719,22.93,38,0.137,489959.95,3,B,0,0.8382,523303.91,0.01597099941753365,7005.412775519342,2023
LN100828,SME Loan,West,Other,68935.0,723,50.12,71,1.085,135695.6,2,A,0,0.1143,139179.04,0.021963907306822367,349.40544549191134,2024
LN100829,Retail Term Loan,West,Other,95694.0,682,40.92,74,0.058,28983.34,3,B,0,0.98,29519.95,0.04049693067382853,1171.5580212719867,2024
LN100830,Credit Card,South,Healthcare,104421.0,668,45.75,52,0.049,162624.1,0,C,0,0.6375,198419.47,0.025029756863560938,3166.074320574098,2024
LN100831,Auto Loan,East,Other,136733.0,741,26.26,49,0.933,144643.84,0,A,0,0.1051,153383.26,0.005362604973337048,86.44830583806846,2022
LN100832,Auto Loan,South,Healthcare,40238.0,653,25.24,10,0.729,203957.94,5,C,0,0.614,219730.63,0.045925337453724825,6195.998845645105,2023
LN100833,Credit Card,North,Other,84722.0,744,44.34,79,0.149,72314.17,0,A,0,0.6478,83869.89,0.011321162505901039,615.0891148884365,2024
LN100834,Credit Card,North,Technology,61410.0,770,28.58,40,0.0,150953.35,0,AA,0,0.7242,159806.73,0.005549968658211771,642.3091607074033,2023
LN100835,Auto Loan,Central,Manufacturing,71040.0,635,24.06,45,1.165,99300.57,1,D,0,0.1376,105044.03,0.016904209017146028,244.33442650337403,2025
LN100836,Credit Card,East,Healthcare,120652.0,645,20.13,69,0.174,75003.77,0,C,0,0.7161,96685.56,0.013476120396754563,933.0398076110669,2023
LN100837,SME Loan,North,Other,128087.0,655,25.35,52,1.113,152535.67,0,C,0,0.05,157115.27,0.011368954560701638,89.31181827111845,2024
LN100838,Auto Loan,North,Services,161844.0,595,43.38,70,0.995,133545.34,1,D,0,0.05,134253.28,0.04687649444942284,314.6661567368405,2025
LN100839,Auto Loan,South,Retail,94780.0,659,12.37,61,1.501,250267.16,4,C,0,0.05,261536.85,0.018572466172030015,242.8692149682144,2025
LN100840,Retail Term Loan,Central,Technology,70596.0,775,40.18,52,0.005,122288.62,1,AA,0,0.7591,131666.39,0.009923519900616136,991.8355368322703,2026
LN100841,Credit Card,South,Technology,65262.0,622,22.79,55,0.157,183134.99,3,D,0,0.98,208910.0,0.03951409529224726,8089.7918545533075,2023
LN100842,Auto Loan,Central,Healthcare,28886.0,776,29.27,23,1.51,51536.4,0,AA,0,0.05,53317.83,0.0036309894516024814,9.679823915616717,2022
LN100843,Auto Loan,East,Retail,156701.0,662,30.1,45,1.436,318509.96,0,C,0,0.05,326303.61,0.01138034714843087,185.67241787930993,2024
LN100844,Retail Term Loan,West,Other,62831.0,827,29.13,72,0.124,69647.81,0,AA,0,0.6557,72399.55,0.0031568006504834765,149.86085564280998,2023
LN100845,SME Loan,West,Healthcare,99061.0,646,28.27,28,0.323,225775.94,0,C,0,0.3933,232019.8,0.016618706930539413,1516.5133006224553,2023
LN100846,Auto Loan,North,Other,108955.0,681,26.22,32,1.149,144268.32,0,B,0,0.05,154942.51,0.009024591742119196,69.91464481246105,2022
LN100847,Credit Card,North,Technology,37810.0,631,24.57,29,0.232,132015.37,0,D,0,0.5895,156393.54,0.017459426650526355,1609.6542379751113,2025
LN100848,Retail Term Loan,Central,Manufacturing,45135.0,645,49.16,51,0.259,204329.43,0,C,0,0.4595,208590.2,0.03278513234634687,3142.3630353928675,2024
LN100849,SME Loan,Central,Other,175625.0,777,32.33,79,1.212,26829.57,0,AA,0,0.05,27764.79,0.004281420412226488,5.9436369323590945,2024
LN100850,Retail Term Loan,North,Manufacturing,87990.0,721,30.36,60,0.22,80320.49,0,A,0,0.6783,80402.59,0.008893908544347278,485.04777330856194,2024
LN100851,Retail Term Loan,West,Services,54498.0,757,23.62,6,0.201,202306.21,2,A,0,0.7297,202659.24,0.008604965930979052,1272.5062119758788,2025
LN100852,SME Loan,Central,Services,69965.0,604,26.7,62,1.511,460796.69,0,D,0,0.05,477210.99,0.017448465672997,416.3299788895958,2023
LN100853,SME Loan,Central,Services,136308.0,733,23.66,38,1.199,117971.25,1,A,0,0.05,122093.04,0.006469283608540367,39.492725119443165,2024
LN100854,Retail Term Loan,South,Healthcare,125381.0,627,41.95,59,0.137,21783.47,0,D,0,0.8589,21804.06,0.031993531693823934,599.1590930379429,2026
LN100855,Auto Loan,Central,Retail,33487.0,603,22.2,45,1.418,96104.72,0,D,0,0.05,98926.28,0.015650725619334845,77.41340324107462,2022
LN100856,Credit Card,West,Services,184259.0,706,5.0,29,0.231,115052.3,2,B,0,0.5654,148424.84,0.00771043690847759,647.0552740718362,2025
LN100857,SME Loan,Central,Manufacturing,127596.0,705,32.76,46,0.821,260893.77,3,B,0,0.1398,266730.43,0.02090124326391766,779.3846649440467,2025
LN100858,Auto Loan,North,Services,68967.0,693,28.37,38,1.151,124130.31,0,B,0,0.05,127474.41,0.008606648617549409,54.85637272997133,2024
LN100859,Auto Loan,West,Healthcare,38941.0,737,24.38,55,1.327,49096.32,1,A,0,0.05,51444.91,0.0061633988573846525,15.853774975612815,2025
LN100860,Credit Card,North,Healthcare,133913.0,747,43.85,29,0.284,235553.8,2,A,0,0.6241,256018.02,0.017589516773991364,2810.4678758397745,2025
LN100861,Credit Card,South,Services,97468.0,786,5.0,23,0.182,178629.44,0,AA,0,0.6601,195437.62,0.0021364186944991927,275.615899742941,2025
LN100862,Credit Card,North,Manufacturing,33639.0,613,52.49,64,0.216,73561.82,0,D,0,0.5169,88854.58,0.0494282612817278,2270.1872711568703,2023
LN100863,Auto Loan,East,Technology,66013.0,788,45.71,72,1.099,198621.81,1,AA,0,0.0525,207869.11,0.007890133794941133,86.10604221110512,2024
LN100864,Retail Term Loan,Central,Healthcare,418586.0,812,23.84,61,0.133,81847.82,0,AA,0,0.8288,86387.46,0.003074143129761447,220.10227492494187,2023
LN100865,SME Loan,West,Manufacturing,75684.0,666,26.14,34,1.225,97392.2,0,C,0,0.05,100917.27,0.010194924383822117,51.442196833588014,2022
LN100866,SME Loan,South,Healthcare,49869.0,582,38.56,32,0.658,82823.34,0,D,0,0.1431,89048.77,0.038528590945596686,490.96517195936246,2024
LN100867,Credit Card,East,Services,43069.0,600,38.91,33,0.107,96595.58,0,D,0,0.8044,104650.5,0.03776622071355811,3179.193021702821,2022
LN100868,Retail Term Loan,South,Services,198769.0,660,23.76,68,0.32,226382.02,0,C,0,0.5048,239872.7,0.012618012630731371,1527.8866196239833,2022
LN100869,Retail Term Loan,West,Technology,119553.0,821,10.98,30,0.106,34378.86,0,AA,0,0.8052,35811.11,0.0018807602519163953,54.23192079578262,2026
LN100870,Credit Card,South,Manufacturing,162647.0,691,59.48,67,0.156,259922.18,0,B,0,0.6773,277058.79,0.030102088287505876,5648.714617013488,2026
LN100871,Retail Term Loan,North,Services,85969.0,650,44.43,62,0.342,135764.14,2,C,0,0.7222,144070.85,0.04396747993501581,4574.726939603394,2023
LN100872,SME Loan,East,Manufacturing,149485.0,645,34.04,75,1.302,91325.68,0,C,0,0.05,97353.75,0.015692332960520562,76.38537299776394,2023
LN100873,Auto Loan,Central,Services,47036.0,604,34.29,71,0.86,121756.84,0,D,0,0.1048,122371.17,0.026101511129103337,334.7387933506944,2024
LN100874,Credit Card,East,Healthcare,82016.0,747,40.08,60,0.084,63510.71,0,A,0,0.8326,69940.44,0.009770669308408742,568.9696245027845,2022
LN100875,SME Loan,South,Services,87827.0,684,41.63,16,0.99,38293.7,0,B,0,0.05,39895.42,0.014881803679945817,29.685790408449197,2024
LN100876,Auto Loan,North,Manufacturing,160426.0,826,5.0,61,0.722,64776.76,0,AA,0,0.0988,66796.05,0.0012622972120667837,8.33046700797686,2025
LN100877,Retail Term Loan,Central,Services,89376.0,731,27.44,51,0.113,31837.64,0,A,0,0.5499,32545.06,0.00756739399525046,135.43008226132437,2023
LN100878,Credit Card,West,Manufacturing,53168.0,744,26.09,40,0.152,46555.36,0,A,0,0.552,58668.73,0.006333048888448764,205.0966682928868,2025
LN100879,Auto Loan,North,Technology,77690.0,674,29.9,78,0.86,38534.95,0,C,0,0.05,39427.29,0.011678657672435347,23.022891143091673,2026
LN100880,Auto Loan,North,Other,29828.0,619,42.02,45,0.987,282637.43,0,D,0,0.05,295465.16,0.027933185897599355,412.6641620271968,2022
LN100881,Credit Card,North,Services,20925.0,633,8.73,36,0.0,48839.72,3,D,0,0.98,53838.2,0.023949049679149344,1263.5862519072587,2024
LN100882,SME Loan,South,Healthcare,118478.0,601,14.46,73,0.657,116584.85,0,D,0,0.196,121341.74,0.015163275478765524,360.6278932157774,2022
LN100883,Auto Loan,Central,Retail,61031.0,749,23.14,39,1.379,262226.18,0,A,0,0.05,281815.56,0.004006892451723346,56.46023200710939,2024
LN100884,Retail Term Loan,North,Manufacturing,64956.0,665,34.01,35,0.144,217577.24,0,C,0,0.5259,233126.28,0.017391215506513312,2132.182336686817,2022
LN100885,Auto Loan,Central,Healthcare,118452.0,752,42.82,23,1.05,97601.86,1,A,0,0.05,102201.43,0.01029809490810778,52.62400129421669,2024
LN100886,Auto Loan,North,Services,161716.0,699,53.21,30,1.142,97913.88,0,B,0,0.05,99503.08,0.01788167075849385,88.96406580080372,2024
LN100887,Retail Term Loan,West,Technology,100631.0,671,28.28,32,0.0,136128.22,1,C,0,0.8056,138141.76,0.018423042193230446,2050.2451307512033,2026
LN100888,Retail Term Loan,South,Technology,216573.0,614,42.8,62,0.172,526394.8,5,D,0,0.98,530991.54,0.12467106393750564,64875.2946289423,2023
LN100889,Credit Card,Central,Technology,98886.0,710,41.23,26,0.051,160232.33,0,B,0,0.8303,189655.82,0.014561757025973664,2293.057751194312,2022
LN100890,Retail Term Loan,East,Manufacturing,88562.0,676,39.04,7,0.19,191568.55,0,C,0,0.5698,194474.78,0.018138268219127774,2009.932874108344,2022
LN100891,SME Loan,South,Services,85601.0,749,31.68,55,0.797,586380.86,0,A,0,0.2187,607248.48,0.00611116426675105,811.5946528676562,2023
LN100892,Retail Term Loan,South,Healthcare,36983.0,643,26.81,34,0.219,145761.28,0,C,0,0.5488,149833.56,0.01676854175303484,1378.8546804079788,2025
LN100893,Retail Term Loan,Central,Other,126886.0,730,18.15,48,0.145,268001.62,0,A,0,0.5379,268678.83,0.005636965314586966,814.6674327403614,2026
LN100894,Credit Card,East,Manufacturing,19540.0,797,17.29,76,0.151,167653.51,2,AA,0,0.6098,207961.38,0.004847949543570766,614.7919918678713,2025
LN100895,SME Loan,South,Retail,54329.0,708,36.51,50,1.142,165952.57,0,B,0,0.05,178570.26,0.00967410708590156,86.3753908798642,2025
LN100896,Retail Term Loan,West,Other,75952.0,741,31.29,81,0.109,61139.28,0,A,0,0.5567,63125.95,0.007777470036661393,273.31753480065913,2025
LN100897,Retail Term Loan,East,Services,48575.0,727,26.6,47,0.127,54439.24,0,A,0,0.7766,55804.96,0.007629242264684876,330.6371078386206,2023
LN100898,Retail Term Loan,West,Retail,58500.0,813,40.64,70,0.268,83836.65,0,AA,0,0.4655,84166.83,0.005028628505899248,197.01995193426146,2026
LN100899,Auto Loan,East,Other,206261.0,714,29.39,36,1.211,222482.04,1,B,0,0.05,222800.51,0.00928981121563676,103.48873383237952,2026
LN100900,Auto Loan,North,Other,137648.0,735,20.13,50,1.239,215210.81,2,A,0,0.05,226133.44,0.00729119948207066,82.43920103034284,2023
LN100901,Retail Term Loan,North,Technology,51433.0,688,28.54,27,0.256,305125.19,1,B,0,0.7683,318296.39,0.014802062286230539,3619.8016494185463,2023
LN100902,Retail Term Loan,North,Healthcare,57929.0,640,42.67,30,0.232,119070.91,0,C,0,0.677,126545.42,0.028274419253567034,2422.304821816038,2025
LN100903,Auto Loan,East,Technology,37156.0,611,18.69,43,0.97,174846.96,1,D,0,0.05,182463.96,0.0188462750273474,171.93829863694575,2026
LN100904,SME Loan,East,Services,110524.0,772,34.72,19,0.746,175368.36,1,AA,0,0.05,178080.91,0.007101231770107556,63.22969078708323,2025
LN100905,Credit Card,West,Other,65374.0,624,31.28,52,0.018,111301.84,0,D,0,0.6082,119076.8,0.02431608157172933,1761.0316549535235,2024
LN100906,Auto Loan,Central,Manufacturing,25430.0,738,22.11,41,1.247,95814.83,0,A,0,0.05,102617.95,0.004460304629373176,22.885365872089256,2024
LN100907,Retail Term Loan,North,Manufacturing,79275.0,717,28.19,53,0.12,42435.83,0,B,0,0.7702,45085.64,0.008850099044697756,307.31933468596065,2024
LN100908,Retail Term Loan,Central,Technology,95481.0,750,11.57,19,0.226,107847.43,0,A,0,0.616,116057.16,0.0036900191832323985,263.8039383989066,2026
LN100909,Retail Term Loan,Central,Other,127385.0,657,33.43,63,0.125,111574.37,0,C,0,0.6328,119391.91,0.018516067284432433,1398.9111146180232,2025
LN100910,Credit Card,West,Healthcare,72034.0,639,14.26,85,0.117,265486.2,0,D,0,0.6635,329827.28,0.012025601633016761,2631.6874749772096,2025
LN100911,SME Loan,East,Healthcare,61100.0,715,45.94,81,1.365,284458.12,0,B,0,0.05,303612.69,0.011524693755324939,174.95216362402033,2022
LN100912,SME Loan,North,Retail,223617.0,671,30.8,90,1.41,132885.93,0,C,0,0.05,140659.22,0.010745626157782344,75.57356968826308,2023
LN100913,SME Loan,North,Retail,75272.0,610,24.57,49,0.47,508700.77,0,D,0,0.2075,528758.72,0.02006886417005503,2201.9042880605234,2025
LN100914,SME Loan,North,Retail,111413.0,816,47.09,40,1.46,137068.75,0,AA,0,0.05,141570.25,0.00441704400437161,31.266101197994498,2022
LN100915,SME Loan,West,Services,55742.0,639,18.59,59,1.226,247283.63,0,D,0,0.05,261068.81,0.01039099540161374,135.63824021073856,2023
LN100916,Retail Term Loan,East,Retail,109611.0,625,22.28,43,0.255,111881.45,0,D,0,0.6381,112517.42,0.017098797384917125,1227.648608909296,2025
LN100917,Retail Term Loan,North,Manufacturing,33680.0,674,8.22,10,0.044,54021.72,0,C,0,0.6836,56949.12,0.007228261985173109,281.3992636189081,2024
LN100918,Retail Term Loan,North,Services,58169.0,771,49.02,66,0.11,89107.03,1,AA,0,0.7594,92099.33,0.013284042256765974,929.0889867353501,2024
LN100919,Auto Loan,North,Other,38588.0,549,56.35,43,0.999,336745.49,1,E,0,0.0849,347033.98,0.10416804118245951,3069.122258237955,2023
LN100920,Retail Term Loan,West,Healthcare,53772.0,766,10.24,16,0.036,99738.36,0,AA,0,0.823,103489.99,0.0031822397548741006,271.03855741703757,2022
LN100921,Credit Card,West,Manufacturing,149194.0,631,21.39,37,0.187,86569.11,1,D,0,0.8168,104353.77,0.020688581655672916,1763.4152424387833,2026
LN100922,Credit Card,West,Services,53555.0,707,32.91,43,0.117,119658.95,0,B,0,0.4106,148810.57,0.011323997039452072,691.9145644613335,2023
LN100923,Auto Loan,North,Services,111333.0,646,25.3,48,1.554,91363.29,0,C,0,0.05,98496.09,0.011054453760197352,54.441023623261835,2024
LN100924,Retail Term Loan,North,Services,172774.0,819,31.59,49,0.328,276752.36,1,AA,0,0.7682,291055.92,0.004550101933743201,1017.3534590149878,2025
LN100925,Retail Term Loan,North,Healthcare,73871.0,698,30.47,78,0.116,449128.95,0,B,0,0.7976,478168.2,0.011427672919802572,4358.36539270399,2024
LN100926,Retail Term Loan,West,Other,129549.0,644,37.3,20,0.202,120499.57,0,C,0,0.5609,122106.11,0.02319626526418335,1588.6963671911722,2025
LN100927,SME Loan,West,Healthcare,100442.0,670,19.51,45,1.327,175179.42,0,C,0,0.05,182591.48,0.007742124536363198,70.68229887194352,2022
LN100928,Auto Loan,South,Retail,79960.0,696,34.5,29,0.832,236939.38,0,B,0,0.05,242843.62,0.011023294524515972,133.84683733298186,2024
LN100929,Credit Card,North,Manufacturing,113314.0,702,17.49,76,0.345,129473.4,3,B,0,0.8521,161780.26,0.015003500549213865,2068.2769542591677,2025
LN100930,Retail Term Loan,South,Manufacturing,206325.0,719,26.65,36,0.0,64906.86,1,B,0,0.8394,68562.01,0.011064855377115403,636.792951777037,2022
LN100931,Auto Loan,Central,Healthcare,52825.0,690,9.42,40,0.959,90096.55,0,B,0,0.05,90162.02,0.005089419302973852,22.943616249155728,2026
LN100932,Auto Loan,North,Healthcare,44253.0,600,26.74,71,1.011,160117.48,0,D,0,0.05,171203.45,0.02059983166784786,176.3381125477404,2024
LN100933,Credit Card,West,Technology,42847.0,668,24.55,77,0.103,158089.33,1,C,1,0.5519,176418.14,0.016419894079510704,1598.725802505118,2025
LN100934,Credit Card,East,Technology,129596.0,729,44.27,80,0.191,34225.12,0,A,0,0.6116,41146.44,0.012900935473397086,324.65414022184297,2022
LN100935,Retail Term Loan,North,Other,139580.0,646,31.23,12,0.0,88398.68,0,C,0,0.6474,89336.05,0.01979964535746126,1145.1354324838228,2024
LN100936,SME Loan,Central,Healthcare,55819.0,734,33.59,59,1.235,71635.22,0,A,0,0.05,76163.66,0.006705286565725113,25.53495830972276,2023
LN100937,Retail Term Loan,East,Manufacturing,23166.0,692,31.71,54,0.181,222537.58,3,B,0,0.8095,236794.28,0.026879169371916367,5152.33276554179,2024
LN100938,SME Loan,West,Retail,51747.0,676,5.0,47,0.973,73605.75,0,C,0,0.05,78209.35,0.00504053183256012,19.710835913941793,2026
LN100939,Retail Term Loan,North,Manufacturing,101373.0,768,6.04,49,0.114,86894.01,0,AA,0,0.5683,91799.34,0.0026748591901992313,139.54624018030714,2025
LN100940,Retail Term Loan,South,Retail,72298.0,577,27.86,76,0.0,84794.25,0,E,0,0.6476,90147.42,0.03416936933806308,1994.7896445815231,2025
LN100941,Credit Card,West,Technology,82821.0,646,35.62,71,0.215,208809.83,1,C,0,0.6224,234432.15,0.027825825790050707,4060.0821061991305,2026
LN100942,Retail Term Loan,West,Services,56241.0,770,28.95,68,0.016,236437.23,0,AA,0,0.7204,237088.01,0.005592787693945863,955.2380845531659,2023
LN100943,Auto Loan,North,Manufacturing,131005.0,809,20.77,53,1.64,169523.78,0,AA,0,0.05,182971.49,0.001945181750797995,17.795640163215893,2022
LN100944,Auto Loan,West,Retail,90581.0,839,28.88,98,0.371,260337.36,0,AA,0,0.4619,276264.79,0.002616918196060961,333.9363121818774,2025
LN100945,Retail Term Loan,Central,Technology,103549.0,693,27.75,39,0.23,284941.06,4,B,0,0.98,297364.07,0.030027591160330103,8750.544185337147,2022
LN100946,Credit Card,West,Healthcare,81857.0,720,42.13,12,0.22,33793.74,0,A,0,0.7559,40931.4,0.013042862546010095,403.54675749351117,2025
LN100947,SME Loan,South,Manufacturing,100072.0,743,41.4,42,0.719,181604.22,0,A,0,0.1097,195959.91,0.008999284292024184,193.4558337102632,2024
LN100948,SME Loan,Central,Services,96515.0,773,24.81,49,1.306,92631.82,0,AA,0,0.05,93319.91,0.0034161069410797978,15.939539614597104,2023
LN100949,Retail Term Loan,West,Healthcare,45017.0,710,31.35,77,0.104,49787.69,0,B,0,0.8714,52847.24,0.010506843756648667,483.85155424670904,2025
LN100950,Auto Loan,North,Healthcare,92081.0,750,35.59,37,0.797,95935.65,3,A,0,0.4701,96976.96,0.014981372051125907,682.9838063209777,2024
LN100951,Retail Term Loan,North,Other,115910.0,720,37.52,59,0.02,200155.44,0,A,0,0.6433,209109.39,0.011861646125192322,1595.6294740388862,2023
LN100952,Retail Term Loan,Central,Healthcare,141573.0,724,53.48,16,0.203,332342.09,0,A,0,0.6005,344724.71,0.018042276699531873,3734.8809710930227,2025
LN100953,Retail Term Loan,South,Other,94287.0,630,31.63,72,0.081,46801.81,0,D,0,0.6768,47204.43,0.02286118551743302,730.3681998620639,2023
LN100954,SME Loan,North,Technology,44106.0,669,47.19,50,0.988,185004.99,0,C,0,0.05,187646.75,0.02046198423790209,191.9812420396777,2023
LN100955,SME Loan,East,Other,48003.0,656,16.92,42,1.137,475055.68,0,C,0,0.05,488794.17,0.008563754608459134,209.29566629627288,2025
LN100956,Credit Card,East,Retail,59037.0,613,23.71,95,0.207,432256.56,3,D,0,0.834,528828.4,0.0436462342700394,19249.861108031786,2024
LN100957,Auto Loan,East,Other,83237.0,583,5.0,72,1.157,10699.3,0,D,0,0.05,10900.35,0.011754026405627694,6.406150086529192,2024
LN100958,Auto Loan,West,Retail,70124.0,662,33.97,25,1.464,551536.38,0,C,0,0.05,573000.82,0.012772908362437461,365.9443482730761,2024
LN100959,Auto Loan,Central,Retail,40424.0,673,40.42,46,1.182,235149.27,0,C,0,0.05,246341.21,0.015150365669178122,186.6079705443899,2025
LN100960,Auto Loan,West,Healthcare,40292.0,697,5.0,108,1.043,23862.87,3,B,0,0.3505,25228.61,0.00886486766662151,78.38872531651283,2023
LN100961,Auto Loan,North,Retail,23649.0,726,34.45,92,1.14,70212.69,3,A,0,0.1755,72027.64,0.016650494233226506,210.47641368148655,2026
LN100962,Retail Term Loan,North,Manufacturing,18000.0,702,39.85,68,0.25,289433.8,4,B,0,0.8791,304465.47,0.03994254166345316,10690.844741842402,2024
LN100963,Retail Term Loan,North,Other,69756.0,673,39.11,7,0.228,154422.38,0,C,0,0.5569,161934.8,0.018524964470953115,1670.6089004106088,2023
LN100964,SME Loan,South,Retail,268705.0,631,16.45,77,1.511,80296.23,0,D,0,0.05,84815.29,0.009745771916846778,41.329523570060765,2023
LN100965,Auto Loan,South,Other,201485.0,747,42.05,34,1.641,125714.78,0,A,0,0.05,135331.64,0.006979720270619047,47.22884954820598,2026
LN100966,SME Loan,Central,Retail,43792.0,683,32.12,77,0.613,175850.64,0,B,0,0.2095,188524.78,0.012243633372314598,483.57382631845803,2022
LN100967,Retail Term Loan,South,Other,81446.0,662,39.68,32,0.033,79998.15,0,C,0,0.5979,85357.67,0.021994994085551705,1122.5222410455908,2025
LN100968,Auto Loan,North,Technology,33514.0,678,30.36,59,1.408,109783.42,0,C,0,0.05,116025.55,0.009913831977035137,57.51289038715446,2022
LN100969,Retail Term Loan,Central,Healthcare,36446.0,642,36.95,34,0.344,224827.56,0,C,0,0.2962,229888.38,0.02255830725472609,1536.06142080011,2026
LN100970,Retail Term Loan,South,Healthcare,38818.0,656,46.42,40,0.187,73473.03,0,C,0,0.4066,74336.01,0.027645368552552386,835.5818634654509,2026
LN100971,Retail Term Loan,Central,Services,66252.0,653,29.35,62,0.058,46413.95,0,C,0,0.5933,48994.19,0.01720539798785968,500.1308604208021,2023
LN100972,Retail Term Loan,West,Healthcare,67839.0,671,35.69,19,0.168,76812.95,0,C,0,0.554,80433.27,0.017213274336047853,767.024048009496,2022
LN100973,SME Loan,Central,Other,86183.0,733,48.25,100,1.646,64408.98,0,A,0,0.05,67330.73,0.009712236512255968,32.696598715142414,2022
LN100974,Retail Term Loan,Central,Technology,108014.0,716,30.27,25,0.16,78577.45,0,B,0,0.5792,83026.21,0.009448605325923428,454.3719106863997,2026
LN100975,Credit Card,North,Other,62315.0,791,17.37,24,0.198,35811.56,0,AA,0,0.7521,42484.38,0.003011075415102973,96.2113938194215,2025
LN100976,Auto Loan,West,Other,76508.0,769,40.79,62,1.382,141517.93,0,AA,0,0.05,144128.26,0.0057984330809475034,41.785903534170146,2026
LN100977,Auto Loan,East,Technology,41095.0,817,50.65,76,1.313,220260.88,0,AA,0,0.05,236355.64,0.005089797045837664,60.150111911953516,2024
LN100978,Auto Loan,West,Retail,35802.0,726,48.75,41,1.523,67984.68,0,A,0,0.05,72774.76,0.010889847194826361,39.62530080200808,2025
LN100979,Retail Term Loan,West,Other,32886.0,725,41.29,24,0.079,76028.88,0,A,0,0.5132,76795.33,0.012551021795187935,494.6528804592271,2026
LN100980,SME Loan,East,Services,107187.0,658,5.0,28,1.367,105248.18,0,C,0,0.05,110264.54,0.005417875950995583,29.86997997567952,2023
LN100981,Credit Card,South,Technology,62280.0,744,23.73,25,0.119,63407.24,1,A,0,0.5382,73486.69,0.007695185180544845,304.3487028037187,2022
LN100982,Credit Card,Central,Healthcare,26799.0,647,24.4,55,0.181,238922.57,1,C,0,0.6064,281186.49,0.019565672842246123,3336.1719809741035,2023
LN100983,Auto Loan,West,Other,72442.0,594,32.58,46,1.139,64420.31,0,D,0,0.05,67117.15,0.02534856651646333,85.06617705852233,2024
LN100984,Retail Term Loan,Central,Services,37737.0,789,53.95,57,0.315,83043.3,0,AA,0,0.3352,89109.56,0.009561178596167832,285.5878584418448,2025
LN100985,SME Loan,South,Manufacturing,186923.0,609,17.95,56,1.284,70330.4,0,D,0,0.05,74668.66,0.013370648270061644,49.91841948284106,2026
LN100986,Retail Term Loan,Central,Retail,54551.0,719,61.15,66,0.216,242918.43,0,B,1,0.4092,255693.0,0.023990230478322553,2510.087633493074,2025
LN100987,Retail Term Loan,South,Other,109106.0,633,27.03,39,0.162,102077.93,1,D,0,0.5361,105608.74,0.024379083457700058,1380.2668018975173,2022
LN100988,Retail Term Loan,East,Technology,136513.0,763,22.03,32,0.185,484282.42,5,AA,0,0.9358,514351.37,0.01692703554672999,8147.490223610616,2026
LN100989,Credit Card,Central,Manufacturing,44357.0,772,42.99,51,0.131,153719.12,0,AA,0,0.5135,171340.46,0.008329403841738447,732.8486553425009,2025
LN100990,Credit Card,South,Manufacturing,78203.0,724,44.02,47,0.189,269992.35,1,A,0,0.6433,304074.02,0.0174090492482871,3405.3983477996726,2023
LN100991,Credit Card,South,Retail,101687.0,771,40.45,54,0.077,95631.4,0,AA,0,0.6881,122951.3,0.007865314438830508,665.4275420556476,2026
LN100992,Credit Card,Central,Retail,79921.0,690,22.0,32,0.348,62032.43,1,B,0,0.3384,73938.71,0.011533274860076098,288.57244943364833,2023
LN100993,Retail Term Loan,Central,Manufacturing,91478.0,835,38.53,62,0.0,117246.57,0,AA,0,0.7173,118622.54,0.004073769466444271,346.62868428851925,2024
LN100994,SME Loan,South,Retail,36096.0,739,18.56,22,1.765,74601.55,0,A,0,0.05,79661.85,0.003451669820139404,13.748320173073612,2025
LN100995,Auto Loan,South,Retail,101718.0,631,21.64,38,1.521,29622.12,1,D,0,0.05,31673.22,0.014861916579476886,23.536237672170948,2022
LN100996,Credit Card,South,Services,57403.0,695,30.77,73,0.187,243948.13,0,B,0,0.4587,268413.02,0.011659707001500997,1435.5553952313282,2025
LN100997,Retail Term Loan,North,Services,90893.0,680,21.34,23,0.032,122782.17,5,B,0,0.98,129971.82,0.03767934127485534,4799.307510656187,2024
LN100998,SME Loan,East,Technology,124397.0,674,45.69,71,0.635,73499.6,0,C,0,0.3598,74884.19,0.02035573671043708,548.4513633780815,2024
LN100999,Retail Term Loan,South,Other,108346.0,582,24.48,17,0.211,156160.12,4,D,0,0.8477,159047.97,0.07587949798389297,10230.450596840079,2025
LN101000,Retail Term Loan,Central,Other,90857.0,715,29.13,13,0.284,124007.81,1,B,0,0.5343,125260.86,0.01156686822785655,774.1343729212637,2022
LN101001,Auto Loan,North,Technology,106768.0,600,20.56,15,1.525,321933.57,0,D,0,0.05,339632.31,0.014881651951208847,252.71449144025343,2023
LN101002,Retail Term Loan,West,Manufacturing,109521.0,526,45.49,51,0.231,162465.14,0,E,0,0.6599,174261.24,0.0877050148941099,10085.637510314633,2023
LN101003,Retail Term Loan,East,Other,170718.0,668,23.34,64,0.104,107516.92,3,C,0,0.793,112456.99,0.026465051315708123,2360.11074884994,2023
LN101004,Credit Card,West,Other,73608.0,641,46.85,76,0.183,194978.91,0,C,0,0.4164,205126.88,0.032291760962500395,2758.1953644628747,2024
LN101005,Auto Loan,North,Services,82078.0,634,45.89,75,1.246,117016.72,0,D,0,0.05,118788.25,0.025636222949547927,152.26410303933184,2025
LN101006,SME Loan,East,Retail,125227.0,500,26.2,67,0.961,136479.54,0,E,0,0.1193,138307.08,0.052290672092561684,862.7979010853117,2023
LN101007,Retail Term Loan,West,Manufacturing,57270.0,635,32.39,30,0.269,283102.35,0,D,0,0.5549,287743.93,0.021293212975455337,3399.8682957775154,2025
LN101008,Credit Card,South,Healthcare,35985.0,679,25.84,30,0.0,52957.58,0,C,0,0.7432,61422.63,0.01219302496682693,556.603037743026,2025
LN101009,Auto Loan,Central,Healthcare,98373.0,649,39.09,65,1.306,65575.37,0,C,0,0.05,70795.03,0.017694739098370733,62.63497926556646,2022
LN101010,Credit Card,East,Manufacturing,66965.0,715,29.47,79,0.205,89473.46,0,B,0,0.4853,112983.71,0.009193837202399892,504.1072367385119,2023
LN101011,Auto Loan,South,Healthcare,38604.0,781,26.57,25,1.263,99124.0,0,AA,0,0.05,99868.76,0.0033823561025488253,16.8895854919992,2024
LN101012,Auto Loan,North,Retail,98769.0,724,32.6,76,1.249,269634.98,0,A,0,0.05,273986.86,0.0071277296838241294,97.6452137499883,2025
LN101013,SME Loan,North,Technology,164780.0,757,11.43,6,1.424,44576.29,0,A,0,0.05,47006.22,0.002521652038945566,5.926666525306192,2022
LN101014,Retail Term Loan,East,Services,30604.0,762,31.01,57,0.338,117547.42,0,AA,0,0.3831,124033.1,0.005938610924148163,282.18545399417485,2024
LN101015,Retail Term Loan,East,Healthcare,131600.0,624,40.44,46,0.137,81609.61,0,D,0,0.4357,82982.15,0.031399645570623504,1135.2643199984989,2026
LN101016,Credit Card,Central,Retail,18580.0,719,33.79,44,0.216,394582.97,0,B,0,0.3977,474179.01,0.01012001171019249,1908.4418501629596,2024
LN101017,Credit Card,West,Other,60179.0,755,44.37,49,0.117,222780.06,4,A,0,0.9048,269610.17,0.02892402602169429,7055.8218310634875,2023
LN101018,Retail Term Loan,North,Manufacturing,206391.0,662,27.1,29,0.164,141822.51,0,C,0,0.707,147823.54,0.014316752464479393,1496.2615926363692,2025
LN101019,Auto Loan,East,Technology,62609.0,639,26.03,58,0.549,236436.96,1,D,0,0.4839,252000.68,0.020241958600199998,2468.36776984943,2024
LN101020,SME Loan,East,Services,78803.0,724,17.47,49,0.935,47650.06,0,A,0,0.1019,49080.57,0.004770229418663174,23.857396489783362,2026
LN101021,Credit Card,North,Other,114099.0,594,26.73,69,0.269,496083.81,1,D,0,0.5785,579168.6,0.03393520423578462,11369.957435121069,2026
LN101022,SME Loan,West,Technology,29178.0,619,57.56,83,1.03,66566.01,1,D,0,0.0618,71456.43,0.05737084425564073,253.35007128551496,2023
LN101023,Auto Loan,East,Healthcare,78034.0,647,35.58,51,1.582,289268.9,5,C,0,0.05,311235.36,0.053936924253855364,839.3539018720703,2026
LN101024,Credit Card,North,Manufacturing,77696.0,719,24.39,30,0.0,176557.65,0,B,0,0.6612,224157.11,0.007933917040557507,1175.9071164598909,2025
LN101025,Retail Term Loan,East,Healthcare,208881.0,704,18.92,23,0.121,144390.16,3,B,0,0.9214,145231.33,0.016302570301438456,2181.54715146691,2023
LN101026,SME Loan,West,Manufacturing,38009.0,757,11.22,85,0.84,280942.2,2,A,0,0.1521,296861.46,0.004920156092321046,222.1579780632362,2025
LN101027,Auto Loan,South,Retail,60803.0,630,21.2,83,1.042,241072.85,3,D,0,0.2697,241158.55,0.027977825335991274,1819.6906558117937,2023
LN101028,Credit Card,South,Services,45010.0,627,41.87,68,0.255,129367.77,0,D,0,0.7145,147007.73,0.030985409898737187,3254.6152148318456,2022
LN101029,Auto Loan,North,Manufacturing,42460.0,724,26.45,49,1.611,89333.16,0,A,0,0.05,95209.57,0.005339107430631944,25.416706132713617,2025
LN101030,Auto Loan,South,Technology,139430.0,638,19.54,66,0.839,130792.49,0,D,0,0.05,131733.36,0.01193568614730581,78.61640200450248,2024
LN101031,Credit Card,Central,Services,76107.0,651,20.97,77,0.142,111667.65,3,C,0,0.7091,126797.15,0.028575378092125975,2569.265367748319,2026
LN101032,Auto Loan,West,Technology,55253.0,569,40.44,34,1.566,153743.5,5,E,0,0.05,159997.98,0.12467847556470626,997.4152119916182,2024
LN101033,SME Loan,North,Healthcare,56411.0,709,30.94,49,1.396,245158.38,4,B,0,0.05,264522.37,0.021265066487634328,281.25428927583044,2025
LN101034,Auto Loan,East,Services,55021.0,790,23.85,24,1.281,166582.33,0,AA,0,0.05,173711.73,0.0028294166054222687,24.575142670931484,2025
LN101035,Credit Card,North,Healthcare,57795.0,623,27.99,45,0.217,136578.64,1,D,0,0.8346,167323.68,0.027228130055312435,3802.3632541437064,2025
LN101036,Retail Term Loan,East,Services,37414.0,756,60.68,82,0.035,75922.64,0,A,0,0.5311,80184.49,0.017419606688996916,741.831068035831,2023
LN101037,Auto Loan,North,Services,65052.0,686,47.86,72,1.076,150618.7,0,B,0,0.05,154262.99,0.01738737997411964,134.11146115369093,2023
LN101038,Auto Loan,West,Technology,61555.0,575,51.09,51,1.434,36610.63,0,E,0,0.05,37318.31,0.04982974757811184,92.97809836708633,2026
LN101039,Retail Term Loan,East,Technology,49437.0,632,9.22,6,0.29,68664.79,0,D,0,0.7369,71992.73,0.010486704796677238,556.3348190207456,2023
LN101040,Retail Term Loan,West,Technology,81676.0,628,30.04,34,0.285,183435.18,0,D,0,0.4558,188315.23,0.02105146502886521,1806.9331720132059,2025
LN101041,Credit Card,East,Services,85578.0,669,23.62,50,0.183,222989.07,0,C,0,0.3732,289334.0,0.01193573122910889,1288.8136791441243,2022
LN101042,Credit Card,South,Technology,55220.0,717,39.07,43,0.185,118276.77,0,B,0,0.5578,131089.45,0.012292599870711345,898.8557410846404,2025
LN101043,Credit Card,South,Services,69284.0,810,45.78,49,0.285,138128.6,0,AA,0,0.522,149382.41,0.006071307668974684,473.42611029320454,2023
LN101044,Retail Term Loan,South,Services,245852.0,597,36.24,53,0.0,155504.48,0,D,0,0.775,166992.46,0.03673016219406228,4753.586609263729,2025
LN101045,Retail Term Loan,East,Other,240742.0,658,20.66,36,0.333,193349.01,0,C,0,0.5579,208131.25,0.011620340528762433,1349.3123922197904,2025
LN101046,Retail Term Loan,East,Manufacturing,42003.0,632,23.41,48,0.076,104220.13,0,D,0,0.6707,110309.52,0.017347107180176877,1283.4187002571932,2025
LN101047,Credit Card,West,Retail,45356.0,608,40.07,45,0.176,60305.26,0,D,0,0.7457,66998.48,0.035709159674789055,1784.0569897088817,2023
LN101048,SME Loan,North,Retail,41880.0,696,41.36,33,1.056,157356.48,0,B,0,0.05,163156.92,0.012937626499048867,105.54316458475982,2023
LN101049,Retail Term Loan,South,Services,134138.0,690,33.83,89,0.034,472626.48,0,B,0,0.5826,476336.17,0.014011081998077058,3888.2637405365367,2022
LN101050,Credit Card,Central,Healthcare,60238.0,572,33.69,38,0.196,62914.38,2,E,0,0.8347,78768.41,0.067214329244171,4419.207169803042,2023
LN101051,Retail Term Loan,Central,Retail,85568.0,691,32.65,6,0.174,109799.11,1,B,0,0.6556,115426.62,0.01672191744286903,1265.4092314250765,2024
LN101052,Retail Term Loan,Central,Healthcare,224937.0,612,35.5,87,0.139,91571.42,0,D,0,0.6373,94483.67,0.030128122842493246,1814.148132312342,2024
LN101053,Retail Term Loan,South,Retail,74570.0,691,41.31,29,0.135,649842.88,0,B,0,0.5861,661212.6,0.01712817809941227,6637.7977009014485,2026
LN101054,Retail Term Loan,North,Other,110601.0,773,40.19,68,0.303,61251.23,0,AA,0,0.3866,66088.79,0.007221023871437903,184.49662710477102,2025
LN101055,Credit Card,North,Healthcare,99855.0,720,32.31,33,0.369,107250.92,1,A,0,0.4914,131912.7,0.011933241409769972,773.5353906478965,2024
LN101056,SME Loan,North,Services,54270.0,702,31.36,61,0.845,92963.91,0,B,0,0.05,98403.88,0.009388597028141906,46.19371876628164,2025
LN101057,Retail Term Loan,Central,Other,134293.0,656,30.87,47,0.178,49871.47,0,C,0,0.5356,52614.44,0.017014710270316053,479.47953883126735,2024
LN101058,Auto Loan,Central,Other,47000.0,694,21.86,70,0.827,48011.01,2,B,0,0.1622,50164.69,0.012684408290393344,103.20938625674816,2024
LN101059,Credit Card,Central,Technology,156714.0,727,21.69,43,0.213,178637.77,0,A,0,0.5316,201202.85,0.006382697633753731,682.6897330650978,2022
LN101060,SME Loan,West,Manufacturing,54293.0,720,39.07,34,1.073,197067.99,3,A,0,0.1246,210533.83,0.02073558053778111,543.9464320114076,2025
LN101061,Credit Card,South,Technology,57662.0,684,22.73,54,0.227,81112.87,3,B,0,0.7747,99667.95,0.02163726025998978,1670.6726022283588,2023
LN101062,Retail Term Loan,East,Healthcare,41216.0,704,42.58,40,0.036,321754.63,0,B,0,0.7232,339209.08,0.016152481405870084,3962.462236073342,2023
LN101063,Credit Card,Central,Retail,45112.0,604,31.33,6,0.235,24826.77,4,D,0,0.8973,27186.76,0.07589975245009314,1851.5501539725003,2024
LN101064,Retail Term Loan,Central,Manufacturing,59309.0,642,42.65,35,0.306,49727.65,0,C,0,0.5999,50206.21,0.02721866259965448,819.7908796493995,2025
LN101065,SME Loan,East,Technology,19693.0,736,40.28,111,1.455,67369.16,0,A,0,0.05,69882.4,0.007691960168004362,26.876631862227402,2026
LN101066,Auto Loan,Central,Healthcare,65967.0,745,42.96,8,1.691,119250.28,0,A,0,0.05,126781.48,0.007231081208924406,45.838358883381275,2024
LN101067,Credit Card,South,Services,56719.0,696,25.81,53,0.069,87519.07,2,B,0,0.98,99788.19,0.017099409725951538,1672.192763688678,2026
LN101068,Retail Term Loan,East,Retail,115815.0,786,37.32,43,0.14,104246.55,0,AA,0,0.398,110346.33,0.006063676621352284,266.3035756662636,2024
LN101069,Auto Loan,Central,Manufacturing,94644.0,723,41.59,88,1.002,168516.02,0,A,0,0.05,173582.14,0.010202717995120418,88.5504811704756,2025
LN101070,SME Loan,South,Healthcare,50820.0,675,11.83,24,0.95,332766.27,0,C,0,0.05,354158.94,0.006364919092548386,112.70964995013492,2026
LN101071,Credit Card,West,Other,58282.0,611,54.12,50,0.116,210438.45,0,D,0,0.7349,245310.44,0.054214850914027765,9773.779718313872,2024
LN101072,Auto Loan,East,Healthcare,65920.0,784,61.46,63,1.076,124810.82,0,AA,0,0.05,133134.96,0.01047889161647743,69.75534081020291,2024
LN101073,SME Loan,South,Retail,169824.0,740,44.31,44,1.274,113453.45,0,A,0,0.05,119381.31,0.00881345203213419,52.60807246091709,2022
LN101074,SME Loan,South,Manufacturing,47714.0,807,42.48,31,1.729,259428.16,0,AA,0,0.05,269896.03,0.0038801712240030136,52.36214045393271,2026
LN101075,Retail Term Loan,West,Retail,50482.0,831,39.65,48,0.085,448745.59,0,AA,0,0.6409,479425.75,0.004293259625120752,1319.163967353817,2023
LN101076,Auto Loan,East,Other,40317.0,606,27.8,41,1.833,187597.14,0,D,0,0.05,193289.65,0.016331095380216633,157.8315855079345,2024
LN101077,Auto Loan,South,Manufacturing,33194.0,607,30.57,41,0.812,85150.35,0,D,0,0.05,91705.51,0.022859833008053516,104.81863222591909,2025
LN101078,Credit Card,West,Services,88796.0,504,44.54,68,0.139,143875.95,3,E,0,0.7811,156067.48,0.2065984861186445,25185.245613884817,2024
LN101079,Retail Term Loan,North,Other,83855.0,750,19.35,57,0.154,180135.67,1,A,0,0.9096,184010.11,0.006261557025652033,1048.0318394071433,2025
LN101080,Retail Term Loan,North,Technology,151867.0,733,18.21,60,0.058,81360.48,0,A,0,0.5715,83806.38,0.00561091304610527,268.73662267298107,2025
LN101081,SME Loan,Central,Services,132989.0,696,26.83,55,1.39,219976.32,0,B,0,0.05,235743.17,0.007489172878955759,88.27606775815286,2026
LN101082,SME Loan,West,Manufacturing,280312.0,610,40.53,69,1.609,144361.54,0,D,0,0.05,147278.83,0.024821163576111888,182.78159653641873,2022
LN101083,Credit Card,East,Retail,72014.0,684,20.74,77,0.165,271171.76,0,B,0,0.7826,289998.28,0.009478324421290228,2151.130882202392,2023
LN101084,SME Loan,North,Technology,64988.0,702,29.07,42,1.273,60568.35,1,B,0,0.05,60947.86,0.010155551447900313,30.94795639347128,2026
LN101085,Credit Card,East,Other,36685.0,741,30.61,66,0.107,35461.85,0,A,0,0.8955,38200.64,0.007614915752809363,260.4961638241942,2023
LN101086,Credit Card,East,Other,110014.0,708,18.85,19,0.235,91155.24,0,B,0,0.6058,111288.91,0.006961120511539993,469.310542446583,2025
LN101087,Credit Card,East,Retail,80052.0,733,5.0,6,0.294,122010.56,0,A,0,0.5013,149246.08,0.0034636822564982107,259.1425228728485,2024
LN101088,Auto Loan,North,Retail,107306.0,682,18.66,88,1.079,34016.98,2,B,0,0.1094,34744.06,0.012055801578220409,45.82410377596723,2026
LN101089,Auto Loan,East,Other,40084.0,767,35.39,41,1.215,78380.17,0,AA,0,0.05,82096.87,0.0051944305107652425,21.322324318316387,2023
LN101090,Retail Term Loan,East,Healthcare,91001.0,731,38.32,54,0.053,294706.69,0,A,0,0.9416,304581.4,0.010857737642345022,3113.9323399129585,2025
LN101091,Credit Card,South,Services,83961.0,613,38.43,21,0.079,174302.14,3,D,0,0.98,223316.71,0.07030807753977665,15386.949191355658,2024
LN101092,Retail Term Loan,North,Healthcare,80960.0,780,39.92,20,0.0,132191.43,3,AA,0,0.9553,137392.49,0.015801721862294837,2073.9925182393436,2023
LN101093,Retail Term Loan,Central,Healthcare,51506.0,770,23.86,32,0.219,57308.14,0,AA,0,0.541,60304.79,0.004512738934246849,147.2276176012278,2024
LN101094,Auto Loan,West,Services,144260.0,720,21.07,62,0.769,287921.86,0,A,0,0.05,297014.77,0.005803333564682386,86.18378919737096,2024
LN101095,Auto Loan,West,Other,231634.0,708,36.88,37,0.997,89599.5,0,B,0,0.05,94020.97,0.010158365457112677,47.754968694611364,2022
LN101096,Retail Term Loan,West,Services,40723.0,798,29.25,41,0.012,128250.81,3,AA,0,0.98,135454.75,0.009458770009743506,1255.6106204377581,2023
LN101097,Credit Card,West,Technology,111467.0,584,43.79,32,0.113,159600.38,0,D,0,0.6595,196105.53,0.050790788007855435,6568.853727722069,2026
LN101098,SME Loan,North,Retail,18000.0,771,36.96,74,1.411,135282.83,4,AA,0,0.0866,136824.22,0.014192867177049203,168.17096316008687,2025
LN101099,Retail Term Loan,East,Healthcare,108334.0,659,48.69,67,0.211,340950.21,0,C,0,0.5967,352852.08,0.028671919983999195,6036.782038575583,2025
LN101100,Retail Term Loan,Central,Other,26813.0,761,25.95,37,0.228,179481.37,0,AA,0,0.4622,192535.22,0.005249034203788074,467.1103920998468,2024
LN101101,Retail Term Loan,South,Retail,56191.0,698,45.88,63,0.481,152068.54,0,B,0,0.2504,153998.67,0.016948943030307573,653.5727170171133,2024
LN101102,Credit Card,Central,Retail,36428.0,609,58.45,43,0.183,112955.17,3,D,0,0.8572,127452.01,0.12695124064697508,13869.659547288717,2022
LN101103,Credit Card,North,Healthcare,66613.0,658,32.7,41,0.0,162361.61,0,C,0,0.5601,191139.77,0.018501677792820876,1980.7412458867718,2023
LN101104,Retail Term Loan,South,Other,118964.0,756,38.49,47,0.04,103595.55,0,A,0,0.6624,108595.05,0.008617074190649762,619.8551095538411,2026
LN101105,Credit Card,South,Other,27003.0,676,19.9,62,0.181,137010.43,0,C,0,0.5627,161118.03,0.009924388500347466,899.7561319083101,2023
LN101106,Retail Term Loan,West,Healthcare,61545.0,650,43.62,28,0.152,94470.88,0,C,0,0.4452,99966.02,0.027044231974014326,1203.6000851544152,2024
LN101107,Auto Loan,North,Healthcare,56551.0,649,46.68,59,0.96,84596.12,0,C,0,0.05,85808.13,0.024509858890634614,105.15725789846155,2026
LN101108,SME Loan,South,Healthcare,178943.0,732,25.57,103,1.163,63196.59,0,A,0,0.05,67052.91,0.005392742916467659,18.079955271552176,2025
LN101109,Retail Term Loan,West,Other,95103.0,804,39.62,52,0.072,99251.57,3,AA,0,0.98,100385.53,0.012219224025277567,1202.1006143668974,2023
LN101110,Retail Term Loan,South,Manufacturing,39253.0,551,35.65,49,0.187,94796.78,0,E,0,0.6283,96103.74,0.052734035187374455,3184.185449671363,2024
LN101111,Auto Loan,Central,Technology,57874.0,850,37.08,46,1.317,431839.94,1,AA,0,0.05,432136.03,0.003116485760289079,67.33728920014272,2024
LN101112,Credit Card,Central,Manufacturing,176504.0,703,42.56,59,0.323,240318.61,0,B,1,0.4548,264347.67,0.015149596344829198,1821.3650732151928,2024
LN101113,SME Loan,South,Technology,111095.0,728,38.75,13,0.923,109253.81,0,A,0,0.05,116632.1,0.009067669424568155,52.87906635465878,2025
LN101114,SME Loan,East,Retail,45262.0,662,30.19,85,1.14,89226.11,0,C,0,0.05,92016.63,0.012308932414328778,56.6313239832149,2024
LN101115,Retail Term Loan,South,Services,64754.0,690,42.83,70,0.148,184570.29,0,B,0,0.6626,184616.64,0.01808025259907125,2211.7028004880876,2025
LN101116,Retail Term Loan,South,Other,65903.0,703,46.45,34,0.119,467354.14,0,B,0,0.6793,502240.16,0.01803796573054472,6154.044166760435,2024
LN101117,Credit Card,West,Healthcare,55790.0,622,24.8,49,0.209,209575.47,0,D,0,0.6043,245156.92,0.01926995684922965,2854.811863873694,2025
LN101118,Retail Term Loan,South,Technology,29279.0,638,31.98,36,0.142,35997.67,0,D,0,0.7595,36426.98,0.021098372686356635,583.7137249076899,2024
LN101119,SME Loan,North,Other,51666.0,767,9.01,55,1.12,219577.87,2,AA,0,0.05,223287.48,0.0038740214561291857,43.25102442025083,2025
LN101120,Credit Card,South,Manufacturing,161023.0,589,39.59,49,0.295,248567.79,0,D,0,0.3193,294898.81,0.040775192823274825,3839.4406800645984,2025
LN101121,Retail Term Loan,Central,Technology,60816.0,719,47.9,53,0.16,559452.72,4,B,0,0.98,601134.57,0.04466438599346403,26312.32033912512,2024
LN101122,Credit Card,South,Manufacturing,70859.0,666,28.66,25,0.162,100851.51,1,C,1,0.6892,119132.88,0.018765400968958956,1540.7591596235118,2024
LN101123,Retail Term Loan,South,Services,81027.0,628,33.73,37,0.191,132223.0,0,D,0,0.5664,135831.52,0.02419999143189489,1861.825685670665,2025
LN101124,Auto Loan,West,Services,254033.0,818,29.14,73,0.908,164458.77,0,AA,0,0.0528,174509.26,0.002814594333182352,25.933922482187054,2025
LN101125,Auto Loan,North,Technology,75367.0,628,27.01,36,1.232,70295.47,4,D,0,0.1061,74642.23,0.041963826782282485,332.33423005954495,2025
LN101126,Auto Loan,South,Technology,136887.0,617,35.02,6,1.298,65975.88,0,D,0,0.05,67276.3,0.021143736813780043,71.12361905024552,2026
LN101127,Credit Card,North,Healthcare,53973.0,678,21.8,45,0.021,158704.2,0,C,0,0.6823,189088.31,0.01077283612487589,1389.8569561631646,2023
LN101128,Credit Card,Central,Retail,65028.0,640,28.94,101,0.182,40746.56,0,C,0,0.6089,45925.24,0.01862555057350361,520.8426357661351,2024
LN101129,SME Loan,Central,Other,75520.0,690,20.24,67,1.14,47730.73,0,B,0,0.05,49091.77,0.00685879451022249,16.835518128655256,2023
LN101130,SME Loan,West,Retail,48995.0,700,39.66,35,1.127,212398.83,2,B,0,0.2421,212878.3,0.019463680720546335,1003.1159933012616,2023
LN101131,Auto Loan,South,Manufacturing,67050.0,705,35.11,47,1.221,170030.73,0,B,0,0.05,176029.27,0.009333021825272621,82.14425093984035,2025
LN101132,Retail Term Loan,West,Manufacturing,122231.0,682,26.39,63,0.28,287812.94,0,B,0,0.5699,292444.43,0.011224039735198013,1870.6442637244143,2022
LN101133,Credit Card,West,Manufacturing,48293.0,644,32.48,9,0.091,165961.35,0,C,0,0.5758,175242.45,0.020509311073906064,2069.483885768295,2023
LN101134,SME Loan,Central,Retail,75004.0,732,29.13,29,0.669,120878.7,2,A,0,0.4892,124067.64,0.011556991357999594,701.4387562961984,2023
LN101135,Retail Term Loan,North,Retail,110752.0,683,46.87,57,0.007,295846.34,3,B,0,0.98,311253.92,0.048756869370193856,14872.251384032752,2024
LN101136,Auto Loan,West,Other,47657.0,658,26.27,83,1.602,89253.66,0,C,0,0.05,94126.14,0.010037218920729916,47.23823366716365,2026
LN101137,Auto Loan,North,Manufacturing,136998.0,786,40.26,38,1.229,95026.43,0,AA,0,0.05,101073.7,0.0050339312089236875,25.439902641569507,2025
LN101138,Retail Term Loan,East,Services,78068.0,682,22.83,82,0.086,114701.03,0,B,0,0.4153,119061.91,0.010535417951674338,520.9386084446656,2025
LN101139,Credit Card,Central,Other,68489.0,761,42.59,31,0.156,164484.7,0,AA,0,0.7178,196260.27,0.009082206303945437,1279.4614604386863,2024
LN101140,Auto Loan,North,Manufacturing,24854.0,770,45.48,6,1.291,114532.21,0,AA,0,0.05,116888.8,0.006826120908545955,39.89485408274232,2022
LN101141,Credit Card,North,Retail,61069.0,774,46.1,64,0.0,42434.36,3,AA,0,0.98,49057.13,0.020323789164495027,977.0862317925194,2025
LN101142,Credit Card,Central,Services,92007.0,735,51.12,60,0.211,99571.63,2,A,0,0.7679,113834.19,0.02522218954180758,2204.754177934278,2022
LN101143,Credit Card,North,Technology,195865.0,690,35.8,64,0.228,117378.27,0,B,0,0.6319,129996.96,0.014192250256406537,1165.8235188408994,2025
LN101144,Auto Loan,West,Other,102496.0,686,48.09,63,1.479,130043.11,0,B,0,0.05,136891.78,0.015809044405267026,108.20641143680224,2024
LN101145,Retail Term Loan,East,Services,139339.0,674,53.11,52,0.126,87611.43,4,C,0,0.98,93155.58,0.07935941237852531,7244.916646809091,2024
LN101146,Credit Card,South,Retail,38570.0,549,17.41,42,0.113,170958.86,0,E,0,0.7281,208011.12,0.031229994574540686,4729.873135119032,2024
LN101147,Credit Card,Central,Retail,69947.0,737,24.16,43,0.0,38866.15,0,A,0,0.8349,50311.26,0.006624031274617621,278.2415790180539,2023
LN101148,Auto Loan,Central,Healthcare,146775.0,706,12.56,38,1.287,160536.84,0,B,0,0.05,165337.78,0.00443146664267505,36.6344428421973,2025
LN101149,SME Loan,South,Other,46027.0,744,45.79,39,1.439,420941.4,0,A,0,0.05,442975.34,0.008521862833050798,188.74875429520205,2023
LN101150,Retail Term Loan,North,Manufacturing,127531.0,682,12.39,8,0.256,78470.76,0,B,0,0.4414,81968.53,0.007238405993149908,261.8921095710651,2023
LN101151,SME Loan,North,Retail,112259.0,733,8.86,21,1.294,124938.17,1,A,0,0.05,126439.47,0.00393743253882055,24.89234416846124,2024
LN101152,Retail Term Loan,North,Healthcare,87233.0,600,17.73,44,0.188,100944.82,0,D,0,0.7534,104676.7,0.019117136621273928,1507.6428850579562,2025
LN101153,Retail Term Loan,Central,Manufacturing,62596.0,614,9.4,6,0.228,102142.87,0,D,0,0.6876,110050.12,0.012730730098159422,963.3402346431625,2024
LN101154,Auto Loan,East,Healthcare,43599.0,529,35.54,6,0.774,58414.47,0,E,0,0.2253,59115.4,0.05570357699336848,741.8992097342176,2026
LN101155,Retail Term Loan,West,Services,199128.0,681,17.9,41,0.071,483757.01,0,B,0,0.6918,499460.15,0.009130817784489605,3154.939801298528,2022
LN101156,Retail Term Loan,South,Technology,106167.0,640,10.03,45,0.172,157203.54,0,C,0,0.738,161384.25,0.010270596798048679,1223.2442702434498,2022
LN101157,Retail Term Loan,Central,Other,90453.0,631,31.46,41,0.12,75033.46,0,D,0,0.734,79512.78,0.022304597052166947,1301.7493805038375,2026
LN101158,Auto Loan,West,Technology,59765.0,712,32.22,6,0.864,69285.75,0,B,0,0.05,69499.28,0.008722883288460295,30.31170540360114,2023
LN101159,Credit Card,West,Other,76579.0,662,7.69,82,0.264,125278.92,0,C,0,0.4051,150168.53,0.0075390708760231335,458.62634548147537,2023
LN101160,Retail Term Loan,East,Technology,82112.0,597,22.72,16,0.307,26314.51,4,D,0,0.8147,26871.33,0.06144160342431862,1345.0840398149533,2025
LN101161,Credit Card,West,Services,93449.0,850,31.03,30,0.0,250752.69,0,AA,0,0.7115,285704.54,0.00277341145823512,563.7756982504726,2023
LN101162,Credit Card,East,Healthcare,112323.0,688,27.36,20,0.124,83746.66,1,B,0,0.8274,101816.42,0.014747863333557628,1242.4028631529386,2025
LN101163,Retail Term Loan,South,Technology,48771.0,620,27.72,77,0.119,157534.93,3,D,0,0.9497,161210.62,0.04726732305743718,7236.708734701508,2022
LN101164,Retail Term Loan,East,Services,33477.0,646,47.33,57,0.266,162781.72,0,C,0,0.3949,170175.18,0.030631441497211025,2058.4996017196604,2026
LN101165,SME Loan,South,Manufacturing,78558.0,679,59.91,38,0.857,235851.22,0,C,0,0.05,241269.89,0.028645342940980832,345.56293701913614,2025
LN101166,Credit Card,Central,Technology,28689.0,679,27.93,36,0.0,169411.32,0,C,0,0.6438,211143.02,0.01302708907703455,1770.8227148340454,2024
LN101167,Auto Loan,West,Technology,62770.0,775,14.82,52,1.62,201888.25,2,AA,0,0.05,209114.6,0.0037959827743402467,39.68977097315255,2024
LN101168,Credit Card,West,Healthcare,56681.0,685,28.95,21,0.246,244896.97,0,B,0,0.5874,288444.28,0.011931063010937765,2021.5058972089562,2023
LN101169,Retail Term Loan,West,Manufacturing,98293.0,811,34.53,56,0.0,95232.3,0,AA,0,0.674,97435.06,0.004519431562003287,296.796631566127,2023
LN101170,Auto Loan,East,Technology,223166.0,662,31.31,36,1.663,541023.57,0,C,0,0.05,575531.79,0.01115901188809455,321.1183043293168,2026
LN101171,Credit Card,Central,Healthcare,25738.0,718,39.94,59,0.303,153623.29,0,B,0,0.4301,178173.36,0.012144312855862701,930.6473806633509,2023
LN101172,Retail Term Loan,South,Other,261986.0,756,60.75,59,0.042,117672.35,0,A,0,0.5682,121246.97,0.017427062203206903,1200.5943769613532,2023
LN101173,Credit Card,East,Other,65976.0,768,9.73,35,0.16,66600.94,0,AA,0,0.4323,77149.5,0.0029743383834603962,99.19932727331847,2024
LN101174,Auto Loan,North,Services,90811.0,775,25.41,6,0.652,103809.5,0,AA,0,0.1438,103819.27,0.004041998311862689,60.34384576453385,2023
LN101175,Credit Card,South,Services,34444.0,672,52.03,43,0.007,158982.0,0,C,0,0.6968,187401.67,0.02963013426447923,3869.14689318218,2023
LN101176,Auto Loan,East,Technology,129770.0,690,25.21,16,1.155,128276.19,1,B,0,0.05,131961.13,0.010389263640766548,68.54894849517339,2023
LN101177,Auto Loan,East,Retail,76730.0,529,42.26,50,1.155,431257.43,2,E,0,0.1069,438539.32,0.10094776360256731,4732.416349459017,2023
LN101178,Retail Term Loan,Central,Services,72507.0,677,40.2,42,0.134,91332.08,0,C,0,0.467,97363.67,0.01890115192674327,859.4133372867432,2026
LN101179,Retail Term Loan,West,Manufacturing,25840.0,761,48.08,35,0.071,193061.44,1,AA,0,0.7762,200309.19,0.014329558873606586,2227.959717345057,2023
LN101180,Credit Card,East,Manufacturing,78107.0,748,56.87,19,0.171,54576.75,2,A,0,0.7934,63926.8,0.026968856761391224,1367.8475540293507,2022
LN101181,Retail Term Loan,East,Retail,119426.0,684,36.33,74,0.213,553209.91,0,B,0,0.6291,582719.68,0.015340999690919987,5623.840979199292,2025
LN101182,Retail Term Loan,West,Healthcare,65860.0,800,9.3,38,0.289,52036.51,0,AA,0,0.6539,55275.44,0.002082918090441612,75.28626249086712,2024
LN101183,Retail Term Loan,West,Manufacturing,143065.0,665,22.89,100,0.383,512597.45,0,C,0,0.2592,531089.71,0.011514718233763856,1585.098296856352,2024
LN101184,Retail Term Loan,South,Manufacturing,139851.0,643,60.42,49,0.171,109115.2,0,C,0,0.5615,115352.05,0.04827789134838098,3126.967523164355,2024
LN101185,Credit Card,East,Services,52714.0,660,13.62,56,0.118,25110.99,0,C,0,0.6973,27707.36,0.009633294445826805,186.11854451313604,2024
LN101186,Auto Loan,East,Other,180332.0,617,38.46,49,1.146,309178.32,1,D,0,0.05,309966.3,0.031610671472510656,489.91214384248394,2024
LN101187,SME Loan,North,Other,76892.0,730,5.0,56,0.754,127118.43,2,A,0,0.372,129345.1,0.005350986481691513,257.47008394516973,2026
LN101188,Retail Term Loan,Central,Retail,77080.0,709,14.43,72,0.195,87363.99,0,B,0,0.7948,94219.22,0.006050778067167215,453.11515403789775,2025
LN101189,Credit Card,East,Manufacturing,79196.0,730,43.53,72,0.101,188042.66,2,A,0,0.889,221617.68,0.02143679539700245,4223.437074778823,2024
LN101190,Auto Loan,South,Manufacturing,77914.0,663,32.47,9,1.059,191058.08,4,C,0,0.4507,205115.46,0.037420610959335826,3459.368505763628,2023
LN101191,Auto Loan,West,Other,18000.0,686,27.11,67,1.432,160404.72,0,B,0,0.05,164217.16,0.008229443833246194,67.57079473376018,2024
LN101192,SME Loan,West,Retail,67725.0,548,21.41,59,1.333,265607.26,3,E,0,0.05,276053.83,0.056146883392851406,774.9781101580014,2023
LN101193,SME Loan,Central,Manufacturing,35421.0,714,6.04,49,1.011,143204.88,3,B,0,0.2981,151272.52,0.007846271807468358,353.8224345892586,2023
LN101194,SME Loan,North,Other,183456.0,696,41.01,86,0.94,189104.3,0,B,0,0.05,191674.54,0.013179324062591782,126.30704386041056,2024
LN101195,Retail Term Loan,East,Technology,179439.0,618,28.32,87,0.0,83284.02,4,D,0,0.98,84614.29,0.06471709426580124,5366.471162520566,2024
LN101196,Retail Term Loan,North,Retail,119828.0,683,12.22,68,0.148,205077.2,5,B,0,0.98,209229.26,0.02681295763500732,5497.854178696252,2023
LN101197,Credit Card,East,Retail,65781.0,673,32.39,36,0.07,83538.73,0,C,0,0.7981,101292.99,0.015602929103397136,1261.370985363774,2024
LN101198,Retail Term Loan,East,Services,43081.0,805,39.56,22,0.268,54615.25,0,AA,0,0.4558,56127.24,0.005247777482934829,134.25282075733296,2025
LN101199,Credit Card,East,Other,52238.0,621,29.39,65,0.247,103866.68,0,D,0,0.3858,119457.3,0.02225433920127929,1025.6274152129724,2025
LN101200,Auto Loan,Central,Healthcare,218315.0,712,33.51,78,1.45,98933.25,0,B,0,0.05,101048.46,0.007820813007576677,39.51405551817958,2025
LN101201,Auto Loan,East,Services,51253.0,619,32.5,6,0.829,229732.84,0,D,0,0.05,244940.15,0.02158323662072976,264.33006076835204,2022
LN101202,Credit Card,East,Healthcare,20530.0,654,22.81,72,0.189,43390.97,0,C,0,0.531,53896.95,0.013407939405293369,383.7255780966972,2023
LN101203,Credit Card,North,Services,132169.0,708,32.71,42,0.002,258019.47,0,B,0,0.7785,320912.91,0.011477469900618532,2867.424344493157,2024
LN101204,Retail Term Loan,South,Retail,171188.0,676,41.56,8,0.238,77587.74,0,C,0,0.3981,79309.44,0.019397331858436534,612.4336669730495,2024
LN101205,Retail Term Loan,Central,Healthcare,186803.0,690,45.45,58,0.022,21371.65,0,B,0,0.7941,21819.64,0.020270224360277474,351.22169351865097,2023
LN101206,Credit Card,East,Manufacturing,132765.0,712,42.28,68,0.265,51537.99,0,B,0,0.7218,66418.01,0.013984821275206219,670.4395986982474,2023
LN101207,Auto Loan,Central,Healthcare,145231.0,658,23.22,40,0.812,96758.4,4,C,0,0.5947,97373.12,0.03131908943885539,1813.6193940248709,2023
LN101208,Retail Term Loan,East,Services,77216.0,747,40.27,25,0.0,163767.85,0,A,0,0.6761,167911.29,0.01004332812845708,1140.167049811334,2024
LN101209,Auto Loan,East,Healthcare,23939.0,670,38.05,86,1.003,109309.37,0,C,0,0.05,112461.57,0.015140401066128061,85.13566371632179,2024
LN101210,Credit Card,East,Retail,76159.0,684,22.77,33,0.0,51460.51,0,B,0,0.7389,60264.82,0.010545050698417715,469.56768571049906,2025
LN101211,Credit Card,East,Manufacturing,105568.0,713,25.96,74,0.069,69582.81,0,B,0,0.7217,86069.33,0.008680089235766597,539.1744667913696,2025
LN101212,Auto Loan,North,Healthcare,69623.0,705,40.84,15,1.229,52064.83,0,B,0,0.05,55766.25,0.011171377826891163,31.149292436943465,2023
LN101213,Auto Loan,North,Services,67899.0,732,49.9,57,0.99,143828.43,0,A,0,0.05,153910.49,0.012218678276516693,94.02913803455199,2025
LN101214,Retail Term Loan,East,Other,44134.0,711,8.45,57,0.22,112626.42,0,B,0,0.3866,117399.62,0.004873426436814953,221.1887099941594,2023
LN101215,Auto Loan,East,Other,43230.0,720,53.32,67,1.284,184404.57,0,A,0,0.05,190613.03,0.014167216053071472,135.02279892702973,2025
LN101216,Retail Term Loan,East,Services,206122.0,669,47.13,81,0.25,34756.03,1,C,0,0.5328,36698.31,0.031786870109690134,621.5242073610281,2025
LN101217,Auto Loan,East,Technology,210267.0,621,34.59,30,0.177,82574.72,0,D,0,0.5808,83921.68,0.026651521281521585,1299.0407678430065,2023
LN101218,Credit Card,South,Retail,74891.0,597,28.87,59,0.0,496533.22,3,D,0,0.98,641115.84,0.062206961236647165,39084.23084293887,2023
LN101219,Retail Term Loan,West,Technology,87560.0,581,37.08,18,0.205,187957.48,0,D,0,0.5226,192274.95,0.04157602767028984,4177.6793680497785,2022
LN101220,Retail Term Loan,West,Technology,43729.0,805,23.67,18,0.173,97535.52,0,AA,0,0.386,104736.23,0.0032377936237150086,130.89811889905616,2025
LN101221,Retail Term Loan,North,Services,106794.0,546,29.69,35,0.088,60120.08,0,E,0,0.7668,62430.89,0.0471829699597084,2258.743442335683,2024
LN101222,SME Loan,East,Technology,197412.0,768,12.82,57,1.348,260581.34,0,AA,0,0.05,271130.68,0.0024173110222275164,32.77035906140208,2026
LN101223,Credit Card,West,Services,32343.0,637,9.36,85,0.211,350850.96,3,D,0,0.98,371352.2,0.022298931343988134,8115.142067994171,2025
LN101224,Retail Term Loan,West,Other,96798.0,767,62.32,89,0.244,53700.61,0,AA,0,0.5638,57070.06,0.015664313952789125,504.0165294820761,2022
LN101225,SME Loan,South,Other,100882.0,547,32.82,40,1.435,57377.0,0,E,0,0.05,58457.1,0.036869360811237664,107.76379559393007,2024
LN101226,Auto Loan,Central,Manufacturing,100250.0,675,34.65,55,1.556,145860.75,1,C,0,0.05,152974.53,0.014597984507348583,111.65599094794655,2022
LN101227,Auto Loan,West,Healthcare,185126.0,785,31.6,69,1.297,155724.78,0,AA,0,0.05,166512.69,0.003788245390186426,31.539546515002073,2025
LN101228,SME Loan,East,Other,229820.0,736,21.24,65,1.286,168247.6,0,A,0,0.05,173807.94,0.004378484359302452,38.05076734062895,2026
LN101229,Retail Term Loan,West,Manufacturing,65962.0,668,28.01,44,0.094,436090.87,0,C,0,0.6366,439967.29,0.014164265370636408,3967.1724422443745,2025
LN101230,Retail Term Loan,Central,Healthcare,108607.0,564,33.19,50,0.028,60791.52,2,E,0,0.6591,65015.24,0.07409656117768794,3175.152102236434,2023
LN101231,Auto Loan,South,Other,78556.0,604,29.44,46,0.75,123395.24,2,D,0,0.3137,132238.93,0.03842951464122647,1594.1850961556156,2023
LN101232,Retail Term Loan,North,Services,52975.0,780,22.22,43,0.209,198805.61,0,AA,0,0.585,201240.19,0.0038986866172075045,458.9748748244178,2026
LN101233,Credit Card,East,Technology,87046.0,667,38.23,40,0.152,197311.83,0,C,0,0.5241,248388.53,0.019447763693923516,2531.718212461393,2022
LN101234,Retail Term Loan,North,Healthcare,108507.0,685,34.45,45,0.132,76250.3,0,B,0,0.5833,77709.1,0.014617632119253689,662.5839069678027,2025
LN101235,Retail Term Loan,Central,Retail,84504.0,708,37.11,39,0.153,78387.53,0,B,0,0.5125,83623.64,0.012695018901824022,544.0718913501553,2023
LN101236,Retail Term Loan,Central,Services,46193.0,605,41.17,23,0.121,87011.15,0,D,0,0.5832,93664.2,0.03851471399248593,2103.8647667121727,2023
LN101237,Auto Loan,West,Retail,58121.0,716,29.78,67,1.091,395405.5,0,B,0,0.05,407897.87,0.007328045914149859,149.45471598219652,2022
LN101238,Retail Term Loan,Central,Retail,58366.0,663,29.8,59,0.177,60495.07,0,C,0,0.5422,65016.95,0.015392203156630082,542.6088746598624,2023
LN101239,Retail Term Loan,North,Healthcare,47188.0,709,51.27,89,0.101,95628.89,0,B,0,0.607,95786.81,0.019918083658669823,1158.0890448511063,2022
LN101240,SME Loan,West,Retail,89116.0,652,19.73,56,1.368,206501.59,0,C,0,0.05,213051.66,0.009171320317435077,97.69825090106352,2024
LN101241,Retail Term Loan,East,Retail,94391.0,588,7.64,39,0.13,55998.4,0,D,0,0.6084,56518.54,0.015826185155770715,544.1972994460003,2024
LN101242,Auto Loan,South,Other,128538.0,662,39.22,34,0.794,143754.14,0,C,0,0.3188,155087.14,0.017878714539853763,883.9554751101127,2024
LN101243,Retail Term Loan,South,Technology,46796.0,732,23.82,49,0.089,31747.68,0,A,0,0.6467,32246.59,0.006720399936851086,140.14634497116197,2022
LN101244,Auto Loan,East,Other,54591.0,716,17.99,60,1.547,137319.82,2,B,0,0.05,147583.25,0.007555461522106434,55.752978334120726,2025
LN101245,Retail Term Loan,West,Healthcare,176355.0,692,43.51,43,0.158,124481.12,0,B,0,0.5053,132214.69,0.0180774520651867,1207.719915414439,2023
LN101246,Credit Card,North,Other,68512.0,748,30.12,16,0.0,134561.11,0,A,0,0.6659,141353.98,0.007204062581956962,678.1012311818965,2025
LN101247,Retail Term Loan,West,Services,76253.0,677,15.57,32,0.212,65316.13,3,C,0,0.98,67971.17,0.01853581247935406,1234.7028438998502,2024
LN101248,SME Loan,Central,Other,68114.0,694,57.15,48,0.647,140737.83,0,B,0,0.3956,146500.77,0.024050614078202835,1393.870285253532,2024
LN101249,SME Loan,North,Other,139862.0,659,11.06,64,1.619,116764.36,1,C,0,0.05,118142.71,0.00792480872115866,46.81291892746593,2025
LN101250,Retail Term Loan,Central,Manufacturing,142877.0,752,30.87,15,0.102,297935.22,2,A,0,0.8174,300910.06,0.01165504374335839,2866.719816164107,2025
LN101251,Retail Term Loan,West,Retail,138345.0,709,7.44,54,0.159,187537.83,0,B,0,0.5607,197452.58,0.004886811497930859,541.0270208912311,2024
LN101252,Retail Term Loan,South,Retail,76104.0,654,35.52,53,0.148,43519.28,0,C,0,0.4273,44475.1,0.020227167186605336,384.40133757160544,2024
LN101253,Credit Card,West,Retail,46416.0,593,23.67,38,0.135,66999.3,0,D,0,0.832,81810.35,0.024943058417511623,1697.779482220284,2024
LN101254,Retail Term Loan,West,Healthcare,216233.0,762,42.65,35,0.171,77947.98,0,AA,0,0.3935,78712.81,0.00897803990506206,278.0812358179,2022
LN101255,SME Loan,West,Healthcare,120116.0,642,31.77,32,0.99,136150.62,0,C,0,0.05,142570.52,0.01627272015540735,116.00050871854535,2023
LN101256,Credit Card,North,Services,58342.0,695,49.56,51,0.337,106602.79,0,B,0,0.3747,118768.44,0.02030871862168445,903.7894504624257,2025
LN101257,Credit Card,North,Technology,164118.0,843,26.41,73,0.172,106294.44,0,AA,0,0.6102,134590.0,0.002448908307279349,201.12104685061917,2025
LN101258,Auto Loan,West,Other,55863.0,742,11.14,74,1.091,862560.18,0,A,0,0.05,872700.61,0.0031467336877462593,137.3078204401855,2024
LN101259,SME Loan,South,Retail,162939.0,795,35.09,23,0.612,83802.61,0,AA,0,0.4293,84725.28,0.004586578724684776,166.82562226042936,2025
LN101260,Retail Term Loan,South,Other,169109.0,655,28.72,44,0.188,317696.94,0,C,0,0.6765,333587.14,0.01601086612950439,3613.1993812799574,2025
LN101261,Auto Loan,East,Technology,45181.0,760,8.35,6,1.062,108238.7,0,AA,0,0.05,108555.1,0.002436901755095057,13.22690568572597,2024
LN101262,Retail Term Loan,West,Other,103281.0,692,18.28,50,0.265,26115.39,1,B,0,0.5901,27522.06,0.010270857920680958,166.80661660402382,2026
LN101263,SME Loan,North,Other,115318.0,714,22.42,61,1.1,137197.23,3,B,0,0.05,144592.78,0.012898687307109117,93.25285280428105,2023
LN101264,Auto Loan,Central,Manufacturing,315983.0,821,52.22,83,0.976,262684.4,0,AA,0,0.05,266875.43,0.005614669400546002,74.92086552892782,2023
LN101265,Credit Card,East,Healthcare,49860.0,672,41.2,9,0.0,186961.87,3,C,0,0.9604,223752.99,0.04546239859122469,9769.522651710922,2022
LN101266,Retail Term Loan,North,Services,164908.0,691,27.48,24,0.192,143566.31,0,B,0,0.5847,145588.31,0.01090127438737209,927.9762677842448,2023
LN101267,SME Loan,North,Healthcare,75719.0,631,38.12,51,0.831,122009.62,1,D,0,0.0923,124919.77,0.029676486306544243,342.17269958473884,2025
LN101268,Auto Loan,Central,Healthcare,37892.0,748,5.49,12,1.409,84879.35,0,A,0,0.05,90162.35,0.002283635968582869,10.294899273597883,2025
LN101269,Auto Loan,North,Services,70210.0,654,24.66,52,1.215,224720.32,0,C,0,0.05,233825.98,0.010941088688201537,127.91553923928196,2023
LN101270,SME Loan,East,Manufacturing,75102.0,756,37.21,62,1.262,88548.41,0,A,0,0.05,95382.23,0.006046679285040647,28.837287715099126,2025
LN101271,Auto Loan,West,Retail,41892.0,583,34.15,20,1.141,76650.46,1,D,0,0.05,82403.57,0.03806543703230054,156.8363952535885,2023
LN101272,Auto Loan,East,Services,89049.0,726,24.99,51,0.935,159961.66,0,A,0,0.05,162735.21,0.00594736387818828,48.39227548316921,2024
LN101273,Auto Loan,South,Technology,127012.0,648,31.5,21,1.283,97265.04,0,C,0,0.05,103591.68,0.014142032101674864,73.2498432013215,2026
LN101274,Retail Term Loan,North,Manufacturing,85498.0,737,36.4,78,0.164,294152.1,1,A,0,0.7919,302203.33,0.012164324552464795,2911.1031045301565,2023
LN101275,Retail Term Loan,West,Manufacturing,55672.0,689,31.88,53,0.059,166432.19,0,B,0,0.8416,171537.55,0.013215105624282143,1907.8119660425355,2025
LN101276,Retail Term Loan,East,Retail,69119.0,655,43.19,34,0.042,69610.32,0,C,0,0.5608,72926.91,0.026168875454098354,1070.239258203688,2022
LN101277,Retail Term Loan,North,Healthcare,74813.0,665,36.14,21,0.204,53848.94,0,C,0,0.7368,56021.26,0.0183166791261085,756.047753288907,2023
LN101278,SME Loan,North,Services,84522.0,635,38.65,57,1.376,80316.69,0,D,0,0.05,86327.03,0.01958529316127048,84.53700951458958,2023
LN101279,Auto Loan,East,Services,138089.0,744,54.28,78,1.452,616501.84,0,A,0,0.05,661168.01,0.011121330621960909,367.6534017936978,2025
LN101280,Auto Loan,North,Manufacturing,87100.0,622,42.76,31,1.511,101614.97,0,D,0,0.05,105255.36,0.024355099354469154,128.17523751952092,2023
LN101281,Auto Loan,South,Services,34675.0,673,54.63,38,1.261,204033.99,0,C,0,0.05,217529.0,0.023219617072717892,252.54700411056254,2024
LN101282,Auto Loan,North,Services,55048.0,712,23.27,31,1.071,48112.36,1,B,0,0.1459,51629.91,0.008080610031042074,60.86965050571394,2023
LN101283,Credit Card,West,Services,82171.0,795,11.3,82,0.118,56223.5,0,AA,0,0.77,70139.31,0.002435550088203278,131.53740804590313,2024
LN101284,SME Loan,West,Retail,139178.0,689,30.18,6,0.777,105171.21,0,B,0,0.3136,111043.3,0.010424247434892517,363.00543311464327,2023
LN101285,SME Loan,West,Services,153133.0,674,29.07,76,0.945,394753.07,0,C,0,0.05,412570.7,0.01113105866039038,229.6174331629161,2023
LN101286,Auto Loan,North,Healthcare,199052.0,708,50.97,40,1.134,48617.21,2,B,0,0.05,51309.67,0.025674883605406835,65.86849025409175,2024
LN101287,Retail Term Loan,South,Retail,80586.0,555,17.31,46,0.358,77221.47,3,E,0,0.7548,78137.36,0.05900482438311098,3479.991213201828,2024
LN101288,Auto Loan,South,Healthcare,114127.0,612,30.97,41,1.178,225580.63,5,D,0,0.2917,229299.76,0.07117249030993483,4760.495853943751,2023
LN101289,Auto Loan,West,Technology,33701.0,666,37.27,53,0.738,365879.4,0,C,0,0.1473,376642.73,0.016416619081192504,910.7853936006671,2026
LN101290,Auto Loan,Central,Technology,95004.0,644,33.3,32,0.805,162987.59,3,C,0,0.4481,175288.6,0.037891714152631574,2976.27371393845,2023
LN101291,Credit Card,South,Technology,41517.0,586,29.77,71,0.251,192596.95,0,D,0,0.4293,209504.98,0.031295810818446367,2814.760494675306,2025
LN101292,Auto Loan,West,Other,72464.0,746,36.66,72,0.9,64048.86,0,A,0,0.2236,64708.24,0.007179025300845345,103.87161180097742,2024
LN101293,Retail Term Loan,East,Services,396985.0,707,46.03,26,0.086,47534.1,0,B,0,0.8529,49294.44,0.017280153547412365,726.5134333261278,2024
LN101294,Retail Term Loan,Central,Other,88628.0,699,51.96,63,0.241,53807.62,0,B,0,0.3898,55268.1,0.02160093740863542,465.3599112759804,2025
LN101295,Auto Loan,North,Services,46637.0,645,32.43,40,0.871,65114.08,0,C,0,0.05,70273.67,0.01664254885231692,58.476649300329896,2023
LN101296,Retail Term Loan,Central,Manufacturing,93857.0,695,21.39,49,0.175,140528.93,0,B,0,0.8498,144880.95,0.008684115260780905,1069.1868059839417,2026
LN101297,Retail Term Loan,East,Healthcare,56435.0,723,51.95,82,0.248,51097.98,0,A,0,0.5082,53399.9,0.017160637651141966,465.70245319656715,2025
LN101298,Credit Card,South,Other,44216.0,673,17.99,33,0.164,142989.7,0,C,0,0.8063,174288.71,0.009655083883125009,1356.8191562693883,2025
LN101299,Auto Loan,North,Manufacturing,238463.0,719,55.28,68,0.925,96241.54,2,B,0,0.05,103101.95,0.027906249128708847,143.85943511778416,2026
LN101300,Retail Term Loan,Central,Technology,134860.0,638,49.47,58,0.096,80941.7,0,D,0,0.5605,86786.88,0.036806968408653745,1790.439873224772,2026
LN101301,Auto Loan,Central,Technology,90698.0,696,51.36,44,1.001,222965.74,0,B,0,0.05,237095.89,0.017990613366948384,213.2750243941262,2023
LN101302,Credit Card,North,Services,60460.0,764,40.91,56,0.116,61323.95,0,AA,0,0.6909,74084.48,0.008451631892589656,432.59650147912765,2026
LN101303,Retail Term Loan,East,Technology,63216.0,770,5.0,53,0.145,327826.61,0,AA,0,0.7772,348123.1,0.0025176389686057173,681.1756051060142,2025
LN101304,Credit Card,West,Healthcare,175187.0,776,18.49,23,0.179,214665.69,0,AA,0,0.6683,240656.36,0.003624893805528886,582.994010206174,2024
LN101305,SME Loan,East,Technology,88775.0,709,35.99,35,0.941,60004.56,0,B,0,0.05,61747.02,0.009922283660817387,30.633572382508223,2024
LN101306,Auto Loan,North,Technology,18000.0,692,23.22,25,1.055,278399.49,1,B,0,0.05,290228.07,0.009815983164759512,142.44369245303227,2024
LN101307,Credit Card,South,Other,284009.0,661,27.9,42,0.143,55242.12,4,C,0,0.98,71310.47,0.041573233108504214,2905.3146565392562,2024
LN101308,Retail Term Loan,South,Services,82945.0,573,39.97,78,0.288,296678.06,0,E,0,0.5148,298235.13,0.047923133915815534,7357.70799538151,2024
LN101309,SME Loan,South,Technology,90590.0,603,29.79,61,1.52,151493.91,0,D,0,0.05,162385.79,0.01937010858261084,157.2715192286521,2025
LN101310,Auto Loan,Central,Services,136343.0,679,16.15,16,1.097,39729.96,0,C,0,0.05,41986.99,0.00676774540962249,14.20786294181827,2025
LN101311,SME Loan,South,Other,96879.0,683,43.51,42,1.507,48459.43,1,B,0,0.05,49726.68,0.018111484843886125,45.031200557838766,2026
LN101312,Auto Loan,West,Services,113102.0,782,38.69,53,1.272,90378.78,0,AA,0,0.05,93288.65,0.0049215142375143624,22.95607095867471,2025
LN101313,Retail Term Loan,Central,Other,59409.0,775,28.76,64,0.115,220290.84,1,AA,0,0.6682,227905.83,0.006709761471419774,1021.8072685917404,2026
LN101314,Retail Term Loan,West,Technology,38134.0,645,41.25,34,0.124,106485.51,0,C,0,0.572,110174.99,0.026514855059550212,1670.9686656733893,2026
LN101315,Credit Card,West,Services,87498.0,743,33.24,21,0.161,104643.29,0,A,0,0.6493,135549.1,0.008010116612238851,704.9866286262376,2025
LN101316,Auto Loan,North,Healthcare,164824.0,659,49.31,47,1.471,123422.12,1,C,0,0.05,125209.3,0.027514386040000484,172.25285079991164,2023
LN101317,Retail Term Loan,North,Services,52520.0,734,33.97,61,0.181,29693.64,0,A,0,0.7899,30728.92,0.00889284104610124,215.85392011179758,2024
LN101318,Credit Card,West,Services,50253.0,742,49.21,53,0.273,213673.56,1,A,0,0.7743,264260.41,0.01690841824976559,3459.747034951872,2026
LN101319,SME Loan,West,Retail,146797.0,771,7.64,29,0.704,306510.64,0,AA,0,0.1573,309953.0,0.002349009447587783,114.52738123097609,2023
LN101320,Auto Loan,West,Healthcare,58323.0,658,37.97,87,1.296,208522.01,0,C,0,0.05,224012.25,0.01571724055135871,176.04272098505524,2025
LN101321,Auto Loan,East,Retail,59840.0,756,26.83,46,0.843,89215.19,3,A,0,0.2761,93255.32,0.010594795677172376,272.79261499989514,2026
LN101322,Retail Term Loan,East,Technology,61085.0,568,20.83,52,0.099,64583.74,0,E,0,0.6744,69255.48,0.029157531482226995,1361.8286246282507,2025
LN101323,Credit Card,North,Technology,72367.0,774,47.06,33,0.16,56268.55,0,AA,0,0.6548,69940.97,0.00923045791418309,422.73048550469065,2026
LN101324,Retail Term Loan,South,Services,31563.0,688,43.56,72,0.151,54287.45,0,B,0,0.6992,55833.6,0.018841315383907303,735.5433438599537,2025
LN101325,SME Loan,East,Services,55749.0,690,5.92,61,0.951,585628.57,0,B,0,0.05,623638.94,0.004560998840976755,142.2208241263986,2026
LN101326,Auto Loan,North,Services,85131.0,558,41.3,55,1.16,113558.22,0,E,0,0.05,118809.03,0.0462464823226009,274.72498528301804,2026
LN101327,Auto Loan,North,Services,84798.0,665,39.72,23,1.4,226053.55,0,C,0,0.05,235571.75,0.015131379432447715,178.22627664078578,2025
LN101328,Retail Term Loan,North,Other,141795.0,778,22.6,72,0.135,217508.58,1,AA,0,0.802,219107.22,0.005329254672926978,936.4778971977457,2025
LN101329,Retail Term Loan,South,Retail,206263.0,662,21.14,65,0.165,132597.61,0,C,0,0.6374,134776.53,0.011852906624676326,1018.2424367584995,2026
LN101330,Credit Card,Central,Retail,172320.0,736,11.32,70,0.044,62510.41,0,A,0,0.6758,72923.1,0.004391095435278491,216.39946662026998,2025
LN101331,Auto Loan,West,Healthcare,124033.0,692,27.61,49,1.108,172531.06,1,B,0,0.05,173710.66,0.011131103727179351,96.67956874883926,2025
LN101332,Auto Loan,Central,Healthcare,69109.0,759,29.69,46,0.979,56245.45,1,A,0,0.0592,60254.94,0.006458353326716941,23.03754337824768,2025
LN101333,SME Loan,South,Healthcare,53239.0,702,42.36,44,1.312,182930.3,0,B,0,0.05,194508.74,0.011811331006494912,114.87035558981287,2022
LN101334,SME Loan,East,Technology,75741.0,629,35.5,98,0.835,58071.7,0,D,0,0.0818,59101.83,0.021535907366007315,104.1159836481957,2026
LN101335,SME Loan,Central,Other,103498.0,694,18.22,36,1.186,88427.21,0,B,0,0.05,90139.84,0.006115780275832008,27.56377277693265,2024
LN101336,Retail Term Loan,South,Other,117867.0,794,35.11,22,0.0,88323.65,2,AA,0,0.7895,91787.52,0.009149250439422685,663.0118425740329,2022
LN101337,Auto Loan,West,Services,105656.0,722,28.7,40,1.138,319500.2,0,A,0,0.05,327944.31,0.006603079331848143,108.27211476791001,2024
LN101338,SME Loan,West,Manufacturing,70164.0,682,19.85,36,0.834,21837.42,0,B,0,0.2315,22806.68,0.007913308248269134,41.78026089415543,2024
LN101339,Auto Loan,Central,Retail,115615.0,837,11.34,76,1.03,613415.11,0,AA,0,0.05,624055.5,0.0012840615021079973,40.06628213643787,2026
LN101340,Retail Term Loan,Central,Other,150050.0,765,40.12,18,0.077,68262.33,0,AA,0,0.5308,70487.13,0.008245173791452159,308.48962047218964,2025
LN101341,Credit Card,West,Other,121702.0,743,37.8,36,0.255,110072.41,0,A,0,0.5776,119584.31,0.00903931386498002,624.362560354499,2022
LN101342,Auto Loan,East,Healthcare,73691.0,711,39.24,52,1.124,160261.46,0,B,0,0.05,166150.75,0.010297916971329322,85.55033141120478,2022
LN101343,Auto Loan,Central,Healthcare,47412.0,737,22.53,76,0.423,150930.97,0,A,0,0.27,161499.82,0.0056413309100268256,245.98996016303752,2024
LN101344,SME Loan,West,Services,46797.0,740,34.22,64,0.609,216595.75,0,A,0,0.2182,225804.67,0.0075825678504910475,373.59750825498395,2026
LN101345,Credit Card,South,Technology,51564.0,548,14.12,84,0.023,183966.32,1,E,0,0.5741,209223.71,0.037548001794346815,4510.090698122792,2024
LN101346,Auto Loan,West,Services,86391.0,716,19.17,56,1.194,499390.47,0,B,0,0.05,519783.35,0.005089382318649034,132.26880955090814,2026
LN101347,Auto Loan,East,Technology,99821.0,680,32.44,44,0.933,200258.44,0,B,1,0.05,212130.34,0.011730089584806648,124.41539459277467,2022
LN101348,Auto Loan,South,Services,34450.0,658,35.41,67,1.442,110535.7,0,C,0,0.05,119365.12,0.013967377290566232,83.36088331868567,2024
LN101349,Retail Term Loan,East,Manufacturing,56843.0,677,10.83,18,0.054,81482.02,5,C,0,0.98,81674.74,0.02781858360054742,2226.634071088115,2026
LN101350,Credit Card,West,Other,85738.0,589,18.25,10,0.089,80021.41,0,D,0,0.7449,101238.54,0.02211704010705861,1667.9032432372867,2024
LN101351,Credit Card,Central,Other,45726.0,573,27.25,69,0.185,296712.12,0,E,0,0.7317,381054.1,0.03323758230217304,9267.212456458808,2024
LN101352,Retail Term Loan,East,Healthcare,95215.0,771,44.46,53,0.0,409990.15,1,AA,0,0.9579,423263.43,0.011825511946578254,4794.5833339232695,2023
LN101353,Retail Term Loan,North,Technology,63333.0,720,21.43,69,0.286,242345.03,0,A,0,0.5328,253427.17,0.006645520061282274,897.3179663822317,2025
LN101354,SME Loan,Central,Services,50381.0,533,33.83,29,1.209,13097.18,0,E,1,0.05,13153.3,0.045808814962001676,30.126854291984834,2026
LN101355,Retail Term Loan,East,Technology,77227.0,653,35.19,76,0.106,24890.51,1,C,1,0.7237,25448.86,0.026416172268563624,486.51562569321646,2024
LN101356,Auto Loan,South,Healthcare,93060.0,747,28.75,63,0.594,119366.46,0,A,0,0.2425,122968.47,0.005978330961647851,178.27295629056024,2026
LN101357,Auto Loan,West,Technology,47031.0,672,35.48,47,0.972,106783.9,5,C,0,0.1987,110254.41,0.04962927425114768,1087.2558700010206,2023
LN101358,Credit Card,South,Services,65631.0,771,14.52,53,0.054,121684.03,0,AA,0,0.5041,150122.21,0.00346060343335187,261.8867227591135,2025
LN101359,Retail Term Loan,South,Retail,97000.0,758,23.47,56,0.322,288216.37,3,A,0,0.8953,309022.59,0.010673989811705328,2953.150610829054,2023
LN101360,Credit Card,Central,Other,49320.0,602,50.65,29,0.0,278332.02,0,D,0,0.6655,360293.21,0.05451877573065571,13072.24660667988,2022
LN101361,Auto Loan,Central,Services,30136.0,681,51.56,40,0.989,135630.07,0,B,0,0.0811,140504.61,0.02094036295266669,238.6138416767457,2025
LN101362,Credit Card,East,Other,32213.0,661,42.96,55,0.086,41296.4,4,C,0,0.98,45953.86,0.06659320998865696,2999.0107477939564,2024
LN101363,Retail Term Loan,South,Healthcare,59594.0,600,46.31,39,0.055,50756.96,1,D,0,0.9696,54674.51,0.06158274283722849,3264.6492978934007,2024
LN101364,Auto Loan,Central,Other,36320.0,595,8.26,16,1.193,125799.83,0,D,0,0.05,132904.83,0.011512165780925343,76.501121802285,2025
LN101365,Auto Loan,North,Technology,61945.0,638,19.67,54,1.247,160656.34,0,D,0,0.05,172929.0,0.010798606507003258,93.36961123247832,2024
LN101366,Retail Term Loan,West,Services,187393.0,648,27.96,66,0.306,51181.37,0,C,0,0.5538,53241.98,0.01621627359562521,478.1434517039637,2024
LN101367,Retail Term Loan,East,Manufacturing,35137.0,708,63.4,72,0.122,190539.01,4,B,1,0.98,200107.53,0.07947365481728831,15585.21123024896,2025
LN101368,Retail Term Loan,Central,Technology,64203.0,758,27.93,60,0.014,35192.33,0,A,0,0.8211,37597.85,0.006080327395651082,187.70940260662547,2025
LN101369,Retail Term Loan,East,Retail,242319.0,723,41.68,66,0.0,18602.2,0,A,0,0.8633,18656.73,0.013215949083636649,212.86076772192007,2024
LN101370,Retail Term Loan,Central,Manufacturing,93875.0,739,36.92,70,0.128,65033.5,4,A,0,0.98,69847.55,0.026585797803975346,1819.8137845749973,2025
LN101371,SME Loan,North,Other,61267.0,673,36.63,50,1.169,313762.44,0,C,0,0.05,325715.41,0.013484694187055493,219.60863479306983,2024
LN101372,Auto Loan,West,Other,68800.0,729,31.69,6,1.441,348309.46,0,A,0,0.05,375098.2,0.00628150975816034,117.80915017841896,2025
LN101373,Credit Card,North,Retail,94977.0,680,16.4,74,0.105,39292.52,0,B,0,0.5404,48657.75,0.008713589566270023,229.12077133290185,2024
LN101374,SME Loan,West,Healthcare,190597.0,661,5.0,28,1.591,41452.6,0,C,0,0.05,41764.24,0.004968933272792564,10.376186087444706,2025
LN101375,Retail Term Loan,North,Retail,56009.0,813,48.66,23,0.136,204413.78,0,AA,0,0.6508,205637.82,0.0067174227644850515,898.9865975882474,2025
LN101376,Credit Card,Central,Retail,49442.0,539,23.99,24,0.108,88147.26,0,E,0,0.4477,103937.32,0.042067586252064006,1957.5199762587804,2025
LN101377,SME Loan,West,Technology,35133.0,568,7.73,103,1.354,312296.71,0,E,0,0.05,315637.35,0.014066555528065766,221.99651552532646,2026
LN101378,Credit Card,North,Retail,79376.0,715,37.69,58,0.173,202098.38,4,B,0,0.8799,222847.94,0.033736513762813586,6615.1872721862155,2024
LN101379,Auto Loan,Central,Healthcare,34618.0,673,37.44,25,1.375,227913.73,0,C,0,0.05,230358.9,0.01312679012482779,151.19364668430964,2026
LN101380,Auto Loan,South,Services,58114.0,597,41.98,33,1.047,67503.24,0,D,0,0.05,68286.98,0.033788702155211896,115.36642141494558,2024
LN101381,Retail Term Loan,East,Healthcare,45500.0,621,46.5,48,0.121,163720.35,0,D,0,0.7541,169614.26,0.03910726319406378,5002.058043444648,2026
LN101382,Auto Loan,North,Other,135403.0,630,20.05,60,1.096,492237.0,0,D,0,0.05,516913.7,0.012263721039972699,316.9642709270068,2024
LN101383,SME Loan,North,Other,56705.0,748,20.63,54,0.977,132564.01,0,A,0,0.05,133040.74,0.004141155317952403,27.547118397766145,2025
LN101384,SME Loan,South,Manufacturing,93298.0,769,27.86,28,1.825,116278.76,4,AA,0,0.05,121622.76,0.0097556768720176,59.32561734214736,2026
LN101385,Retail Term Loan,East,Manufacturing,31039.0,797,42.68,55,0.14,88456.11,0,AA,0,0.7048,92574.04,0.0064701194737115655,422.15060174993533,2026
LN101386,Credit Card,East,Technology,80626.0,587,5.0,35,0.128,39100.55,0,D,0,0.6655,41100.93,0.014707545010506825,402.29060922485337,2023
LN101387,Retail Term Loan,Central,Other,38697.0,601,33.67,71,0.187,55602.58,0,D,0,0.4537,56441.11,0.031182660939591586,798.5047390687679,2023
LN101388,SME Loan,North,Other,59346.0,597,44.12,49,1.189,64277.9,0,D,0,0.05,67530.53,0.034846432800256434,117.65990378053506,2025
LN101389,Retail Term Loan,West,Other,253066.0,774,43.58,31,0.26,37958.04,0,AA,0,0.8342,40330.58,0.00805484445681658,270.9953329699175,2024
LN101390,SME Loan,North,Manufacturing,125234.0,717,41.21,63,1.456,40733.64,0,B,0,0.05,41659.33,0.009506553536009892,19.80183254596515,2023
LN101391,Credit Card,South,Technology,69886.0,695,45.82,56,0.104,21623.11,1,B,0,0.6914,23978.78,0.024781455482547673,410.84997837283925,2023
LN101392,Retail Term Loan,North,Healthcare,435679.0,705,5.0,38,0.084,69389.4,1,B,0,0.7715,69938.38,0.006224053833950843,335.83413684133836,2024
LN101393,Retail Term Loan,North,Technology,45338.0,686,52.98,64,0.273,192513.3,0,B,0,0.6409,204554.87,0.025018588525034077,3279.917345636966,2025
LN101394,Credit Card,East,Healthcare,142360.0,617,36.3,62,0.0,96151.83,0,D,0,0.7414,124607.61,0.030514141022584627,2819.0209080377854,2022
LN101395,Retail Term Loan,Central,Services,32282.0,723,49.35,74,0.329,96457.41,1,A,0,0.6245,99762.96,0.020059338064588723,1249.7362486320444,2024
LN101396,Auto Loan,West,Retail,65584.0,678,16.73,64,0.681,205251.59,0,C,0,0.3797,215189.87,0.007744402044482699,632.776455227633,2022
LN101397,SME Loan,Central,Retail,35738.0,612,9.2,43,1.04,391414.6,0,D,0,0.05,421320.94,0.010479551489905701,220.76272422527356,2025
LN101398,Auto Loan,East,Other,86400.0,727,55.22,11,1.576,589233.72,0,A,0,0.05,615721.73,0.013061849504504109,402.12322869564565,2026
LN101399,Auto Loan,North,Services,77345.0,662,19.96,52,1.253,132774.12,0,C,0,0.05,137311.5,0.008643641836897843,59.34357130435991,2024
LN101400,Auto Loan,South,Services,63325.0,705,27.96,56,1.164,98517.17,0,B,0,0.05,102085.19,0.007544674085739723,38.509974376540804,2026
LN101401,Retail Term Loan,Central,Manufacturing,136745.0,682,38.86,49,0.245,89867.51,0,B,0,0.3419,91175.34,0.01679824348195847,523.6491032615718,2026
LN101402,SME Loan,North,Manufacturing,54904.0,748,42.05,6,1.205,181513.99,0,A,0,0.05,194727.93,0.007730963346325605,75.2717244667929,2024
LN101403,Retail Term Loan,North,Other,89771.0,704,46.02,63,0.0,107563.09,1,B,0,0.8053,112303.85,0.023511531814590612,2126.342742114343,2023
LN101404,Retail Term Loan,Central,Other,117777.0,633,34.9,28,0.169,107832.73,0,D,1,0.5111,111240.14,0.024076508766684383,1368.86594664428,2024
LN101405,Retail Term Loan,North,Services,33172.0,711,18.29,63,0.0,112952.02,0,B,0,0.6994,121412.42,0.007056522750378914,599.2106030336467,2026
LN101406,SME Loan,Central,Healthcare,49693.0,713,41.19,85,1.419,62053.45,3,B,0,0.05,64788.7,0.021698562921968992,70.29108417912863,2024
LN101407,Retail Term Loan,West,Technology,77255.0,723,41.39,42,0.375,23451.96,0,A,0,0.6605,23726.27,0.011900166330134746,186.4899024795297,2024
LN101408,SME Loan,West,Other,106067.0,757,8.4,58,1.304,75115.44,0,A,0,0.05,79282.16,0.002360644898211429,9.357851326159112,2023
LN101409,Credit Card,East,Services,163886.0,650,50.44,49,0.248,332861.76,0,C,0,0.6863,371877.4,0.032640909174576696,8330.595201040966,2023
LN101410,Credit Card,North,Other,66603.0,733,5.0,60,0.201,322088.07,3,A,0,0.7682,393493.2,0.007783435851894553,2352.7884795300274,2026
LN101411,SME Loan,East,Retail,63019.0,578,45.45,50,0.884,231675.93,0,E,0,0.05,238726.37,0.046717178724072994,557.6311246719589,2026
LN101412,Credit Card,Central,Healthcare,46412.0,682,23.76,37,0.098,84934.62,0,B,0,0.8164,105115.22,0.010817606644689198,928.324441542185,2023
LN101413,SME Loan,Central,Retail,89925.0,672,41.17,28,1.521,69001.77,2,C,0,0.05,71658.43,0.024087480121639675,86.3035504086454,2025
LN101414,Retail Term Loan,East,Healthcare,63693.0,784,38.63,83,0.095,374169.63,5,AA,0,0.98,386282.85,0.023899202964211542,9047.2151890692,2025
LN101415,Credit Card,Central,Retail,64507.0,680,31.52,58,0.0,56221.59,3,B,0,0.9396,61247.07,0.0313036435245816,1801.4541568543082,2024
LN101416,Auto Loan,West,Other,71225.0,730,37.86,66,1.027,123355.48,0,A,0,0.05,124113.3,0.008419758198283658,52.25019875955196,2025
LN101417,Auto Loan,North,Technology,101584.0,575,30.88,57,1.568,391559.41,0,E,0,0.05,399836.89,0.025814897608298904,516.0874187685337,2026
LN101418,SME Loan,West,Services,55006.0,667,41.28,69,0.469,130876.51,0,C,0,0.4259,136941.28,0.019752794080793227,1152.0479602396056,2025
LN101419,SME Loan,West,Other,49048.0,635,60.41,28,1.181,97715.2,0,D,0,0.05,98631.98,0.04049981317214168,199.72883813992075,2024
LN101420,Credit Card,East,Healthcare,95101.0,850,14.56,50,0.203,270258.5,0,AA,0,0.6601,319406.97,0.001553894764638966,327.62401267349605,2025
LN101421,Auto Loan,West,Retail,18000.0,647,5.0,59,1.1,126204.07,0,C,0,0.05,134558.85,0.006450980282883869,43.40182441187641,2025
LN101422,Auto Loan,Central,Manufacturing,53810.0,695,26.6,76,1.045,137663.38,0,B,0,0.05,147507.32,0.008200611807692382,60.48251350565293,2025
LN101423,Auto Loan,East,Other,39816.0,698,25.71,107,1.438,346468.09,0,B,0,0.05,351529.26,0.007002433338885606,123.07801049088931,2026
LN101424,Auto Loan,South,Healthcare,145370.0,587,27.09,57,1.166,20207.3,1,D,0,0.05,21734.37,0.029277607179792362,31.81651735801319,2025
LN101425,Auto Loan,Central,Healthcare,58849.0,656,19.96,33,1.453,154266.21,0,C,0,0.05,160030.03,0.008699051740457018,69.60547554984444,2022
LN101426,Retail Term Loan,Central,Healthcare,55097.0,716,43.34,22,0.284,70180.3,0,B,0,0.6309,71034.05,0.01385202217330791,620.7836671778074,2025
LN101427,Retail Term Loan,West,Technology,73021.0,696,14.04,28,0.28,103796.83,0,B,0,0.7207,110029.3,0.006626548948460883,525.4728505742692,2023
LN101428,Credit Card,West,Services,54057.0,540,37.86,31,0.391,129873.54,1,E,0,0.5614,141246.15,0.07583850536143077,6013.658921937294,2025
LN101429,Auto Loan,North,Services,60101.0,653,40.3,6,1.263,74788.36,0,C,0,0.05,79165.75,0.017889683018232367,70.81250867003145,2022
LN101430,SME Loan,East,Manufacturing,79115.0,756,36.11,33,1.321,140816.45,1,A,0,0.05,148684.21,0.007469933774257406,55.53306009888904,2023
LN101431,Credit Card,North,Manufacturing,59464.0,728,38.33,64,0.058,157157.27,1,A,0,0.8953,187167.14,0.0144779979030438,2426.088828730773,2023
LN101432,Retail Term Loan,East,Healthcare,59229.0,769,44.34,50,0.389,138367.15,0,AA,0,0.4161,147530.72,0.008376436630110522,514.2087766357323,2026
LN101433,Retail Term Loan,Central,Other,43030.0,626,32.7,42,0.195,129733.43,0,D,0,0.729,138274.95,0.023855694154811844,2404.7121441080153,2026
LN101434,Retail Term Loan,South,Manufacturing,39762.0,773,27.5,12,0.204,110517.21,0,AA,0,0.6193,114414.36,0.004943100273152389,350.25233242658663,2024
LN101435,SME Loan,Central,Technology,77543.0,687,38.32,71,0.943,112049.27,0,B,0,0.05,116676.53,0.013181525003047834,76.89872987319303,2024
LN101436,Retail Term Loan,North,Manufacturing,88776.0,793,39.8,59,0.014,126857.78,0,AA,0,0.8045,131097.35,0.006336339128461728,668.2798624621056,2024
LN101437,Auto Loan,North,Retail,34192.0,690,43.57,48,1.527,62041.33,0,B,0,0.05,65086.23,0.013030849421023961,42.40644312560662,2025
LN101438,SME Loan,Central,Healthcare,113915.0,557,9.74,6,1.041,291947.33,0,E,0,0.05,304152.07,0.018023559546206314,274.0951472373456,2022
LN101439,SME Loan,North,Healthcare,114173.0,745,29.61,37,1.493,112585.46,0,A,0,0.05,115255.2,0.004971827512240032,28.65144871443637,2023
LN101440,Retail Term Loan,West,Other,128197.0,661,18.15,58,0.358,90479.96,0,C,0,0.4772,93542.44,0.010360779862668153,462.48917839504594,2025
LN101441,Retail Term Loan,West,Services,88449.0,666,39.29,47,0.055,158314.33,5,C,0,0.98,165467.71,0.07343972887802053,11908.865685257586,2023
LN101442,Retail Term Loan,South,Other,106472.0,596,41.45,52,0.304,110742.63,0,D,0,0.5111,117831.35,0.040366250143648315,2431.0010226442755,2025
LN101443,Retail Term Loan,North,Healthcare,249448.0,795,28.43,63,0.123,286382.6,0,AA,0,0.6404,289473.17,0.004205291737427216,779.571170857036,2026
LN101444,Retail Term Loan,South,Retail,63539.0,656,22.52,51,0.122,224476.26,0,C,0,0.8384,234573.86,0.01325848514743336,2607.5028421182765,2025
LN101445,Auto Loan,North,Services,42197.0,792,39.76,62,1.088,128066.52,0,AA,0,0.05,137680.92,0.004848472108869844,33.377105027177016,2024
LN101446,SME Loan,West,Manufacturing,32258.0,662,30.27,29,1.407,231535.28,0,C,0,0.05,239105.35,0.011526911809798574,137.8073141350511,2023
LN101447,Auto Loan,Central,Other,196981.0,630,50.54,21,1.58,141483.01,0,D,0,0.05,142258.41,0.02829838861835565,201.28418852046858,2024
LN101448,Credit Card,Central,Services,198407.0,776,55.05,59,0.111,53496.35,4,AA,0,0.98,58497.97,0.03314356633876461,1900.0547223905012,2022
LN101449,Retail Term Loan,Central,Services,45103.0,685,45.01,63,0.009,223720.85,0,B,0,0.5336,227519.37,0.02103247042585659,2553.4331029573013,2023
LN101450,Credit Card,West,Retail,50273.0,686,35.02,59,0.123,31727.37,0,B,0,0.5665,35895.18,0.014775664365078569,300.45751228031185,2026
LN101451,Credit Card,Central,Manufacturing,62758.0,607,55.73,51,0.196,10233.77,0,D,0,0.5547,10994.75,0.05790187501533325,353.13125038818606,2026
LN101452,SME Loan,West,Healthcare,147058.0,660,35.13,41,1.018,195603.37,0,C,0,0.05,210325.57,0.015131187822641232,159.1237851787038,2025
LN101453,SME Loan,West,Healthcare,36947.0,718,25.77,53,0.755,163691.8,5,B,0,0.7053,173825.6,0.025254208597213862,3096.1456615533607,2025
LN101454,Retail Term Loan,Central,Manufacturing,25428.0,606,23.22,56,0.268,156212.69,0,D,0,0.5673,166234.92,0.021028070050471335,1983.0536205138592,2023
LN101455,Retail Term Loan,South,Manufacturing,247057.0,655,22.85,58,0.298,317405.92,0,C,0,0.4652,332665.42,0.012932655528342567,2001.4054360755122,2024
LN101456,Retail Term Loan,East,Manufacturing,89058.0,663,31.92,105,0.184,117941.71,0,C,0,0.4466,119257.15,0.016427772862803666,874.9471777430057,2023
LN101457,Auto Loan,Central,Other,96295.0,694,38.02,28,0.802,92085.41,0,B,0,0.0779,93333.96,0.012658719661204135,92.03794904833215,2026
LN101458,SME Loan,South,Retail,66999.0,786,13.6,119,1.193,209587.15,0,AA,0,0.05,210329.6,0.00216751664445722,22.79464544110147,2025
LN101459,Auto Loan,South,Technology,96899.0,671,26.16,20,1.164,72808.75,0,C,0,0.05,76475.38,0.009876667015789965,37.76609315830019,2023
LN101460,Credit Card,North,Manufacturing,32612.0,645,34.77,56,0.08,101576.81,0,C,0,0.6216,131867.21,0.021890365355683443,1794.323865556008,2024
LN101461,Auto Loan,South,Services,47228.0,850,40.37,22,1.004,143207.24,0,AA,0,0.05,145566.41,0.002886321277561742,21.007571324063818,2022
LN101462,Retail Term Loan,East,Technology,79466.0,662,31.66,55,0.198,151452.32,0,C,0,0.6172,161860.54,0.016391199168694727,1637.4861288129982,2023
LN101463,Retail Term Loan,Central,Services,21510.0,678,35.18,70,0.329,95047.27,0,C,0,0.6149,97735.15,0.015209840953997314,914.0710399670568,2023
LN101464,Credit Card,North,Technology,63504.0,667,15.9,49,0.124,85128.02,0,C,0,0.5187,102345.86,0.009668999562968694,513.2962226197656,2023
LN101465,Credit Card,West,Other,61387.0,672,20.15,69,0.239,54792.24,0,C,0,0.5853,58690.96,0.010241572841067987,351.8166553646271,2026
LN101466,Auto Loan,West,Services,63498.0,695,31.21,39,1.081,69163.23,0,B,0,0.05,72630.1,0.009407418209153895,34.16308626363342,2022
LN101467,Retail Term Loan,Central,Technology,55390.0,750,38.64,6,0.17,428741.29,0,A,0,0.6918,435589.81,0.008871408305867287,2673.319321390849,2024
LN101468,Credit Card,West,Other,43369.0,716,35.01,62,0.283,99642.42,0,B,0,0.6022,125143.18,0.010642489143848735,802.0309976020935,2024
LN101469,Retail Term Loan,North,Other,27533.0,760,20.97,49,0.067,136998.2,0,AA,0,0.6355,138147.96,0.0047124270205606165,413.7182400972424,2024
LN101470,SME Loan,East,Manufacturing,81215.0,758,28.92,37,1.484,42249.7,0,A,0,0.05,42892.17,0.004300441086429576,9.222762507706102,2023
LN101471,Retail Term Loan,Central,Manufacturing,63588.0,704,51.65,39,0.153,721793.72,0,B,0,0.7644,766110.74,0.020860416204980102,12216.17367172425,2025
LN101472,Retail Term Loan,Central,Other,35201.0,714,39.08,57,0.0,65658.45,0,B,0,0.569,68498.3,0.013265992198558322,517.0491127328547,2024
LN101473,Auto Loan,West,Other,77624.0,762,29.89,30,0.603,52717.09,0,AA,0,0.1561,54542.9,0.005353085711024244,45.576956987803364,2025
LN101474,Auto Loan,Central,Services,63769.0,618,18.66,56,1.55,114969.16,0,D,0,0.05,116367.14,0.01172311301576468,68.20925667706554,2023
LN101475,Auto Loan,West,Technology,58202.0,850,22.73,74,1.586,64248.37,1,AA,0,0.05,64708.62,0.0018374348141166014,5.94489355807209,2026
LN101476,Auto Loan,North,Technology,22901.0,657,32.09,93,0.979,154930.81,0,C,0,0.05,160322.05,0.014286101812691358,114.51885645596973,2023
LN101477,SME Loan,Central,Healthcare,109181.0,667,35.59,79,1.086,41651.66,1,C,0,0.05,44930.08,0.0182877725829582,41.08355425870593,2025
LN101478,Auto Loan,North,Healthcare,38066.0,611,39.35,52,0.615,265981.33,0,D,0,0.2985,279223.59,0.030425371723678485,2535.901233651344,2025
LN101479,Auto Loan,South,Retail,77656.0,613,37.04,54,1.379,231688.36,5,D,0,0.1303,237580.65,0.08048138486276264,2491.4428106359687,2026
LN101480,Auto Loan,South,Other,48084.0,753,27.19,39,1.141,110433.69,2,A,0,0.1857,119260.72,0.007872565227920835,174.35146396395868,2026
LN101481,Retail Term Loan,West,Manufacturing,60563.0,838,25.36,38,0.098,37661.11,0,AA,0,0.9177,40667.12,0.002533129893241711,94.53695483263272,2025
LN101482,Auto Loan,North,Manufacturing,141351.0,653,58.61,67,1.211,67959.67,0,C,0,0.05,69796.13,0.03214053978637965,112.16426466001634,2025
LN101483,Retail Term Loan,West,Other,100472.0,713,24.77,41,0.057,125368.78,0,B,0,0.6841,127550.54,0.008383595789617001,731.5301375704552,2025
LN101484,Credit Card,Central,Services,139632.0,704,15.21,56,0.183,51425.49,3,B,0,0.8694,60806.79,0.014273545273009442,754.5770117931157,2026
LN101485,Retail Term Loan,West,Other,89945.0,755,10.7,27,0.071,57628.4,0,A,0,0.5997,60338.48,0.003559008159301938,128.78266204113413,2025
LN101486,SME Loan,South,Services,93258.0,834,27.41,78,1.251,250135.08,0,AA,0,0.05,256421.51,0.002088464034472937,26.776355065012133,2025
LN101487,Auto Loan,Central,Retail,28159.0,789,44.22,41,0.954,133744.82,0,AA,0,0.05,142088.08,0.005955078161352673,42.307281109826576,2023
LN101488,SME Loan,South,Manufacturing,62982.0,674,24.51,72,0.44,130820.12,2,C,0,0.4474,134528.68,0.018417262196578563,1108.5005977052756,2022
LN101489,Auto Loan,West,Other,66273.0,724,51.21,33,1.449,173592.98,4,A,0,0.05,182050.75,0.03428046155503255,312.03918682199213,2022
LN101490,Retail Term Loan,East,Retail,147010.0,731,31.91,31,0.235,106998.6,0,A,0,0.5382,109128.75,0.008454921717841143,496.583705675414,2025
LN101491,Credit Card,North,Services,56773.0,689,46.42,77,0.252,115104.19,0,B,0,0.5163,141439.8,0.01990321011874514,1453.4392580310628,2025
LN101492,Credit Card,North,Retail,86761.0,619,22.15,34,0.142,165121.52,0,D,0,0.8172,176718.2,0.01855405931357319,2679.468019061224,2023
LN101493,Credit Card,North,Manufacturing,84915.0,638,22.35,14,0.178,211405.88,0,D,0,0.4934,249519.33,0.015438914839254357,1900.7286125772248,2025
LN101494,Auto Loan,Central,Healthcare,141770.0,765,33.18,25,1.291,170062.13,5,AA,0,0.121,174200.44,0.017819979837161954,375.6140477393936,2024
LN101495,Credit Card,Central,Manufacturing,69681.0,771,38.27,67,0.276,333540.21,0,AA,0,0.7229,401677.27,0.006972956758531203,2024.7548757886264,2025
LN101496,SME Loan,East,Retail,118246.0,677,29.67,65,1.275,122086.89,0,C,0,0.05,128000.29,0.01013145854027496,64.84148156390859,2023
LN101497,Credit Card,Central,Retail,29365.0,707,35.8,31,0.306,46733.98,0,B,0,0.5503,55329.28,0.01182526352876442,360.0521092662941,2023
LN101498,Retail Term Loan,North,Manufacturing,30870.0,768,39.65,34,0.177,257052.7,5,AA,0,0.98,269651.37,0.028107865999419498,7427.738083029489,2025
LN101499,Credit Card,Central,Manufacturing,21363.0,579,13.53,63,0.367,101081.93,0,E,0,0.4664,120308.05,0.01954424549106625,1096.660341733687,2022
LN101500,Credit Card,South,Technology,115559.0,661,27.57,77,0.142,70063.97,5,C,0,0.98,74938.2,0.05290841937543355,3885.5644785833124,2025
LN101501,SME Loan,North,Retail,108636.0,821,25.26,46,1.516,197578.57,0,AA,0,0.05,208843.7,0.0020646972215626774,21.55995035654347,2022
LN101502,Auto Loan,West,Manufacturing,122823.0,709,25.89,60,1.31,155560.07,0,B,0,0.05,164796.57,0.00654692001760833,53.945498148309625,2022
LN101503,Auto Loan,South,Manufacturing,51673.0,617,37.29,67,0.592,49026.86,0,D,0,0.3039,51496.04,0.027124572844714756,424.4899780022614,2023
LN101504,Credit Card,South,Healthcare,55011.0,698,25.44,95,0.353,191892.04,1,B,0,0.5584,205068.24,0.011897951152972751,1362.435638381738,2024
LN101505,Auto Loan,West,Healthcare,70169.0,756,5.93,23,1.377,445640.94,0,A,0,0.05,449475.35,0.0021614142905536887,48.57512223708105,2026
LN101506,Credit Card,South,Technology,165923.0,524,28.93,33,0.202,150509.22,0,E,0,0.5494,189600.43,0.05488447410438004,5717.122267848567,2024
LN101507,Auto Loan,West,Other,190394.0,701,18.16,37,0.924,100299.74,0,B,0,0.0908,105414.2,0.006103416710017299,58.41952050958198,2024
LN101508,Retail Term Loan,North,Manufacturing,116057.0,666,38.45,66,0.065,37300.73,0,C,0,0.6362,38967.15,0.020210023923572365,501.02469886120997,2025
LN101509,Credit Card,North,Healthcare,89977.0,583,42.47,42,0.075,504387.36,1,D,0,0.9137,635988.02,0.06372074332106736,37028.267562398876,2023
LN101510,Retail Term Loan,South,Healthcare,156327.0,695,5.0,55,0.164,83564.57,1,B,0,0.7861,87705.02,0.006713614175838479,462.86956690001557,2025
LN101511,Retail Term Loan,West,Services,65155.0,681,21.93,51,0.135,44786.19,0,B,0,0.7599,47577.05,0.010208716959822395,369.0839142335985,2025
LN101512,Credit Card,South,Technology,60490.0,688,36.59,48,0.0,129681.73,0,B,0,0.8138,157553.4,0.015717470151852583,2015.2461933514685,2026
LN101513,Credit Card,North,Healthcare,69862.0,667,13.68,50,0.319,243049.72,0,C,0,0.7025,262648.56,0.008571658512540244,1581.561970004132,2023
LN101514,SME Loan,West,Technology,43781.0,624,42.17,71,1.768,285040.73,0,D,0,0.05,291651.07,0.021987161355536237,320.6289567802397,2025
LN101515,Retail Term Loan,East,Services,68117.0,595,45.64,27,0.274,74958.75,2,D,0,0.7641,76003.04,0.07655359202357903,4445.767398139454,2022
LN101516,Retail Term Loan,East,Technology,40565.0,645,29.89,45,0.079,112002.78,0,C,0,0.8692,117544.29,0.0187840573982329,1919.1576935170885,2024
LN101517,SME Loan,South,Healthcare,131794.0,746,21.94,21,0.959,120034.68,5,A,0,0.2556,121204.39,0.016302950229517835,505.06282361377407,2024
LN101518,Retail Term Loan,North,Manufacturing,101141.0,705,5.0,53,0.247,237717.34,0,B,0,0.5904,238496.14,0.004593367406135704,646.783433777841,2025
LN101519,Retail Term Loan,North,Technology,164638.0,686,42.58,44,0.233,181721.56,0,B,0,0.4736,193616.33,0.018236639296955695,1672.239531158818,2025
LN101520,Retail Term Loan,West,Technology,30612.0,622,58.03,72,0.123,145028.31,0,D,0,0.6119,155724.53,0.05509249608584385,5249.644947104913,2025
LN101521,Auto Loan,North,Retail,213454.0,666,55.34,48,1.342,227663.86,0,C,0,0.05,243034.77,0.024852898703566124,302.00592601272456,2023
LN101522,SME Loan,South,Manufacturing,31583.0,738,29.47,38,1.117,46249.21,4,A,0,0.2849,48408.74,0.01654175253162276,228.13806173284058,2023
LN101523,Credit Card,Central,Manufacturing,38800.0,723,17.8,43,0.135,161112.67,0,A,0,0.5502,192255.59,0.005978572520660503,632.4075758220182,2023
LN101524,Credit Card,South,Healthcare,53305.0,659,42.89,86,0.039,140135.41,0,C,0,0.6373,166463.85,0.02498289478713183,2650.370642366863,2023
LN101525,Retail Term Loan,West,Healthcare,153966.0,520,30.35,13,0.088,115872.11,5,E,1,0.98,119490.93,0.19533555196446284,22874.01023097105,2024
LN101526,Auto Loan,South,Retail,84907.0,646,38.22,34,0.91,100757.8,0,C,0,0.0822,102237.38,0.01958653737033532,164.6035489020472,2024
LN101527,Auto Loan,Central,Other,65587.0,659,35.94,49,1.367,131814.61,0,C,0,0.05,140336.18,0.014339717690797768,100.619060150249,2024
LN101528,Retail Term Loan,Central,Other,48499.0,631,33.21,34,0.309,80508.28,1,D,1,0.669,85877.63,0.02903438533809658,1668.0874106981214,2025
LN101529,Retail Term Loan,East,Technology,35189.0,663,45.37,59,0.241,809645.07,0,C,0,0.4313,840067.49,0.024705816568310567,8951.438843871485,2025
LN101530,Retail Term Loan,West,Technology,139831.0,743,45.85,47,0.068,310683.19,0,A,0,0.5763,318323.12,0.012240843210501463,2245.5779626865015,2025
LN101531,Retail Term Loan,East,Other,116366.0,688,25.21,54,0.334,257888.86,1,B,0,0.7413,272314.84,0.013060681384457791,2636.5204500796553,2025
LN101532,Auto Loan,Central,Technology,157801.0,754,20.0,51,1.437,82823.98,0,A,0,0.05,86981.66,0.003402517746730938,14.79783208950583,2023
LN101533,Credit Card,South,Other,93292.0,592,5.0,46,0.217,61402.88,0,D,0,0.7033,66913.34,0.01370738967390316,645.0718418786757,2026
LN101534,Retail Term Loan,Central,Other,18000.0,670,27.5,20,0.056,103453.81,2,C,0,0.8047,111113.75,0.02315709108419428,2070.5504183435587,2025
LN101535,Auto Loan,West,Services,37825.0,564,17.79,52,1.128,129982.98,0,E,0,0.05,132892.41,0.021246652640833703,141.1759436936628,2025
LN101536,Credit Card,West,Technology,96850.0,662,37.45,9,0.254,43537.33,1,C,0,0.6032,50313.25,0.025087335620778875,761.3743545978424,2026
LN101537,Credit Card,South,Healthcare,61200.0,622,27.63,33,0.062,167917.96,2,D,1,0.8104,213084.85,0.036460880757614694,6296.209363277255,2025
LN101538,Credit Card,Central,Healthcare,55154.0,773,29.04,59,0.156,255953.67,0,AA,0,0.6144,309975.78,0.0052564648995357816,1001.0891103905129,2024
LN101539,Auto Loan,West,Retail,40883.0,717,42.56,74,1.145,25091.21,0,B,0,0.05,26033.77,0.010744387252789905,13.985845326503213,2024
LN101540,Credit Card,Central,Other,126300.0,756,37.16,100,0.048,63894.55,2,A,0,0.8757,81169.23,0.01387882453321331,986.5053865332458,2024
LN101541,Retail Term Loan,Central,Retail,96389.0,662,30.48,39,0.0,283432.95,0,C,0,0.562,287719.88,0.016607539361738005,2685.415408527049,2026
LN101542,Auto Loan,North,Retail,98805.0,624,53.92,29,0.95,155908.21,0,D,0,0.1033,162432.08,0.03890541713338084,652.8030926574696,2022
LN101543,Retail Term Loan,Central,Manufacturing,52932.0,622,41.6,59,0.436,65435.55,0,D,0,0.4383,67052.65,0.03077623816184446,904.4882951906012,2024
LN101544,Auto Loan,Central,Services,82636.0,707,26.59,89,1.052,200787.08,0,B,0,0.1181,213404.24,0.007291700138877506,183.77301569316023,2023
LN101545,Auto Loan,South,Other,35935.0,808,27.17,82,1.414,79165.57,0,AA,0,0.05,83206.47,0.0025549628061605437,10.629471804095656,2024
LN101546,Retail Term Loan,Central,Healthcare,69831.0,717,42.25,25,0.062,101718.24,1,B,0,0.9419,102164.76,0.018175860041726284,1749.0446077391796,2025
LN101547,Credit Card,East,Healthcare,18674.0,666,34.64,45,0.297,54069.9,0,C,0,0.6729,58356.33,0.016902078678587427,663.7103938209755,2025
LN101548,Retail Term Loan,South,Other,31659.0,678,17.42,67,0.112,121429.28,0,C,0,0.8445,128849.01,0.009158719848607813,996.5876816369141,2022
LN101549,Retail Term Loan,South,Services,62816.0,688,43.63,68,0.266,244746.98,3,B,0,0.8883,258030.4,0.039536997831909934,9062.212184655376,2024
LN101550,Retail Term Loan,South,Technology,276941.0,822,48.34,61,0.211,85904.7,0,AA,0,0.5467,86703.68,0.005981134644421879,283.5111762677629,2023
LN101551,Auto Loan,North,Retail,27857.0,770,47.36,38,1.269,188540.3,0,AA,0,0.05,193093.86,0.007288186658748711,70.36520471691458,2025
LN101552,Retail Term Loan,West,Other,37846.0,707,52.06,61,0.209,115879.96,4,B,0,0.8581,118401.56,0.05594009642405729,5683.53497761857,2023
LN101553,Auto Loan,West,Retail,84497.0,697,58.9,68,1.336,255391.26,0,B,0,0.05,265022.69,0.020749736766724362,274.95755273545967,2023
LN101554,Retail Term Loan,West,Other,198477.0,709,54.49,27,0.178,86779.07,0,B,0,0.7392,86959.17,0.02161187712218438,1389.2161828311353,2023
LN101555,Credit Card,East,Healthcare,83821.0,722,36.43,77,0.247,356382.87,1,A,0,0.7366,438006.66,0.01375947627546955,4439.298338969056,2024
LN101556,SME Loan,South,Healthcare,110351.0,663,29.29,70,1.508,193369.71,0,C,0,0.05,195943.68,0.010785730378344325,105.66978509102897,2022
LN101557,Auto Loan,West,Other,62290.0,635,8.22,32,0.866,142351.71,0,D,0,0.05,150716.08,0.008517482165545275,64.18607617304475,2025
LN101558,Credit Card,Central,Healthcare,56636.0,757,32.14,68,0.297,146035.09,2,A,0,0.541,165539.56,0.011004287115442558,985.5098623373804,2026
LN101559,SME Loan,North,Services,78468.0,691,38.75,66,1.515,86660.76,0,B,0,0.05,92118.72,0.011113159627301458,51.18650200113437,2023
LN101560,SME Loan,South,Technology,52218.0,752,32.57,67,0.85,82843.63,3,A,0,0.2612,87018.48,0.013180409143232517,299.58051105307754,2024
LN101561,Credit Card,Central,Retail,111702.0,797,7.45,83,0.253,144174.8,0,AA,0,0.5593,155504.79,0.0020398252436883385,177.41141203030466,2026
LN101562,SME Loan,Central,Manufacturing,31002.0,724,28.27,48,1.349,51851.21,2,A,0,0.05,55812.01,0.010204876960589079,28.477734748658364,2026
LN101563,SME Loan,Central,Technology,122362.0,713,40.39,55,1.102,78752.29,0,B,0,0.05,82674.72,0.010536878416039022,43.55667363600348,2025
LN101564,Credit Card,North,Retail,76639.0,850,18.66,6,0.223,62265.85,0,AA,0,0.5698,75718.26,0.0017626973890853856,76.05028247276874,2023
LN101565,Auto Loan,East,Retail,66646.0,703,34.15,73,1.054,179068.17,0,B,0,0.05,184159.21,0.009631214523595832,88.68384290029675,2024
LN101566,Retail Term Loan,North,Manufacturing,30382.0,619,37.61,70,0.221,180984.4,0,D,0,0.5354,194506.36,0.02951035056638183,3073.1696963285103,2026
LN101567,Retail Term Loan,Central,Technology,43755.0,672,46.53,78,0.151,291478.81,0,C,0,0.5489,310477.16,0.02406955002672101,4101.954694037593,2023
LN101568,Auto Loan,East,Technology,145002.0,791,54.26,27,0.959,94938.99,0,AA,0,0.05,96832.51,0.008031705047272127,38.88650796535144,2023
LN101569,Auto Loan,South,Manufacturing,66871.0,606,27.09,69,0.876,68173.37,1,D,0,0.4632,69611.59,0.026330276453839997,848.9957638911196,2024
LN101570,Auto Loan,North,Technology,87410.0,641,34.39,70,1.013,42904.82,0,C,0,0.05,45451.03,0.017738694393906657,40.31209655291416,2023
LN101571,Auto Loan,West,Services,46235.0,762,34.8,34,1.691,145061.37,1,AA,0,0.05,149135.69,0.006150104746711984,45.86000574865835,2024
LN101572,Auto Loan,Central,Manufacturing,73811.0,672,40.44,71,1.403,319018.06,0,C,0,0.05,340011.58,0.014467962441501718,245.96373845578285,2025
LN101573,Credit Card,Central,Retail,35262.0,683,38.99,58,0.187,113893.41,0,B,0,0.469,144603.27,0.01695533748374001,1149.8929074840148,2024
LN101574,Retail Term Loan,Central,Retail,79235.0,760,50.53,11,0.081,122258.0,0,AA,0,0.7573,123387.23,0.012025054887959966,1123.6349488740357,2023
LN101575,Retail Term Loan,Central,Other,91959.0,643,5.0,61,0.164,119479.15,1,C,0,0.7543,124457.48,0.011062229943097463,1038.5030886500035,2024
LN101576,Credit Card,West,Manufacturing,89463.0,595,37.43,31,0.061,143351.4,0,D,0,0.6755,177715.56,0.03823689196345523,4590.218846196811,2025
LN101577,Credit Card,Central,Retail,45628.0,600,38.34,11,0.275,241151.69,0,D,0,0.6351,266324.98,0.03558723915812459,6019.332207797848,2025
LN101578,SME Loan,Central,Healthcare,62138.0,728,28.94,56,0.993,459860.79,0,A,0,0.05,465213.73,0.006518585729271862,151.62677907196667,2022
LN101579,SME Loan,East,Services,100781.0,707,5.0,47,0.947,170086.29,0,B,0,0.05,180853.86,0.0037628600579052043,34.026388305598985,2022
LN101580,SME Loan,West,Other,66766.0,645,31.21,79,0.981,178124.26,0,C,0,0.0773,181050.11,0.015572514859072222,217.9400473307613,2026
LN101581,Retail Term Loan,Central,Healthcare,64038.0,615,22.76,52,0.264,101494.67,0,D,0,0.5556,105517.09,0.019048140051455463,1116.7028336037122,2023
LN101582,Auto Loan,North,Other,213662.0,672,53.81,65,1.191,111277.07,0,C,0,0.05,119892.19,0.023253338080713042,139.3946813653542,2024
LN101583,Retail Term Loan,West,Other,44454.0,763,36.88,59,0.152,110230.73,0,AA,0,0.4931,118075.66,0.007437636203661091,433.04229554883733,2022
LN101584,Credit Card,South,Manufacturing,135873.0,636,21.66,70,0.204,92868.9,0,D,0,0.7764,118014.35,0.0152956863902045,1401.48778221847,2024
LN101585,SME Loan,North,Retail,39742.0,647,5.32,28,0.947,131204.87,0,C,0,0.05,132852.16,0.006778126084903112,45.024434556586094,2025
LN101586,Retail Term Loan,North,Healthcare,107514.0,613,39.68,52,0.186,185843.3,4,D,0,0.98,191584.23,0.09060972903201998,17012.20726376603,2022
LN101587,Auto Loan,North,Manufacturing,110716.0,666,41.05,45,0.697,125459.3,0,C,0,0.105,127839.04,0.018686051367377488,250.82472116060362,2024
LN101588,Retail Term Loan,Central,Retail,56644.0,712,29.19,62,0.255,98605.56,0,B,0,0.6438,103938.91,0.009259346082185019,619.5972011094134,2025
LN101589,Retail Term Loan,West,Healthcare,38393.0,827,39.85,54,0.212,131064.67,0,AA,0,0.5208,139045.88,0.004346363162637066,314.74229830179485,2023
LN101590,Retail Term Loan,North,Healthcare,25375.0,704,27.47,34,0.189,61288.5,0,B,0,0.5652,64348.84,0.009627986480395357,350.16952522756486,2025
LN101591,Retail Term Loan,West,Retail,53473.0,687,45.87,41,0.238,210572.48,0,B,0,0.5388,220817.69,0.020008029921208936,2380.486799933826,2022
LN101592,SME Loan,West,Other,100174.0,746,44.9,84,1.033,89862.47,0,A,0,0.05,92112.6,0.009017254242014128,41.530136654647535,2024
LN101593,Auto Loan,East,Healthcare,41463.0,735,10.69,11,0.747,53464.27,0,A,0,0.1966,55399.82,0.003626138815001132,39.49447024121854,2026
LN101594,Credit Card,West,Manufacturing,79108.0,652,13.86,64,0.011,165788.56,3,C,0,0.98,201041.87,0.023430173199609335,4616.236917783877,2022
LN101595,Credit Card,Central,Services,33296.0,840,58.41,75,0.205,171650.38,0,AA,0,0.4703,200569.09,0.00694262168311456,654.8811397963401,2023
LN101596,Retail Term Loan,East,Other,65947.0,688,44.12,61,0.191,65728.94,1,B,0,0.6924,69477.32,0.024560759734411828,1181.5222746549096,2025
LN101597,Retail Term Loan,West,Manufacturing,39909.0,705,15.59,91,0.289,185673.55,0,B,0,0.5818,198557.65,0.006369499356468929,735.8099209432646,2023
LN101598,Credit Card,East,Manufacturing,71851.0,726,11.59,69,0.185,187021.11,2,A,0,0.8195,224926.93,0.0079388045476206,1463.340941041016,2023
LN101599,Retail Term Loan,South,Retail,56934.0,712,34.7,56,0.087,478142.23,1,B,0,0.8106,502584.57,0.014928932173654453,6081.973105789017,2024
LN101600,SME Loan,Central,Other,38970.0,789,17.15,38,1.226,101796.34,0,AA,0,0.05,107961.12,0.002338808513843721,12.62501933100518,2025
LN101601,Retail Term Loan,East,Healthcare,52201.0,652,27.88,57,0.0,115518.21,0,C,0,0.6968,117801.29,0.01682976603491442,1381.4534864399773,2025
LN101602,Credit Card,West,Manufacturing,44867.0,741,31.39,63,0.109,78471.38,0,A,0,0.7649,89516.69,0.0078022520631094465,534.2304679370266,2024
LN101603,Credit Card,West,Retail,36409.0,701,30.82,48,0.0,169535.86,1,B,0,0.6675,205878.67,0.014997443065668636,2061.008799200188,2025
LN101604,Retail Term Loan,West,Other,136047.0,754,46.64,32,0.183,119613.86,0,A,0,0.5732,120035.64,0.01096936216160806,754.7406983563053,2026
LN101605,Retail Term Loan,West,Services,61522.0,676,55.85,22,0.122,239617.06,0,C,0,0.8702,243211.44,0.03122311664421067,6608.141433316072,2026
LN101606,SME Loan,West,Technology,22337.0,667,25.77,52,0.989,88564.09,0,C,0,0.05,93255.54,0.01060064473642099,49.42844246215485,2025
LN101607,Retail Term Loan,East,Retail,53233.0,738,17.3,15,0.057,166966.1,0,A,0,0.815,175845.4,0.00519538803024687,744.5718453621878,2024
LN101608,Auto Loan,West,Healthcare,124037.0,713,37.06,38,1.108,101595.62,0,B,0,0.05,106001.04,0.009465403631498441,50.16713144793057,2025
LN101609,Auto Loan,East,Healthcare,49340.0,637,53.21,6,0.723,33041.21,0,D,0,0.1757,34368.43,0.035674589042002415,215.4221885784329,2026
LN101610,Retail Term Loan,South,Healthcare,170929.0,777,26.76,66,0.006,186255.66,0,AA,0,0.6634,195699.96,0.004887766212680679,634.565751743091,2023
LN101611,Credit Card,West,Manufacturing,46821.0,738,43.05,73,0.201,35299.08,0,A,0,0.5056,42915.22,0.011358499736366797,246.45599161237587,2024
LN101612,Credit Card,Central,Retail,98925.0,685,21.12,50,0.069,107324.05,0,B,0,0.667,135509.56,0.009738128446069319,880.1795371338749,2022
LN101613,Auto Loan,West,Healthcare,132640.0,660,32.28,88,1.195,108503.73,2,C,0,0.05,110288.15,0.022178185910113692,122.29955471912528,2026
LN101614,Credit Card,West,Retail,96072.0,714,16.89,78,0.273,119299.02,5,B,0,0.98,143716.86,0.022431690621586887,3159.335897813397,2025
LN101615,Retail Term Loan,Central,Healthcare,35217.0,733,32.14,59,0.283,124040.64,1,A,0,0.4541,130033.84,0.010712264402953668,632.5417171243043,2022
LN101616,Retail Term Loan,South,Technology,44662.0,586,30.49,46,0.096,123188.91,0,D,0,0.504,126866.84,0.03326768534693303,2127.165321496167,2026
LN101617,Auto Loan,North,Retail,142740.0,714,39.91,40,1.144,154723.96,0,B,0,0.05,166316.37,0.010168771007756178,84.56165406856248,2025
LN101618,SME Loan,South,Manufacturing,48180.0,732,55.11,60,1.253,111205.53,0,A,0,0.05,114188.14,0.013474222598328988,76.92982082245771,2026
LN101619,Retail Term Loan,West,Other,128267.0,537,26.94,45,0.069,748806.01,0,E,0,0.5793,782645.94,0.047359991915245314,21472.39485294812,2026
LN101620,Retail Term Loan,Central,Healthcare,59195.0,703,6.0,60,0.087,94426.04,3,B,0,0.98,97039.49,0.011032949258555773,1049.2191338612079,2023
LN101621,Auto Loan,East,Other,81067.0,735,29.37,62,0.986,50991.83,1,A,0,0.1022,52444.98,0.00803840518724798,43.08486272612131,2023
LN101622,Credit Card,West,Services,34992.0,728,35.89,43,0.357,44722.76,5,A,0,0.98,49209.06,0.03479929819225353,1678.1919376464857,2024
LN101623,Retail Term Loan,North,Services,53675.0,742,34.62,72,0.115,190237.17,2,A,0,0.821,199524.83,0.014392741428920636,2357.6733244951038,2025
LN101624,Auto Loan,West,Services,46343.0,669,29.95,43,1.138,39383.51,0,C,0,0.05,40538.36,0.011429745668133937,23.167157230162704,2025
LN101625,Credit Card,West,Manufacturing,84908.0,622,51.34,48,0.185,51452.98,0,D,0,0.6847,62480.3,0.04425187556616435,1893.1068046033024,2024
LN101626,Auto Loan,East,Services,78945.0,573,33.77,26,0.771,46518.98,2,E,1,0.4421,47133.1,0.05808531987694506,1210.3553802281106,2024
LN101627,Retail Term Loan,West,Services,96732.0,761,30.64,42,0.148,165255.25,0,AA,0,0.7471,172225.28,0.006222140997269495,800.5998126618464,2024
LN101628,Retail Term Loan,East,Other,57266.0,736,21.89,95,0.135,304596.18,2,A,0,0.9161,315171.62,0.010133385862509038,2925.799540312654,2024
LN101629,Auto Loan,East,Services,44964.0,766,9.29,28,1.31,61974.88,0,AA,0,0.05,66302.86,0.0022230151942393022,7.369613260076064,2025
LN101630,Auto Loan,West,Technology,82929.0,643,36.28,58,1.345,161244.32,0,C,0,0.05,161786.24,0.016978540798676663,137.34471382522472,2025
LN101631,SME Loan,West,Technology,42573.0,742,35.19,38,1.248,18946.7,0,A,0,0.05,19348.13,0.006511222930415408,6.298999385832913,2025
LN101632,Credit Card,South,Retail,135724.0,592,18.23,6,0.271,71248.24,0,D,0,0.4684,91471.59,0.02051683374476022,879.0497482204314,2023
LN101633,Credit Card,South,Other,70422.0,633,31.42,60,0.135,182952.07,0,D,0,0.4029,218462.66,0.021775780246142164,1916.6738155998971,2023
LN101634,SME Loan,East,Manufacturing,62684.0,698,30.13,36,1.297,96435.89,0,B,0,0.05,97026.69,0.008356571073604857,40.540521551081284,2024
LN101635,Auto Loan,South,Other,96707.0,733,23.88,55,1.154,240642.38,0,A,0,0.05,245394.58,0.005072466670006793,62.23779140251578,2023
LN101636,Auto Loan,South,Healthcare,71915.0,799,21.69,70,1.187,25134.93,0,AA,0,0.05,25593.28,0.0024800089140511144,3.1735781269903054,2025
LN101637,SME Loan,South,Services,30131.0,674,37.27,53,1.041,71737.13,0,C,0,0.05,77243.29,0.014081467776861464,54.38494495568827,2025
LN101638,Retail Term Loan,South,Healthcare,41834.0,634,29.06,55,0.222,164747.55,1,D,0,0.6448,176884.27,0.025346189355707732,2890.8590515053625,2023
LN101639,Credit Card,East,Retail,134186.0,630,24.32,29,0.076,163306.41,0,D,0,0.6574,172780.55,0.018194453664301086,2066.634005255746,2022
LN101640,Credit Card,East,Other,78541.0,645,20.8,64,0.108,172318.83,0,C,0,0.6406,206054.79,0.013998184121752168,1847.742085070699,2025
LN101641,Retail Term Loan,West,Manufacturing,29744.0,834,30.31,44,0.225,138760.56,0,AA,0,0.6912,146480.08,0.002985144112259799,302.23697935703797,2026
LN101642,Auto Loan,South,Manufacturing,91026.0,739,44.02,6,1.111,53871.66,0,A,0,0.05,56124.22,0.009192687865372,25.796621807373423,2024
LN101643,Retail Term Loan,Central,Technology,55141.0,762,34.69,66,0.166,69554.55,0,AA,0,0.4993,73735.44,0.006978735756603523,256.92986972228704,2025
LN101644,Retail Term Loan,East,Other,46364.0,674,28.92,73,0.119,607262.48,1,C,0,0.705,617538.5,0.01772571548675065,7717.14978594591,2022
LN101645,Auto Loan,West,Manufacturing,39957.0,690,36.01,81,1.301,49696.16,0,B,0,0.05,49814.47,0.010864689208656438,27.060936732196996,2024
LN101646,Retail Term Loan,North,Healthcare,129989.0,735,49.74,96,0.122,44549.1,0,A,0,0.8039,44952.71,0.014739362100724662,532.6434557324787,2024
LN101647,Credit Card,North,Other,25444.0,657,38.38,65,0.123,193140.08,0,C,0,0.6581,247775.57,0.021642879888726374,3529.111858463017,2024
LN101648,SME Loan,East,Retail,47316.0,671,35.38,59,1.41,57168.5,0,C,1,0.05,61648.58,0.01242423427534341,38.29682003311252,2024
LN101649,Credit Card,South,Other,80123.0,646,40.3,72,0.102,420751.02,0,C,1,0.8203,534376.22,0.025639673358885735,11239.120389395437,2024
LN101650,Retail Term Loan,East,Healthcare,178678.0,661,29.95,28,0.201,813710.19,0,C,0,0.6224,851940.56,0.015667142391072295,8307.467856344318,2026
LN101651,Retail Term Loan,North,Services,101708.0,693,34.39,11,0.165,101375.76,0,B,0,0.6726,102977.82,0.013403325580302614,928.3529544839903,2022
LN101652,Retail Term Loan,East,Other,47095.0,637,25.64,38,0.027,149024.13,0,D,0,0.7981,149886.72,0.017966643476830736,2149.252381726956,2024
LN101653,Retail Term Loan,West,Healthcare,173926.0,709,11.84,76,0.024,33456.02,3,B,0,0.98,35126.0,0.012737619522992648,438.47319089734697,2024
LN101654,SME Loan,West,Manufacturing,35594.0,708,36.46,33,0.204,247056.09,0,B,0,0.5494,254465.16,0.012275608382240028,1716.168829305577,2025
LN101655,Auto Loan,South,Technology,86784.0,678,36.51,58,1.209,25039.29,0,C,0,0.05,26528.04,0.012676487970854066,16.814118997516776,2024
LN101656,Retail Term Loan,South,Technology,98079.0,636,28.26,61,0.333,46984.43,0,D,0,0.3263,48370.12,0.018226381565510687,287.67008157663685,2022
LN101657,Credit Card,East,Healthcare,46195.0,697,45.47,53,0.114,130386.92,0,B,0,0.6329,141577.14,0.018540662531199615,1661.3207126967436,2023
LN101658,Auto Loan,East,Healthcare,110075.0,657,22.62,20,0.801,176064.75,0,C,0,0.05,186385.51,0.01107731106048454,103.2325135718526,2023
LN101659,Retail Term Loan,West,Retail,56534.0,693,8.97,56,0.272,42468.52,0,B,0,0.6855,44687.38,0.005815188854418485,178.1378373418316,2025
LN101660,Retail Term Loan,South,Services,109927.0,761,22.94,39,0.136,82081.96,5,AA,0,0.98,88013.41,0.01797640754974277,1550.5216294425536,2024
LN101661,Credit Card,West,Services,27268.0,609,11.97,85,0.215,37501.87,0,D,0,0.6183,41956.95,0.014532598382846904,377.0044083495742,2023
LN101662,Credit Card,Central,Manufacturing,90173.0,831,36.39,73,0.093,96117.63,0,AA,0,0.5871,104977.79,0.0038608517211604614,237.9537912355268,2023
LN101663,Retail Term Loan,South,Technology,59789.0,685,22.22,40,0.155,68508.91,0,B,0,0.5928,73052.25,0.009864737463060063,427.1961432766797,2026
LN101664,SME Loan,Central,Other,141150.0,717,44.8,87,1.292,76899.83,0,B,0,0.05,80302.37,0.011110022661582354,44.60805752393855,2025
LN101665,SME Loan,South,Manufacturing,73208.0,641,44.53,56,0.739,189301.91,0,C,0,0.2557,189475.34,0.02613024109694227,1265.9799860331905,2025
LN101666,Credit Card,South,Healthcare,149092.0,764,19.98,11,0.203,146143.67,0,AA,0,0.6691,162758.73,0.004242003865429516,461.96213755529413,2023
LN101667,Retail Term Loan,West,Technology,99154.0,682,21.49,46,0.0,177740.14,0,B,0,0.7091,188696.7,0.01032139007455306,1381.0518439796176,2024
LN101668,Retail Term Loan,West,Services,69920.0,664,38.95,84,0.277,109623.44,0,C,0,0.5388,118390.22,0.01982988598169688,1264.9216670551873,2023
LN101669,SME Loan,East,Services,115666.0,653,44.74,30,0.831,198213.45,0,C,0,0.1821,205867.9,0.022944081555319528,860.1402244631927,2023
LN101670,Retail Term Loan,South,Services,116073.0,673,5.84,46,0.141,117087.84,0,C,0,0.5892,124382.58,0.0065991707875640866,483.62825665579896,2024
LN101671,Credit Card,North,Healthcare,97226.0,717,35.66,18,0.14,85074.03,3,B,0,0.98,104852.45,0.024265900929732562,2493.4523806609423,2022
LN101672,Credit Card,Central,Services,21258.0,701,5.0,22,0.053,178911.44,0,B,0,0.6529,190877.48,0.005018204320921092,625.3882270518615,2026
LN101673,Retail Term Loan,Central,Healthcare,43688.0,687,24.87,30,0.045,89219.23,0,B,0,0.9172,90460.5,0.010826651805108027,898.291312626972,2024
LN101674,Credit Card,Central,Retail,160573.0,644,46.22,21,0.202,95282.8,1,C,0,0.7195,113483.48,0.03950706743775857,3225.805938401983,2023
LN101675,SME Loan,East,Manufacturing,37589.0,640,71.13,34,1.089,253478.9,1,C,0,0.05,256649.43,0.0702574683543891,901.5769603198502,2024
LN101676,Credit Card,Central,Manufacturing,121856.0,660,28.9,86,0.061,237306.64,0,C,0,0.6793,268048.9,0.015856409356045837,2887.2240932096147,2026
LN101677,Auto Loan,East,Retail,110613.0,720,15.79,47,1.552,97465.17,0,A,0,0.05,104269.04,0.004009244039906703,20.90200135833968,2026
LN101678,SME Loan,North,Retail,50316.0,733,25.32,65,1.678,221072.72,2,A,0,0.05,225555.82,0.00783389308174816,88.34900889230167,2022
LN101679,Auto Loan,North,Healthcare,25031.0,742,32.86,72,1.455,49046.62,0,A,0,0.05,52289.56,0.005732272595827894,14.986900591794921,2026
LN101680,Credit Card,South,Retail,54849.0,690,23.29,24,0.021,97861.64,0,B,0,0.7414,123589.88,0.010066936772060223,922.4287557542948,2024
LN101681,Credit Card,South,Manufacturing,235191.0,715,19.98,30,0.146,70897.21,0,B,0,0.5421,88867.43,0.006902010645808811,332.5045961705053,2025
LN101682,Credit Card,Central,Services,46651.0,679,26.45,65,0.187,119853.05,0,C,0,0.7816,145922.5,0.011851380611042944,1351.6858209671768,2025
LN101683,Retail Term Loan,South,Technology,48456.0,577,37.14,34,0.144,200678.06,0,E,0,0.9443,214573.21,0.04388412513471953,8891.866479978798,2026
LN101684,Retail Term Loan,West,Retail,43329.0,676,29.8,63,0.091,177055.94,0,C,0,0.5251,177412.23,0.01389676242323647,1294.6107414865864,2024
LN101685,Retail Term Loan,South,Healthcare,146294.0,666,20.54,85,0.197,160972.36,0,C,0,0.6569,171227.41,0.011101423941684988,1248.680234425405,2025
LN101686,Auto Loan,West,Other,65620.0,622,23.29,16,1.062,132123.34,3,D,0,0.3834,141544.24,0.0320272314810388,1738.0557714029085,2025
LN101687,Auto Loan,East,Retail,53156.0,653,26.62,40,0.844,107332.72,1,C,0,0.1772,108650.74,0.01674944759398212,322.4756259700312,2024
LN101688,Auto Loan,North,Technology,163187.0,699,19.01,44,1.152,278195.16,0,B,0,0.05,279359.94,0.006029319960287514,84.21752311733611,2025
LN101689,Auto Loan,East,Healthcare,103153.0,616,22.81,36,1.122,40646.89,0,D,0,0.05,41311.08,0.01519674735824071,31.389702292803534,2026
LN101690,Credit Card,North,Services,45235.0,644,40.37,35,0.179,75245.25,0,C,0,0.5441,82386.87,0.02568274656109492,1151.2726716917166,2024
LN101691,SME Loan,Central,Technology,38264.0,791,29.01,37,1.163,160034.46,0,AA,0,0.05,162470.78,0.0034066907593460023,27.674385244486864,2025
LN101692,Retail Term Loan,West,Services,141809.0,586,9.2,48,0.102,349676.62,1,D,0,0.6547,366201.04,0.022092418738912677,5296.697620474486,2025
LN101693,Credit Card,Central,Technology,75696.0,678,45.32,52,0.074,94198.64,5,C,0,0.98,107357.48,0.07850444460939729,8259.478555223188,2025
LN101694,Credit Card,Central,Healthcare,31993.0,614,37.42,69,0.188,99967.11,0,D,0,0.8779,107212.96,0.031002840605908237,2918.05734934499,2025
LN101695,Auto Loan,South,Manufacturing,28128.0,641,14.02,47,1.159,48644.98,0,C,0,0.05,50649.43,0.008969097949127269,22.71398493687326,2025
LN101696,Retail Term Loan,West,Services,40596.0,677,27.25,73,0.086,82140.3,3,C,0,0.98,85139.55,0.027591054943396993,2302.1082018679735,2022
LN101697,Credit Card,North,Manufacturing,37931.0,626,21.7,35,0.336,197009.75,0,D,0,0.7021,234226.4,0.01629100571248972,2679.061679894005,2022
LN101698,SME Loan,Central,Manufacturing,24341.0,727,40.8,22,1.32,362490.15,0,A,0,0.05,379767.27,0.008826727126766663,167.60510319835598,2024
LN101699,Credit Card,West,Manufacturing,40967.0,778,27.17,41,0.104,97728.36,0,AA,0,0.8682,116875.02,0.00478255011107403,485.28962754622916,2025
LN101700,SME Loan,West,Healthcare,45241.0,745,31.05,58,1.076,68594.32,0,A,0,0.05,69084.83,0.005794393927564962,20.015235971942886,2022
LN101701,SME Loan,Central,Other,58149.0,757,29.54,67,1.078,126004.5,0,A,0,0.05,131435.36,0.004916432475269334,32.3096536151358,2022
LN101702,Auto Loan,Central,Retail,190298.0,600,12.76,80,1.293,38753.29,1,D,0,0.05,41070.31,0.01599357105017859,32.84304605189301,2023
LN101703,Credit Card,Central,Other,64762.0,674,50.27,54,0.131,284974.33,0,C,0,0.6186,300550.97,0.026681619491420203,4960.66884270965,2026
LN101704,Auto Loan,North,Healthcare,68397.0,720,40.61,65,0.711,50702.68,0,A,0,0.2243,53967.39,0.010965189646564021,132.73236600176256,2026
LN101705,SME Loan,North,Healthcare,99244.0,747,22.28,78,1.291,149477.57,0,A,0,0.05,158788.18,0.004065351530663538,32.27648853071387,2023
LN101706,Retail Term Loan,Central,Healthcare,65823.0,804,34.49,31,0.092,147937.17,0,AA,0,0.6139,154085.75,0.004715945384708399,446.0965626808088,2025
LN101707,Auto Loan,South,Services,93464.0,759,44.66,43,1.184,186216.51,1,A,0,0.05,190160.84,0.009864549472304949,93.79255069375328,2025
LN101708,SME Loan,East,Technology,87516.0,748,32.72,109,1.43,143510.22,5,A,0,0.2132,152977.73,0.019929495812704194,649.9975570834289,2022
LN101709,Retail Term Loan,North,Technology,80231.0,850,52.24,67,0.215,120228.09,4,AA,0,0.8795,124457.19,0.014671026056923176,1605.891958827335,2024
LN101710,Credit Card,West,Technology,343451.0,696,69.93,59,0.24,161986.14,0,B,0,0.3313,202888.42,0.038877498861326173,2613.226257396452,2023
LN101711,Auto Loan,Central,Healthcare,123793.0,671,30.36,68,1.045,215244.46,4,C,0,0.1137,230622.09,0.032643049679788726,855.9572883861065,2024
LN101712,SME Loan,Central,Manufacturing,41369.0,702,24.43,19,1.072,422002.51,0,B,0,0.1858,428942.52,0.00710600679275393,566.3311200205396,2023
LN101713,SME Loan,East,Healthcare,91938.0,631,19.14,34,1.252,55463.65,0,D,0,0.05,56202.78,0.011340732568994233,31.869034880700887,2022
LN101714,Retail Term Loan,West,Healthcare,48523.0,694,5.0,26,0.19,33120.68,0,B,0,0.6705,33626.73,0.005182674435885795,116.85232213236746,2026
LN101715,Credit Card,East,Manufacturing,95864.0,578,48.23,57,0.256,40636.5,1,E,0,0.4237,43801.31,0.07578437447102286,1406.4530323854076,2024
LN101716,Retail Term Loan,East,Retail,35203.0,656,27.4,40,0.161,33723.65,0,C,0,0.7425,34470.49,0.015316624840389757,392.018885820347,2023
LN101717,Credit Card,East,Other,40781.0,683,43.38,50,0.268,51816.79,0,B,0,0.666,57728.94,0.0190725726112503,733.2922403470609,2023
LN101718,Credit Card,Central,Manufacturing,90617.0,752,45.99,41,0.021,47411.39,1,A,0,0.8389,50118.83,0.014804709884649441,622.4593856310756,2022
LN101719,Credit Card,South,Manufacturing,129827.0,762,17.95,12,0.05,89660.91,0,AA,0,0.7576,102956.17,0.004216005850863385,328.84674632164285,2023
LN101720,Retail Term Loan,East,Healthcare,98884.0,627,19.9,67,0.093,218345.25,1,D,0,0.8159,225852.42,0.021000238773754242,3869.776778591503,2022
LN101721,Retail Term Loan,West,Services,119971.0,825,54.68,9,0.143,186052.99,0,AA,0,0.52,193089.35,0.007236470368831733,726.5883871022294,2023
LN101722,Credit Card,East,Healthcare,92120.0,700,31.09,32,0.155,77628.12,0,B,0,0.4748,83379.02,0.011320000918668947,448.1402568073158,2024
LN101723,Auto Loan,North,Other,82464.0,706,23.42,19,0.868,82466.36,0,B,0,0.1515,82837.94,0.006977221096359697,87.56376131586728,2025
LN101724,Auto Loan,South,Retail,56852.0,585,18.41,29,1.02,490308.69,0,D,0,0.05,502683.35,0.018239736280556248,458.4405868313277,2025
LN101725,Retail Term Loan,West,Retail,117289.0,650,30.16,52,0.084,181969.89,0,C,0,0.8284,191960.28,0.018041751724315692,2868.997481992498,2022
LN101726,Retail Term Loan,West,Retail,131785.0,758,51.6,75,0.0,135420.77,1,A,0,0.9225,139572.81,0.01677870442531402,2160.357478128473,2023
LN101727,SME Loan,West,Retail,72441.0,701,40.91,14,1.601,130652.74,0,B,0,0.05,131621.91,0.010578468179410135,69.61790933240924,2023
LN101728,Retail Term Loan,Central,Retail,70329.0,697,34.36,36,0.144,98005.03,0,B,0,0.5874,101853.22,0.01295739632148296,775.222640914711,2024
LN101729,Auto Loan,West,Technology,179965.0,705,52.65,10,0.895,487694.09,0,B,0,0.0949,496176.65,0.017667705863839898,831.922165016146,2023
LN101730,SME Loan,East,Other,74162.0,596,50.15,35,0.949,105067.08,0,D,0,0.05,112478.63,0.04494675545573137,252.77747383028452,2023
LN101731,Retail Term Loan,South,Other,78188.0,684,36.34,50,0.329,133219.58,0,B,0,0.3953,134489.31,0.014899410237606435,792.1066473144158,2026
LN101732,Credit Card,South,Other,97887.0,782,68.09,65,0.231,37838.22,0,AA,0,0.5199,46039.4,0.016341961533102307,391.1592965693167,2025
LN101733,Retail Term Loan,Central,Manufacturing,71072.0,761,28.78,6,0.224,76863.85,0,AA,0,0.4129,80307.51,0.005750642571541884,190.685389565295,2026
LN101734,SME Loan,East,Services,47765.0,682,46.27,60,0.995,81613.06,0,B,0,0.05,82922.7,0.017536722416972697,72.7096185982951,2024
LN101735,Credit Card,West,Healthcare,92330.0,792,26.89,27,0.204,168662.1,0,AA,0,0.6615,201976.9,0.004036062117647969,539.2490546938765,2025
LN101736,SME Loan,North,Technology,73418.0,608,43.74,21,0.935,69744.49,0,D,0,0.0904,70737.2,0.033103487310777883,211.68497943503613,2024
LN101737,Retail Term Loan,North,Retail,206588.0,627,28.77,49,0.16,124127.62,0,D,0,0.7185,128832.97,0.02107765989975734,1951.0849720973579,2023
LN101738,Auto Loan,South,Services,115716.0,811,38.0,62,1.56,78495.66,3,AA,0,0.05,83216.33,0.007415543967142865,30.854717694963494,2024
LN101739,Credit Card,North,Manufacturing,54053.0,728,63.07,46,0.143,55536.63,0,A,0,0.7604,66612.5,0.023832256699565665,1207.1549220236213,2026
LN101740,Retail Term Loan,West,Services,111997.0,671,44.37,24,0.017,53978.55,0,C,0,0.7013,58295.34,0.023490606466973152,960.3552343169171,2025
LN101741,Retail Term Loan,West,Retail,88838.0,686,38.2,46,0.22,106283.89,0,B,0,0.4939,112806.66,0.01593782297583941,887.9791440646405,2023
LN101742,Retail Term Loan,East,Retail,154111.0,638,21.93,32,0.238,128977.23,0,D,0,0.7019,132443.43,0.01500465940189439,1394.8638002766693,2026
LN101743,SME Loan,South,Technology,56207.0,708,34.45,61,1.207,104782.23,0,B,0,0.05,108731.88,0.008911794269485622,48.449807254719914,2024
LN101744,Credit Card,East,Services,83201.0,703,18.9,72,0.0,66986.27,0,B,0,0.8113,80181.19,0.007770212058882707,505.4600603454518,2024
LN101745,Credit Card,North,Services,71022.0,691,43.53,70,0.279,108968.88,5,B,0,0.98,134259.74,0.06302308576944893,8292.233847215834,2023
LN101746,Credit Card,East,Other,77451.0,615,43.2,48,0.173,95735.92,5,D,0,0.98,116254.33,0.12498553614017663,14239.50756839368,2025
LN101747,Auto Loan,North,Retail,46092.0,707,29.66,73,0.989,57869.16,0,B,0,0.05,59292.6,0.008170780073306209,24.223339728725787,2025
LN101748,Auto Loan,North,Services,102950.0,656,53.63,26,1.125,127186.02,0,C,0,0.05,135027.62,0.02734533538392804,184.61877774967948,2025
LN101749,Auto Loan,North,Technology,94384.0,626,51.8,87,0.994,426119.83,2,D,0,0.2316,453439.83,0.05846913002365811,6140.23301878543,2026
LN101750,Credit Card,North,Technology,152073.0,772,33.95,25,0.161,108070.48,5,AA,0,0.98,113891.89,0.02274121723874782,2538.239407977139,2025
LN101751,Retail Term Loan,East,Technology,74588.0,831,39.35,6,0.096,43152.28,0,AA,0,0.5064,43552.87,0.004240316693061735,93.520919800701,2023
LN101752,SME Loan,East,Services,59798.0,816,24.35,78,1.076,335450.05,1,AA,0,0.05,336612.93,0.0030656902896153667,51.59754954299886,2023
LN101753,Credit Card,West,Healthcare,115769.0,732,28.46,32,0.174,289303.64,0,A,0,0.5825,346573.69,0.007622057022970315,1538.7345792175204,2024
LN101754,Retail Term Loan,East,Services,48457.0,673,17.99,51,0.064,327098.36,0,C,0,0.7044,329798.05,0.009905335436215789,2301.10596339233,2023
LN101755,Auto Loan,North,Other,136214.0,685,25.78,25,1.395,116505.63,0,B,0,0.05,122596.26,0.008040687633294505,49.28791158350789,2025
LN101756,Retail Term Loan,North,Retail,136054.0,716,30.64,100,0.0,69338.73,0,B,0,0.7996,69840.42,0.009959838597358467,556.2012088930722,2023
LN101757,SME Loan,West,Retail,149754.0,663,10.42,88,0.996,64223.79,3,C,0,0.4124,68302.05,0.014753247137075334,415.5660045404246,2023
LN101758,SME Loan,Central,Retail,92262.0,776,39.5,82,1.228,266759.82,0,AA,0,0.05,274456.71,0.005411865959476131,74.26614630994062,2022
LN101759,SME Loan,South,Retail,57393.0,558,45.29,50,1.323,369299.15,0,E,0,0.05,379029.79,0.050182165772120826,951.0267877176071,2025
LN101760,Retail Term Loan,South,Technology,79642.0,671,31.9,70,0.126,63006.04,0,C,0,0.6571,63130.61,0.015437823864283618,640.4091590432444,2025
LN101761,Retail Term Loan,South,Retail,92437.0,742,5.0,47,0.241,20561.43,0,A,0,0.6265,22147.99,0.0032190295985048143,44.66633965140398,2024
LN101762,Retail Term Loan,South,Manufacturing,55114.0,635,28.71,73,0.37,118515.24,0,D,0,0.6156,123105.59,0.018488668289094463,1401.1415621474337,2024
LN101763,Retail Term Loan,South,Technology,156132.0,674,13.89,39,0.0,63720.78,1,C,0,0.7645,64483.34,0.011362502301102206,560.1431097869918,2023
LN101764,Retail Term Loan,East,Services,103186.0,729,24.07,83,0.195,73142.19,0,A,0,0.5302,73886.62,0.0067853810073565946,265.8151698378693,2025
LN101765,Retail Term Loan,West,Manufacturing,45914.0,789,50.88,38,0.37,101569.0,1,AA,0,0.4344,107105.59,0.011098797528582652,516.3900710968296,2023
LN101766,SME Loan,West,Other,211256.0,606,5.0,40,1.203,159876.75,0,D,0,0.05,162531.8,0.009317943429710346,75.7231058964498,2022
LN101767,Retail Term Loan,Central,Services,79127.0,601,21.39,38,0.087,69464.59,0,D,0,0.5208,72218.9,0.021793574261440248,819.6912656875377,2024
LN101768,Retail Term Loan,South,Technology,41089.0,629,42.78,52,0.174,131992.53,2,D,0,0.8227,134036.79,0.05288107124309945,5831.3050381840185,2023
LN101769,Credit Card,East,Services,47506.0,590,22.87,39,0.233,109857.47,0,D,0,0.4658,128794.29,0.02441568356915209,1464.7549735255511,2024
LN101770,Auto Loan,South,Retail,169995.0,595,21.88,59,1.166,23896.88,0,D,0,0.1103,25361.06,0.017826234815157174,49.865770842558284,2026
LN101771,Credit Card,North,Retail,204635.0,627,58.42,37,0.114,175734.5,0,D,0,0.6072,227663.21,0.05336875051657963,7377.54136138152,2025
LN101772,Credit Card,South,Manufacturing,130674.0,770,36.92,65,0.07,87513.08,0,AA,0,0.7016,102759.87,0.007110254910475635,512.6232473795643,2023
LN101773,SME Loan,South,Other,154951.0,670,44.15,81,1.163,49540.37,0,C,0,0.05,53191.99,0.017620843089462615,46.86438547031322,2024
LN101774,Credit Card,East,Services,146442.0,692,38.43,50,0.073,72189.4,1,B,0,0.8023,87590.72,0.020383491866326327,1432.4302138245102,2024
LN101775,Auto Loan,North,Technology,101880.0,628,34.1,97,1.166,138319.71,0,D,0,0.05,148095.16,0.01913345000586097,141.6785669984991,2023
LN101776,Credit Card,West,Technology,89879.0,731,48.43,73,0.005,123947.11,0,A,0,0.9157,130318.12,0.015136417766441028,1806.2635834291323,2023
LN101777,Auto Loan,Central,Retail,100929.0,812,56.77,95,0.93,188405.12,0,AA,0,0.1388,201637.07,0.00716202647651259,200.44524871731548,2023
LN101778,Retail Term Loan,Central,Technology,112426.0,632,10.11,47,0.299,162894.09,0,D,0,0.5014,173076.08,0.010762201000600925,933.9475320639411,2023
LN101779,Auto Loan,North,Technology,49879.0,802,31.54,11,1.343,52845.33,5,AA,0,0.05,53377.43,0.01172846222628244,31.30175857455175,2023
LN101780,Retail Term Loan,North,Manufacturing,112176.0,714,31.44,32,0.302,15172.36,0,B,0,0.3694,15709.55,0.009639500987828887,55.93906308139248,2024
LN101781,Credit Card,Central,Healthcare,167290.0,691,26.42,35,0.281,130598.21,0,B,0,0.4922,166323.57,0.01030364685759076,843.502497917773,2025
LN101782,Retail Term Loan,Central,Manufacturing,66952.0,716,44.75,27,0.173,186635.51,0,B,0,0.6672,199536.14,0.014898529221014456,1983.4488322989214,2025
LN101783,Retail Term Loan,East,Retail,63130.0,715,35.34,6,0.0,104144.64,0,B,0,0.5024,109666.49,0.011672246397437318,643.0992767138208,2022
LN101784,Retail Term Loan,South,Retail,97474.0,811,57.03,71,0.032,190550.05,0,AA,0,0.6424,201804.49,0.00917830735487784,1189.8684630047521,2024
LN101785,Credit Card,East,Retail,52467.0,724,46.3,7,0.087,59521.75,0,A,0,0.6076,77306.02,0.014816793721638216,695.9616589420375,2023
LN101786,Retail Term Loan,East,Manufacturing,36352.0,725,49.74,68,0.323,94186.65,5,A,0,0.98,96546.47,0.05515800342115022,5218.8043121087785,2022
LN101787,Credit Card,Central,Healthcare,140996.0,663,16.41,96,0.093,62997.06,0,C,0,0.643,78860.92,0.010292453631049841,521.9053290244416,2024
LN101788,SME Loan,East,Retail,58526.0,745,21.52,31,0.858,195507.8,1,A,0,0.2947,202318.69,0.0058761922360025766,350.3580779813697,2023
LN101789,Retail Term Loan,North,Manufacturing,75765.0,628,22.59,57,0.169,63447.4,5,D,0,0.8618,68215.85,0.06112431557289863,3593.401907383677,2025
LN101790,Credit Card,West,Manufacturing,53620.0,697,49.2,39,0.009,507443.92,5,B,0,0.98,584131.23,0.07545835156864678,43196.02812125475,2023
LN101791,Retail Term Loan,West,Technology,151366.0,850,19.43,66,0.148,84444.61,1,AA,0,0.8018,84690.7,0.0023955348112612443,162.66879916813826,2023
LN101792,Retail Term Loan,South,Technology,119909.0,527,19.81,22,0.07,209813.34,2,E,0,0.9704,226331.29,0.06870249598046461,15089.25861505061,2025
LN101793,Credit Card,North,Technology,65699.0,705,17.42,45,0.419,85207.53,0,B,0,0.451,92423.22,0.006530217111134028,272.1982054122572,2025
LN101794,SME Loan,North,Healthcare,39195.0,708,67.79,73,1.56,306073.97,0,B,0,0.05,315772.56,0.02334685123231495,368.61474907836237,2025
LN101795,Retail Term Loan,Central,Healthcare,61972.0,675,30.15,47,0.343,298016.29,0,C,0,0.4684,309806.75,0.013303755076269947,1930.5542188015809,2023
LN101796,Auto Loan,East,Other,102624.0,677,38.89,12,1.285,95665.29,0,C,0,0.05,99776.05,0.013534446209357337,67.52067908535741,2026
LN101797,Retail Term Loan,East,Other,83199.0,696,17.17,75,0.176,145442.57,0,B,0,0.5192,156149.74,0.007518885303756018,609.5781747528711,2024
LN101798,Auto Loan,Central,Other,79638.0,674,44.47,19,1.104,292733.34,0,C,0,0.05,301249.27,0.01739300766280529,261.98154307622497,2026
LN101799,Credit Card,North,Healthcare,84261.0,704,8.94,50,0.164,148490.75,0,B,0,0.5256,190728.5,0.005372510252249593,538.5774958572356,2023
LN101800,Credit Card,South,Retail,113844.0,658,19.27,61,0.158,62990.49,0,C,0,0.6042,81575.42,0.01162787015790779,573.112938347791,2026
LN101801,Credit Card,Central,Technology,73293.0,821,22.49,51,0.236,126032.26,1,AA,0,0.7407,132352.89,0.0034175079279719347,335.03123957570364,2026
LN101802,Retail Term Loan,East,Technology,96062.0,674,34.85,104,0.192,71075.02,0,C,0,0.577,76356.32,0.016192042353477543,713.3824707873099,2023
LN101803,Credit Card,North,Services,43584.0,727,21.69,64,0.133,133378.12,0,A,0,0.6276,148105.99,0.006515154011929165,605.5921610078674,2023
LN101804,Credit Card,West,Healthcare,305548.0,647,51.81,44,0.083,69148.81,0,C,0,0.98,87804.15,0.036496008074977916,3140.4109480682405,2025
LN101805,Credit Card,North,Technology,64159.0,751,38.54,61,0.133,155781.7,0,A,0,0.4756,168735.03,0.008842149355304398,709.585848149629,2023
LN101806,Retail Term Loan,West,Technology,83886.0,738,23.04,53,0.132,34306.59,0,A,0,0.4966,35586.73,0.006119632442589387,108.14840951156005,2023
LN101807,Auto Loan,West,Other,102416.0,717,44.97,49,1.641,54713.22,0,B,0,0.05,57009.87,0.010216601462113799,29.122356059845885,2026
LN101808,Auto Loan,Central,Healthcare,59833.0,623,26.89,53,0.79,68871.0,3,D,0,0.4928,69389.93,0.037957569832347375,1297.9726704001637,2025
LN101809,Retail Term Loan,East,Other,75323.0,641,24.32,38,0.009,107269.23,2,C,0,0.7801,111738.89,0.027898658170996973,2431.8565117926246,2025
LN101810,Retail Term Loan,South,Other,74822.0,800,43.65,53,0.047,41638.88,0,AA,0,0.6315,42903.55,0.00663987349042874,179.89802211931436,2026
LN101811,Auto Loan,Central,Healthcare,45366.0,640,5.0,37,1.01,64655.44,0,C,0,0.05,64701.85,0.007061744603819624,22.845397004732337,2025
LN101812,Credit Card,East,Services,95460.0,732,41.55,6,0.0,206887.77,5,A,0,0.98,268850.78,0.043614955335667345,11491.396466426142,2025
LN101813,Retail Term Loan,West,Services,30278.0,629,22.73,73,0.27,224866.59,0,D,0,0.484,233653.25,0.0166312418862265,1880.7967596344286,2025
LN101814,Credit Card,North,Services,196660.0,756,22.71,36,0.094,20367.78,0,A,0,0.8006,25380.89,0.005141459892466994,104.47415927287533,2024
LN101815,Auto Loan,West,Healthcare,116004.0,645,57.46,51,1.172,79580.56,0,C,0,0.05,82122.81,0.03375603140987587,138.6070076913634,2022
LN101816,Credit Card,East,Other,106592.0,627,25.09,31,0.273,292913.42,0,D,0,0.4068,315779.08,0.018245345413635282,2343.7775446451874,2025
LN101817,Auto Loan,South,Other,28856.0,644,44.43,32,0.87,157231.42,5,C,0,0.4578,162762.25,0.08567074391490907,6383.546279146346,2025
LN101818,Auto Loan,West,Healthcare,48502.0,654,35.63,25,1.084,159594.45,1,C,0,0.05,166810.36,0.020728091297170497,172.88301856969386,2023
LN101819,Credit Card,North,Healthcare,161036.0,716,36.98,69,0.309,178108.82,4,B,0,0.9741,192998.19,0.031601062192667846,5940.9850571060315,2023
LN101820,SME Loan,West,Other,500000.0,695,28.74,74,0.768,61328.24,0,B,0,0.05,61853.73,0.009423169628088106,29.142909495998108,2026
LN101821,Auto Loan,Central,Healthcare,144686.0,619,28.06,49,0.765,139395.21,3,D,0,0.5384,148415.54,0.04109668942766248,3283.910151188372,2023
LN101822,Auto Loan,East,Manufacturing,132662.0,688,51.86,36,1.651,166951.85,0,B,0,0.05,176755.19,0.016721708550351013,147.7824385970959,2024
LN101823,Credit Card,North,Technology,100105.0,616,44.1,11,0.041,129340.41,0,D,0,0.8032,148391.87,0.03881383529085222,4626.156984867425,2025
LN101824,Credit Card,East,Retail,47057.0,732,25.5,65,0.171,91099.17,0,A,0,0.7148,105104.64,0.006942070715051615,521.5494192337584,2022
LN101825,Retail Term Loan,East,Technology,129649.0,744,18.4,33,0.073,116027.98,3,A,0,0.98,122812.66,0.011076484760483767,1333.1259057467848,2024
LN101826,Auto Loan,East,Technology,40928.0,688,24.4,23,1.302,54021.95,0,B,0,0.05,55445.26,0.0076570173831372705,21.227265981628282,2025
LN101827,Auto Loan,South,Services,38539.0,708,44.76,49,1.503,184454.24,0,B,0,0.05,191649.01,0.01146018575184619,109.81666268787141,2022
LN101828,SME Loan,West,Services,37227.0,804,47.32,41,1.272,43937.03,0,AA,0,0.05,44835.2,0.005242802746700912,11.753105485444236,2024
LN101829,Auto Loan,South,Manufacturing,128270.0,680,39.21,15,1.642,67769.37,0,B,0,0.05,70055.89,0.012129038709816646,42.48553008303285,2024
LN101830,Auto Loan,East,Services,72669.0,629,10.98,18,1.139,193396.26,0,D,0,0.05,207500.77,0.009184553073425706,95.29009174208502,2024
LN101831,SME Loan,East,Healthcare,79278.0,728,41.8,55,1.33,147035.08,0,A,0,0.05,150548.68,0.009001565277161784,67.75868852052704,2022
LN101832,Auto Loan,West,Technology,74367.0,616,48.95,34,1.361,85506.0,0,D,0,0.05,88158.03,0.032452222042785084,143.04619822072544,2026
LN101833,Retail Term Loan,West,Other,40380.0,676,34.26,59,0.166,36189.47,0,C,0,0.6396,37659.09,0.01569666973056199,378.08182185421276,2026
LN101834,Retail Term Loan,Central,Other,51862.0,651,57.74,51,0.006,116186.76,0,C,0,0.8812,118828.37,0.043020918674663934,4504.787491741746,2026
LN101835,Retail Term Loan,West,Other,53317.0,644,14.83,71,0.168,77197.6,0,C,0,0.8439,83180.41,0.011521371402865788,808.7535878727325,2024
LN101836,Retail Term Loan,West,Services,34625.0,674,40.9,30,0.302,167969.74,0,C,0,0.568,169376.28,0.01905184540747828,1832.896638880133,2025
LN101837,Auto Loan,Central,Retail,56836.0,748,18.74,53,1.066,83584.23,1,A,0,0.05,84405.25,0.004952474579797733,20.90074275132363,2025
LN101838,Credit Card,South,Manufacturing,41379.0,762,45.76,62,0.098,35234.47,3,AA,0,0.9794,44362.94,0.02197998662117416,955.0098330258276,2026
LN101839,Credit Card,South,Manufacturing,103050.0,750,39.97,34,0.101,45553.14,0,A,0,0.7003,56301.88,0.009419247145313649,371.38402212279385,2025
LN101840,Retail Term Loan,East,Services,107880.0,712,55.42,73,0.054,88996.37,0,B,0,0.6203,91022.57,0.02231636637924025,1260.0110608642963,2022
LN101841,Auto Loan,East,Services,36818.0,673,38.5,11,0.884,129493.22,0,C,0,0.05,130281.48,0.015382586092422098,100.2033041174084,2023
LN101842,Retail Term Loan,West,Manufacturing,63710.0,537,26.75,30,0.084,53131.55,1,E,0,0.9571,53690.72,0.06019394306671623,3093.209514360978,2024
LN101843,SME Loan,North,Other,208163.0,714,25.62,11,1.32,70566.26,0,B,0,0.05,71820.72,0.006169957077545661,22.156537983921265,2025
LN101844,Retail Term Loan,North,Technology,43731.0,542,28.75,32,0.106,208976.79,0,E,0,0.6397,215663.81,0.047361414505964296,6533.987340651334,2025
LN101845,Credit Card,West,Technology,94835.0,565,25.36,45,0.184,260927.57,0,E,0,0.49,304434.8,0.03379358539240657,5041.092271007906,2022
LN101846,Retail Term Loan,Central,Technology,79482.0,679,49.51,66,0.109,145668.29,1,C,0,0.8324,152888.79,0.03227876841737269,4107.945480628984,2024
LN101847,Credit Card,South,Other,136808.0,707,48.58,45,0.172,98294.29,0,B,0,0.8438,103984.97,0.018320779674580994,1607.5113346182322,2024
LN101848,Auto Loan,South,Manufacturing,88234.0,661,12.54,35,0.848,77672.53,0,C,0,0.0685,77974.98,0.0076466592318328135,40.842994895825065,2025
LN101849,Credit Card,East,Retail,59162.0,790,32.5,14,0.334,175028.49,0,AA,0,0.6088,201617.74,0.004759764212545417,584.2366876302752,2024
LN101850,Retail Term Loan,East,Services,77805.0,720,32.81,21,0.143,96161.94,1,A,0,0.592,96501.79,0.012843525693498465,733.7385458454871,2025
LN101851,SME Loan,North,Technology,78433.0,674,21.84,55,0.776,228510.23,0,C,0,0.2839,240420.32,0.009239679773474032,630.6573813886843,2025
LN101852,Auto Loan,East,Technology,71311.0,780,37.7,67,1.213,237073.61,0,AA,0,0.05,243118.18,0.004935641773144073,59.997212250938,2024
LN101853,Credit Card,Central,Healthcare,36306.0,792,50.99,39,0.101,159899.55,0,AA,0,0.5951,188530.47,0.00893231740524592,1002.1567305669753,2023
LN101854,Credit Card,West,Technology,148589.0,723,43.59,75,0.038,84703.52,0,A,0,0.6676,95463.5,0.013903598763986695,886.0962675244613,2025
LN101855,SME Loan,Central,Services,134832.0,640,49.51,27,0.792,89409.09,0,C,0,0.1608,95241.43,0.03039771493957002,465.53559180398355,2023
LN101856,Retail Term Loan,West,Technology,42232.0,654,22.66,39,0.258,37973.93,0,C,0,0.7517,38270.96,0.013111727029083961,377.20184274286703,2025
LN101857,Retail Term Loan,Central,Other,63567.0,596,32.47,41,0.023,115657.45,0,D,0,0.9123,120599.88,0.032803448365925886,3609.1426736843296,2023
LN101858,Retail Term Loan,South,Technology,66267.0,687,22.05,82,0.121,113171.84,5,B,0,0.98,115994.51,0.03528796848495535,4011.3464010416815,2023
LN101859,Retail Term Loan,North,Technology,39702.0,622,35.11,51,0.116,45751.45,0,D,0,0.8237,45797.6,0.02724802821068822,1027.8905322591809,2024
LN101860,Auto Loan,North,Services,26863.0,669,36.28,8,1.007,627911.72,0,C,0,0.05,654942.97,0.014439695400901694,472.8588495880948,2024
LN101861,SME Loan,Central,Manufacturing,51866.0,707,44.48,69,1.063,177126.56,1,B,0,0.0699,188209.48,0.016632726932504328,218.8175383977096,2026
LN101862,SME Loan,West,Services,61650.0,561,49.08,89,1.396,66631.66,0,E,0,0.05,69903.66,0.053808126073255,188.06924751309765,2025
LN101863,Auto Loan,South,Manufacturing,33947.0,608,40.96,43,0.883,505438.37,0,D,0,0.1963,507337.64,0.030764379181206596,3063.8361741112208,2024
LN101864,Credit Card,Central,Retail,82667.0,657,20.82,28,0.063,84796.77,0,C,0,0.8894,96302.85,0.012633128537918314,1082.0496277603308,2025
LN101865,SME Loan,South,Other,142175.0,687,14.42,67,0.774,214589.97,0,B,0,0.1224,226896.78,0.006442965495273401,178.9351064423055,2023
LN101866,SME Loan,East,Retail,119182.0,658,38.76,91,0.903,127591.6,0,C,0,0.0975,128327.4,0.017805753009374568,222.78418390168335,2022
LN101867,Retail Term Loan,South,Technology,69952.0,672,51.51,67,0.295,86856.8,0,C,0,0.5048,89537.02,0.027120188150700948,1225.7860664050318,2023
LN101868,Auto Loan,North,Other,27256.0,644,31.68,12,1.342,94787.04,0,C,0,0.05,97050.94,0.014556081362426174,70.63406894699706,2024
LN101869,Credit Card,South,Healthcare,111177.0,596,12.14,65,0.183,328044.06,3,D,0,0.9242,426350.74,0.036017161022492986,14191.962755937402,2025
LN101870,Retail Term Loan,South,Technology,81288.0,655,59.1,57,0.13,221595.31,0,C,0,0.5658,228123.31,0.04191527467350176,5410.095407872753,2025
LN101871,Auto Loan,East,Healthcare,94716.0,676,38.36,27,1.182,110146.17,0,C,0,0.05,111978.58,0.013794719484872977,77.23565497072038,2025
LN101872,SME Loan,North,Services,217532.0,670,34.22,76,0.735,28567.36,0,C,0,0.0688,29781.0,0.01436236001636371,29.427510522936142,2022
LN101873,SME Loan,South,Retail,47648.0,697,16.82,58,1.202,148500.94,4,B,0,0.117,157523.62,0.01605526215889979,295.9027127923125,2025
LN101874,SME Loan,East,Retail,18000.0,717,32.21,77,1.508,50147.03,0,B,0,0.05,51721.44,0.007045985874151464,18.221426781538625,2022
LN101875,Credit Card,South,Healthcare,42018.0,734,40.93,25,0.084,174951.15,1,A,0,0.8779,211516.13,0.01474457527158938,2737.920337397576,2025
LN101876,Retail Term Loan,West,Retail,97985.0,649,38.54,57,0.23,72795.49,0,C,0,0.5566,76585.51,0.0228383026416678,973.5396286058483,2024
LN101877,Retail Term Loan,West,Other,76119.0,588,23.16,28,0.289,78326.98,0,D,0,0.4595,79054.98,0.024756296052320798,899.2913508288926,2024
LN101878,Auto Loan,Central,Services,38432.0,773,31.26,53,0.655,76771.43,4,AA,0,0.7807,82767.55,0.014098422891272267,910.9925231732293,2025
LN101879,Auto Loan,Central,Services,34351.0,715,23.99,80,1.192,245145.56,0,B,0,0.05,259334.88,0.005995408776438863,77.74093077943597,2022
LN101880,Auto Loan,South,Healthcare,61710.0,628,53.63,17,1.399,34851.79,0,D,0,0.05,35509.82,0.03321355696206382,58.97037146413166,2024
LN101881,Credit Card,West,Healthcare,37793.0,708,43.63,18,0.229,201124.69,0,B,0,0.57,231354.17,0.015301896012911502,2017.8897473512666,2026
LN101882,Auto Loan,West,Healthcare,99867.0,759,25.18,69,1.243,152490.5,0,A,0,0.05,158247.95,0.004021569750278923,31.82025843818258,2022
LN101883,Credit Card,East,Services,59812.0,802,16.81,48,0.03,114051.14,0,AA,0,0.6684,125858.21,0.002777136503730127,233.6227969341823,2026
LN101884,Retail Term Loan,West,Manufacturing,53121.0,706,35.61,74,0.245,87694.38,0,B,0,0.5173,93972.78,0.012053640622122186,585.9530134388799,2025
LN101885,Retail Term Loan,North,Services,49424.0,759,25.59,30,0.052,168684.34,0,A,0,0.7917,169769.54,0.005534890406139353,743.9254954354872,2026
LN101886,Retail Term Loan,South,Retail,86678.0,611,26.56,49,0.192,88188.49,0,D,0,0.6331,89396.41,0.02270161841408734,1284.840481948829,2022
LN101887,Retail Term Loan,Central,Retail,76778.0,688,17.24,63,0.0,87631.63,0,B,0,0.8677,91389.57,0.008513445148230084,675.105387234315,2025
LN101888,SME Loan,Central,Other,83811.0,668,18.85,53,1.237,125476.6,0,C,0,0.05,133476.47,0.00790883478894875,52.782167472103716,2024
LN101889,Auto Loan,North,Other,82811.0,712,34.11,9,1.054,399942.44,1,B,0,0.0749,429968.04,0.011450347980183743,368.7539475089814,2023
LN101890,Retail Term Loan,East,Healthcare,72080.0,795,28.53,110,0.0,41615.88,4,AA,0,0.9386,42000.14,0.012383822278246876,488.18676207900836,2024
LN101891,Credit Card,South,Manufacturing,42490.0,706,64.45,53,0.183,170372.07,3,B,0,0.8471,193318.01,0.06443060311765389,10551.135352798316,2026
LN101892,Auto Loan,North,Manufacturing,50188.0,629,39.73,19,1.029,108566.4,0,D,0,0.05,114638.66,0.023413080749070423,134.20221017726146,2024
LN101893,Retail Term Loan,North,Retail,60365.0,608,17.03,55,0.158,102829.75,0,D,0,0.7789,105054.24,0.017462802578568592,1428.9243378675421,2023
LN101894,Retail Term Loan,East,Technology,233538.0,797,12.04,57,0.109,41207.15,0,AA,0,0.5809,41643.05,0.002451824060549695,59.310721816661115,2022
LN101895,Retail Term Loan,West,Healthcare,35717.0,723,37.18,70,0.002,35108.49,0,A,0,0.7748,35120.5,0.011454782282822614,311.70024336576773,2022
LN101896,Credit Card,East,Services,59564.0,719,26.84,68,0.045,152237.85,2,B,0,0.98,165361.29,0.014272210021830099,2312.869639153538,2023
LN101897,Retail Term Loan,South,Manufacturing,79165.0,668,49.31,43,0.053,49350.71,0,C,0,0.7849,52247.87,0.027943453254213418,1145.9429430958198,2024
LN101898,Retail Term Loan,West,Services,63476.0,707,35.66,10,0.248,244435.45,0,B,0,0.6954,251148.72,0.011948583847509455,2086.806068300345,2024
LN101899,Retail Term Loan,West,Healthcare,135392.0,626,6.23,58,0.234,58932.37,0,D,0,0.5573,61750.97,0.010247991571909658,352.67249203134133,2026
LN101900,Auto Loan,Central,Other,63296.0,715,18.75,12,0.942,176474.36,4,B,0,0.3978,189043.47,0.015354834771515188,1154.7064898512908,2025
LN101901,Retail Term Loan,South,Other,65923.0,614,23.22,75,0.099,80178.46,0,D,0,0.8266,86027.29,0.020342753587149136,1446.5764199877651,2024
LN101902,Credit Card,South,Technology,117394.0,667,37.75,32,0.096,77532.04,3,C,0,0.9098,96517.79,0.041833437063351436,3673.4729788687896,2023
LN101903,Retail Term Loan,East,Manufacturing,203035.0,648,18.31,62,0.163,63294.17,3,C,0,0.6605,68047.11,0.026912899876662122,1209.603411024464,2024
LN101904,Credit Card,East,Other,162652.0,500,33.99,34,0.114,162920.66,0,E,0,0.827,194942.84,0.08101910284522527,13061.715740398544,2025
LN101905,Auto Loan,East,Manufacturing,69570.0,667,14.63,37,0.0,198024.76,1,C,0,0.8636,206690.58,0.012438220631383686,2220.197318294335,2022
LN101906,Auto Loan,Central,Services,72985.0,632,32.08,30,0.917,96218.26,0,D,0,0.05,99152.85,0.018411935757115177,91.27979521674389,2026
LN101907,Retail Term Loan,North,Other,76952.0,676,36.81,64,0.22,181514.58,0,C,0,0.6626,195116.51,0.01677943483004594,2169.3158005011737,2025
LN101908,Credit Card,East,Technology,81316.0,690,51.0,34,0.0,121063.78,0,B,0,0.6972,150036.64,0.024257116093165824,2537.428858950786,2026
LN101909,SME Loan,East,Services,47061.0,805,35.19,65,1.345,47159.34,3,AA,0,0.05,49212.61,0.00759122661131474,18.679203732212695,2025
LN101910,Retail Term Loan,South,Technology,125539.0,710,21.38,35,0.01,156407.53,0,B,0,0.663,158069.52,0.007840800006139239,821.7165601152008,2024
LN101911,Retail Term Loan,West,Manufacturing,84026.0,712,51.41,43,0.135,97233.54,0,B,0,0.4197,98272.31,0.019277137953038585,795.0834056071348,2024
LN101912,SME Loan,Central,Services,73172.0,722,29.62,49,1.021,19249.49,0,A,0,0.1273,19341.77,0.0070066691711965605,17.251872129145173,2022
LN101913,Auto Loan,East,Other,37276.0,747,42.06,51,0.494,91281.78,0,A,0,0.3221,93546.17,0.009368239150027236,282.2764875547842,2022
LN101914,Retail Term Loan,North,Services,77614.0,720,24.03,28,0.107,36673.03,0,A,0,0.7227,39017.34,0.0075582824399471294,213.12717556291534,2022
LN101915,Retail Term Loan,North,Other,26476.0,708,33.18,63,0.161,50674.05,0,B,0,0.6231,51420.55,0.011185990494931944,358.40075412637407,2024
LN101916,Credit Card,East,Technology,54466.0,736,21.58,42,0.0,100808.79,0,A,0,0.7446,122319.06,0.006160368013423595,561.0787541988885,2023
LN101917,Credit Card,West,Technology,55025.0,532,36.19,60,0.064,113845.08,0,E,0,0.7329,121123.06,0.06567269128311336,5829.836432698866,2024
LN101918,Auto Loan,South,Healthcare,87824.0,826,42.45,48,0.99,66883.63,0,AA,0,0.0689,69695.0,0.0039031669633829897,18.74295116224415,2024
LN101919,SME Loan,South,Technology,210905.0,793,25.57,61,0.955,173573.66,0,AA,0,0.0889,184510.91,0.0031584079387283353,51.80742826812047,2024
LN101920,Auto Loan,Central,Manufacturing,102723.0,704,24.84,39,0.916,110755.66,0,B,0,0.05,116674.46,0.0073505601446669806,42.8811317788271,2024
LN101921,Retail Term Loan,North,Other,166353.0,598,36.64,31,0.202,89184.43,1,D,0,0.8499,92463.33,0.04511083569805949,3545.016264757864,2026
LN101922,Auto Loan,North,Retail,106949.0,769,21.27,57,1.178,123701.94,0,AA,0,0.05,126520.96,0.003277130706616586,20.731286152330444,2024
LN101923,Auto Loan,North,Technology,139250.0,645,12.27,37,1.447,278950.12,0,C,0,0.05,293933.55,0.007582901007007231,111.44345061441052,2025
LN101924,Retail Term Loan,Central,Technology,208285.0,725,36.59,80,0.078,26636.16,3,A,0,0.9745,27127.61,0.023527347868293833,621.9655790141186,2025
LN101925,Retail Term Loan,East,Technology,50148.0,607,30.6,49,0.06,298019.39,0,D,0,0.4646,306806.9,0.02765356371514408,3941.8077115261067,2024
LN101926,Auto Loan,North,Retail,48380.0,835,30.32,18,1.005,77932.42,0,AA,0,0.05,78896.41,0.0024188284600002944,9.541844094992593,2023
LN101927,Credit Card,South,Other,108346.0,596,38.77,35,0.009,69563.99,0,D,0,0.9149,74359.24,0.039992332641663825,2720.7291269249968,2022
LN101928,Retail Term Loan,Central,Services,74848.0,694,40.59,26,0.127,90556.07,0,B,0,0.6863,91748.93,0.01630512321735878,1026.6894328582396,2022
LN101929,Auto Loan,West,Technology,84663.0,552,29.91,72,1.033,64508.63,0,E,0,0.05,68647.91,0.03554824619508958,122.01564027291761,2023
LN101930,Credit Card,South,Technology,65413.0,687,17.41,65,0.079,57929.64,2,B,0,0.7616,64004.22,0.014256498725163276,694.9417831639893,2026
LN101931,Credit Card,South,Technology,54030.0,662,23.7,47,0.194,217080.81,0,C,0,0.5848,238662.51,0.012759075154128711,1780.7820248340395,2022
LN101932,Credit Card,North,Manufacturing,182894.0,764,39.6,54,0.117,134191.99,0,AA,0,0.6729,160681.31,0.008104734733058764,876.3038042968764,2025
LN101933,Credit Card,West,Retail,40959.0,662,33.77,46,0.211,31346.66,0,C,0,0.3704,35399.68,0.017460656392120247,228.9448507418226,2024
LN101934,Credit Card,North,Manufacturing,109399.0,764,24.85,67,0.071,192360.04,0,AA,0,0.5019,236516.07,0.005126406286198918,608.5424412067983,2025
LN101935,Retail Term Loan,South,Technology,100064.0,623,21.8,59,0.178,173712.48,0,D,0,0.5201,180220.32,0.017504870881695885,1640.7768579093015,2023
LN101936,Auto Loan,South,Healthcare,31470.0,672,40.03,63,1.482,42448.01,1,C,0,0.05,43702.3,0.018137316434485882,39.63212220074163,2025
LN101937,Credit Card,West,Technology,47492.0,673,29.12,44,0.286,136138.51,0,C,0,0.8334,152556.02,0.01331795651836052,1693.2474831078464,2022
LN101938,Retail Term Loan,West,Healthcare,52092.0,722,41.79,34,0.206,185269.79,0,A,0,0.7347,199580.81,0.012704093278661406,1862.8268737819762,2024
LN101939,Retail Term Loan,West,Retail,102310.0,714,43.43,63,0.176,39036.01,0,B,0,0.7913,39586.09,0.014554349173188319,455.90731795553376,2022
LN101940,Retail Term Loan,South,Services,61290.0,737,27.93,82,0.003,146524.36,0,A,0,0.7549,155274.32,0.007463028916692074,874.7907571616544,2026
LN101941,Auto Loan,South,Retail,71551.0,707,44.35,72,0.861,74807.93,0,B,0,0.05,74829.02,0.013454389799217564,50.338940168672366,2025
LN101942,Auto Loan,South,Services,33642.0,733,33.8,83,0.503,175392.4,0,A,0,0.1006,189160.03,0.008223117732495983,156.48181081543066,2024
LN101943,Retail Term Loan,North,Healthcare,269546.0,632,35.48,52,0.068,62423.27,0,D,0,0.5416,66402.73,0.025388001659174455,913.0469466744671,2023
LN101944,Credit Card,West,Healthcare,77995.0,715,5.0,27,0.152,248902.7,1,B,0,0.8109,310718.55,0.0055546775362389725,1399.565840534774,2024
LN101945,SME Loan,East,Retail,98686.0,795,19.38,29,1.106,101191.76,0,AA,0,0.05,102058.16,0.002444685956863409,12.475007526765946,2022
LN101946,Retail Term Loan,East,Healthcare,55709.0,581,20.08,78,0.178,78027.88,0,D,0,0.5558,78347.03,0.024701976912377493,1075.654483269378,2024
LN101947,SME Loan,Central,Manufacturing,52381.0,722,27.86,7,1.403,72365.34,0,A,0,0.05,74894.36,0.006005789234523767,22.489987050727372,2023
LN101948,Retail Term Loan,North,Manufacturing,214748.0,734,33.49,81,0.198,221252.58,0,A,0,0.6922,222302.88,0.008720159087910746,1341.8411069719668,2026
LN101949,SME Loan,Central,Services,26135.0,785,34.02,31,0.674,72332.77,0,AA,0,0.2488,72646.98,0.004804095040748505,86.83194549022691,2023
LN101950,SME Loan,West,Retail,87422.0,737,35.71,90,1.271,252094.46,0,A,0,0.05,253944.08,0.006905379017759313,87.67900608580962,2024
LN101951,Retail Term Loan,South,Services,38519.0,697,23.1,46,0.208,139335.6,0,B,0,0.5327,140021.32,0.008918984475064156,665.2613185507313,2022
LN101952,Credit Card,West,Technology,60024.0,718,40.99,64,0.276,45493.26,4,B,0,0.98,56891.8,0.03540929439405047,1974.2085249112915,2025
LN101953,SME Loan,West,Healthcare,52801.0,642,55.52,100,1.516,122202.21,0,C,0,0.05,125786.06,0.029994429852061372,188.64405765185916,2023
LN101954,SME Loan,South,Retail,43606.0,665,27.41,41,1.285,124001.47,5,C,0,0.1423,128976.75,0.0382693009403742,702.3714635467385,2026
LN101955,SME Loan,South,Retail,76476.0,603,23.37,40,1.187,44468.58,1,D,0,0.05,44837.56,0.022293161461659404,49.97854823134206,2023
LN101956,Auto Loan,Central,Manufacturing,18267.0,787,23.09,33,1.199,120697.73,0,AA,0,0.05,126883.86,0.00290340234568778,18.419744837695994,2025
LN101957,Retail Term Loan,North,Services,63053.0,719,33.11,26,0.0,175390.99,0,B,0,0.6622,183923.12,0.010466502286877387,1274.7560288825491,2026
LN101958,Credit Card,North,Healthcare,71367.0,630,25.17,41,0.0,264330.1,0,D,0,0.5818,304511.8,0.019051328969301853,3375.228034622168,2025
LN101959,Credit Card,West,Healthcare,35513.0,708,9.51,36,0.334,256345.62,0,B,0,0.3301,302497.4,0.005039075706282909,503.17383958269085,2024
LN101960,Credit Card,Central,Manufacturing,172390.0,765,13.06,20,0.0,638942.74,4,AA,0,0.98,686242.31,0.010107974923283122,6797.789659560365,2026
LN101961,Auto Loan,East,Manufacturing,54084.0,755,45.26,43,0.797,120049.11,0,A,0,0.1166,122932.7,0.00888714892386462,127.38797337898923,2023
LN101962,Auto Loan,North,Healthcare,65817.0,630,48.66,58,1.136,176823.64,0,D,0,0.05,189636.49,0.02983496084543868,282.8898627008212,2025
LN101963,Retail Term Loan,East,Services,54151.0,500,52.8,28,0.0,78502.25,0,E,0,0.6233,79784.68,0.14233668713471448,7078.373709104553,2025
LN101964,Credit Card,South,Technology,71710.0,716,34.94,44,0.042,448743.94,0,B,0,0.7624,512776.1,0.011293531622028763,4415.098883722531,2024
LN101965,Retail Term Loan,Central,Healthcare,154002.0,632,19.12,79,0.025,64317.84,0,D,0,0.96,68744.12,0.015349541654045583,1012.9831040742797,2025
LN101966,Credit Card,West,Healthcare,292261.0,730,26.31,17,0.33,434830.87,0,A,0,0.4214,541288.76,0.006971494716115868,1590.1915551201485,2024
LN101967,Credit Card,South,Technology,113023.0,752,12.61,90,0.352,397481.32,0,A,0,0.398,477745.84,0.0036222964728971152,688.7537543269614,2026
LN101968,Auto Loan,West,Retail,136440.0,762,12.11,33,1.121,69273.81,0,AA,0,0.05,72463.3,0.0026549945377881893,9.619483284505344,2023
LN101969,Auto Loan,West,Healthcare,192775.0,803,35.32,52,1.178,247874.04,0,AA,0,0.05,267167.59,0.00369740877575758,49.39138959320016,2026
LN101970,Retail Term Loan,West,Healthcare,86002.0,770,39.01,76,0.181,165207.64,0,AA,0,0.6668,165590.99,0.007386010190055489,815.5342339128538,2024
LN101971,SME Loan,South,Other,177883.0,804,57.46,83,0.975,89936.37,0,AA,0,0.05,91016.95,0.007815701506404303,35.56806566116626,2024
LN101972,Credit Card,East,Technology,115967.0,780,30.92,58,0.0,109117.52,0,AA,0,0.9107,122134.86,0.00543064304085458,604.0407426085743,2023
LN101973,Auto Loan,North,Other,81181.0,785,14.35,33,1.218,144506.72,0,AA,0,0.05,152267.4,0.002227315837111955,16.957379574793045,2022
LN101974,Retail Term Loan,East,Healthcare,90938.0,687,30.42,31,0.0,154460.65,0,B,0,0.847,158339.6,0.01305709557583595,1751.1346311717698,2023
LN101975,Retail Term Loan,South,Manufacturing,27542.0,606,28.33,35,0.171,341526.77,0,D,0,0.6184,363019.64,0.025289861658389128,5677.355068064694,2024
LN101976,Auto Loan,East,Services,88072.0,850,25.61,90,1.398,178993.53,0,AA,0,0.05,180770.48,0.0016260929856525095,14.697480477051863,2025
LN101977,SME Loan,Central,Healthcare,32086.0,694,36.47,40,0.93,70006.18,0,B,0,0.0556,71294.96,0.011664820000243369,46.23934386804503,2025
LN101978,Credit Card,Central,Manufacturing,30679.0,770,16.21,55,0.235,201951.06,0,AA,0,0.6414,233520.66,0.0035200827950973472,527.2385337226895,2022
LN101979,Retail Term Loan,East,Healthcare,83394.0,654,33.7,25,0.052,35308.77,0,C,0,0.734,38114.4,0.019572930520913034,547.5717092359753,2026
LN101980,SME Loan,West,Retail,40640.0,753,40.47,23,1.325,91549.67,0,A,0,0.05,96804.61,0.006794181475856919,32.885404401977674,2023
LN101981,Auto Loan,North,Services,74707.0,531,50.46,49,0.873,97931.69,0,E,0,0.05,98785.41,0.08340359428505491,411.95291284614035,2025
LN101982,SME Loan,East,Technology,80933.0,663,36.03,41,0.57,190244.93,0,C,0,0.2656,200091.13,0.016953406959719124,900.975320132369,2025
LN101983,Retail Term Loan,West,Other,82944.0,684,45.56,42,0.221,414492.36,1,B,0,0.6165,429070.75,0.026479015672507093,7004.285291697386,2024
LN101984,Credit Card,West,Other,45614.0,720,26.23,15,0.106,139753.12,5,A,0,0.98,176123.39,0.029595262641794413,5108.169624724925,2024
LN101985,SME Loan,Central,Retail,122948.0,760,28.04,46,0.632,93180.22,5,AA,0,0.6214,94179.79,0.018788917524516904,1099.5898610370205,2022
LN101986,Retail Term Loan,East,Manufacturing,71408.0,619,49.52,82,0.341,73603.72,0,D,0,0.3852,73767.85,0.04139973666937949,1176.3890763094532,2024
LN101987,Credit Card,Central,Other,95591.0,733,14.17,29,0.244,215297.47,0,A,0,0.7643,244277.37,0.004702183556700107,877.9032839305388,2026
LN101988,SME Loan,Central,Other,38840.0,770,26.76,68,1.653,104700.75,2,AA,0,0.05,112553.41,0.005781674217964506,32.53735743704942,2024
LN101989,Retail Term Loan,East,Technology,67993.0,842,46.67,6,0.0,84373.2,0,AA,0,0.7496,90644.64,0.004937584108180641,335.49512425323417,2026
LN101990,Retail Term Loan,North,Technology,137140.0,736,29.26,30,0.205,233549.21,5,A,0,0.98,234830.98,0.027290609611837692,6280.50698794636,2025
LN101991,Credit Card,South,Technology,127879.0,660,28.29,6,0.175,272049.67,0,C,0,0.5688,315229.72,0.015109363886467343,2709.1492073094796,2026
LN101992,Retail Term Loan,West,Manufacturing,48375.0,607,28.55,75,0.025,61309.87,0,D,0,0.8387,64666.89,0.02616951497922593,1419.3329715820933,2023
LN101993,Retail Term Loan,East,Manufacturing,55558.0,809,33.52,67,0.046,42093.07,0,AA,0,0.9058,42107.48,0.004408801995238944,168.15592019729874,2025
LN101994,Auto Loan,Central,Manufacturing,43541.0,738,46.12,25,1.474,112061.04,0,A,0,0.05,112208.08,0.009041061629730899,50.72400833168876,2022
LN101995,Credit Card,Central,Other,52272.0,689,44.02,54,0.016,54018.43,0,B,0,0.7643,60890.1,0.019594158735247755,911.8789046765451,2024
LN101996,Retail Term Loan,North,Manufacturing,34744.0,585,32.15,74,0.07,49084.93,5,D,0,0.98,51850.58,0.12099140919798976,6148.005247094442,2025
LN101997,Retail Term Loan,Central,Technology,69511.0,629,46.2,78,0.104,57918.23,0,D,0,0.7585,62273.93,0.03611422217050479,1705.8471912071766,2023
LN101998,Credit Card,South,Retail,106241.0,731,36.44,39,0.207,249650.61,0,A,0,0.7039,314932.04,0.009833922965779894,2179.9905625123206,2026
LN101999,Auto Loan,Central,Manufacturing,48701.0,713,43.17,6,1.468,189191.78,0,B,0,0.05,191369.75,0.010480256300745509,100.28020141047963,2024
LN102000,Credit Card,East,Other,71354.0,563,18.63,28,0.105,670300.99,0,E,0,0.586,781074.13,0.0284955206227619,13042.668791881995,2024
LN102001,Auto Loan,East,Manufacturing,66434.0,731,54.6,65,1.386,76563.34,4,A,0,0.05,79274.29,0.036223839342967364,143.58095724939022,2026
LN102002,SME Loan,North,Other,133995.0,588,34.86,94,1.27,304410.38,0,D,0,0.05,309579.95,0.027868949414139733,431.38339830909547,2026
LN102003,Credit Card,North,Healthcare,53577.0,778,5.0,47,0.173,169521.74,0,AA,0,0.8274,204569.56,0.002313553834923266,391.59409774452797,2026
LN102004,Retail Term Loan,East,Healthcare,54659.0,704,53.57,35,0.189,81289.8,0,B,1,0.5984,82197.41,0.02195495448299334,1079.8968124696933,2025
LN102005,SME Loan,East,Manufacturing,47095.0,660,32.07,101,1.507,108290.68,0,C,0,0.05,110461.3,0.012125693313201204,66.97099233887562,2025
LN102006,Auto Loan,East,Other,40119.0,754,26.86,57,1.184,81019.91,0,A,0,0.05,86473.84,0.004520959254974227,19.547235363058025,2023
LN102007,Retail Term Loan,North,Technology,100338.0,713,24.13,21,0.044,143825.13,0,B,0,0.609,149089.33,0.008242128962104649,748.3474122028704,2025
LN102008,Retail Term Loan,East,Retail,69629.0,776,37.71,45,0.302,239411.26,3,AA,0,0.9621,256989.7,0.014176989605191839,3505.257707961351,2025
LN102009,Credit Card,North,Healthcare,77295.0,695,20.45,70,0.064,92711.43,0,B,0,0.6859,115121.81,0.008671598992295117,684.7272286916534,2024
LN102010,Retail Term Loan,North,Retail,151191.0,699,24.5,46,0.038,217317.79,0,B,0,0.7771,226512.7,0.009554225404892315,1681.7636015998612,2026
LN102011,Retail Term Loan,East,Services,156043.0,671,24.81,65,0.152,292175.03,0,C,0,0.7398,311442.08,0.012255832492949629,2823.8032567717582,2024
LN102012,Retail Term Loan,West,Services,30328.0,707,28.2,13,0.076,341461.04,0,B,0,0.5412,345950.19,0.009855081556819668,1845.1496028099773,2025
LN102013,Auto Loan,West,Technology,107104.0,800,25.3,16,1.107,52795.74,0,AA,0,0.05,55502.22,0.002814148108315746,7.809573371016218,2025
LN102014,Auto Loan,Central,Technology,84910.0,657,43.09,32,0.722,115941.51,0,C,0,0.2218,124664.05,0.02156309131012641,596.2299606406684,2022
LN102015,Auto Loan,Central,Services,58184.0,732,35.52,42,0.834,197175.6,0,A,0,0.1545,206948.51,0.008056010961540249,257.5792273478182,2024
LN102016,Retail Term Loan,South,Services,89812.0,633,37.11,55,0.195,56079.89,0,D,0,0.5691,58281.31,0.025630507970937227,850.1099592691878,2025
LN102017,Retail Term Loan,West,Other,29020.0,556,39.94,62,0.111,47980.2,0,E,0,0.678,50496.78,0.05843820883102222,2000.7382522053786,2026
LN102018,Credit Card,North,Technology,167661.0,703,30.79,102,0.261,117801.87,1,B,0,0.7199,139252.41,0.013754360352938519,1378.844502768985,2023
LN102019,Auto Loan,Central,Other,99555.0,714,18.74,32,1.565,89874.72,0,B,0,0.05,91992.07,0.004652071869113809,21.39768605142742,2025
LN102020,Credit Card,South,Services,46601.0,683,55.47,41,0.118,106362.24,0,B,0,0.6582,133812.62,0.02892090287170442,2547.222011563822,2024
LN102021,Retail Term Loan,West,Services,54354.0,593,44.06,32,0.203,86275.74,0,D,0,0.6617,87092.23,0.046101640406390525,2656.7881429078398,2024
LN102022,Retail Term Loan,Central,Services,29393.0,710,52.97,72,0.173,544253.68,4,B,0,0.8015,575082.52,0.05643943031220532,26014.5498437629,2023
LN102023,Retail Term Loan,West,Technology,63106.0,707,45.45,73,0.083,86863.53,0,B,0,0.7453,91270.53,0.01698010979666059,1155.0537324327358,2024
LN102024,Auto Loan,Central,Healthcare,57512.0,632,26.02,38,1.219,180807.38,0,D,0,0.05,193430.09,0.01408421813314237,136.21557905366805,2022
LN102025,Auto Loan,North,Technology,36186.0,602,5.0,93,1.043,172519.31,0,D,0,0.05,182153.42,0.010087173518315085,91.87065772472627,2024
LN102026,Credit Card,North,Services,114970.0,674,16.02,32,0.077,36793.5,0,C,0,0.7213,41818.8,0.009185158538156081,277.060207670556,2024
LN102027,Auto Loan,West,Other,151370.0,732,40.27,71,0.925,334880.98,0,A,0,0.05,338609.91,0.009153122665106714,154.96690209253723,2023
LN102028,Auto Loan,East,Technology,73880.0,717,30.68,80,0.789,185963.54,5,B,0,0.5335,186938.66,0.029459043924907648,2938.002743674501,2026
LN102029,Auto Loan,North,Retail,63395.0,633,26.54,18,1.772,133935.44,1,D,0,0.05,137905.71,0.0159673945677276,110.09974423563088,2025
LN102030,Retail Term Loan,West,Manufacturing,95271.0,699,5.0,61,0.123,251563.4,0,B,0,0.583,254199.19,0.0050246356847463225,744.641601205737,2026
LN102031,Auto Loan,North,Technology,74194.0,748,31.83,6,0.903,116052.69,4,A,0,0.6029,123179.94,0.01710553202228373,1270.3455142874948,2025
LN102032,Retail Term Loan,Central,Technology,41359.0,614,17.94,66,0.22,222481.43,0,D,0,0.5171,230194.38,0.016707664169300775,1988.7719750995805,2024
LN102033,Auto Loan,North,Other,52379.0,694,22.58,24,1.201,32269.91,2,B,0,0.05,34692.79,0.011795417045612173,20.46079632629218,2025
LN102034,Retail Term Loan,East,Services,63717.0,777,43.05,60,0.359,212673.95,5,AA,0,0.98,214172.67,0.02742727382356243,5756.689016301205,2023
LN102035,Credit Card,Central,Manufacturing,85969.0,607,18.62,65,0.164,136460.56,0,D,0,0.2002,173679.53,0.01850660998422469,643.486708655481,2023
LN102036,SME Loan,East,Other,75386.0,765,19.86,73,1.406,137961.97,3,AA,0,0.0736,145989.58,0.006740201626465738,72.42234145584047,2024
LN102037,Retail Term Loan,West,Technology,84200.0,795,34.41,68,0.133,66545.88,1,AA,0,0.7515,70824.29,0.006595703033448818,351.0526922727363,2023
LN102038,Credit Card,West,Manufacturing,32422.0,676,43.34,49,0.207,102957.02,0,C,0,0.601,117602.48,0.020674787434909126,1461.275171766709,2025
LN102039,Credit Card,Central,Manufacturing,108133.0,668,26.76,40,0.25,100867.45,0,C,0,0.5545,121110.84,0.013084460119684813,878.6994906250275,2023
LN102040,Retail Term Loan,East,Retail,75141.0,757,51.07,46,0.284,54060.57,0,A,0,0.6387,57193.81,0.011953036219362105,436.640665182932,2022
LN102041,Credit Card,Central,Technology,305356.0,678,15.38,23,0.048,154208.04,0,C,0,0.6834,186732.15,0.008725707305994658,1113.5115164437464,2025
LN102042,Credit Card,East,Services,60600.0,537,13.1,43,0.278,360941.66,0,E,0,0.6568,424472.69,0.029334434820774562,8178.254529616926,2024
LN102043,SME Loan,Central,Retail,89603.0,684,11.99,42,0.441,44371.16,0,B,0,0.3541,46490.82,0.006685553871671256,110.06025779161753,2023
LN102044,SME Loan,West,Healthcare,355512.0,721,10.52,31,1.372,169129.24,0,A,0,0.05,172476.88,0.003514699497614968,30.31022017430986,2023
LN102045,Retail Term Loan,North,Other,83449.0,738,36.38,10,0.13,89405.75,0,A,0,0.673,92267.33,0.009360259735178364,581.2338750154621,2025
LN102046,Auto Loan,West,Retail,72261.0,633,19.29,20,1.172,82463.34,0,D,0,0.05,86252.99,0.011409402535648512,49.20475414066329,2025
LN102047,Auto Loan,Central,Retail,43584.0,672,13.67,6,1.523,126447.39,0,C,0,0.05,128641.43,0.005996404776134005,38.569304263035406,2023
LN102048,Retail Term Loan,North,Retail,173822.0,753,36.94,41,0.029,127796.08,0,A,0,0.657,127903.09,0.008466414981296487,711.4525787258842,2025
LN102049,Retail Term Loan,Central,Manufacturing,39646.0,686,42.71,56,0.03,136560.37,5,B,0,0.98,137312.34,0.06832792240205597,9194.621574117431,2025
LN102050,SME Loan,North,Manufacturing,94860.0,591,45.66,6,1.038,54373.98,0,D,0,0.05,54485.86,0.04012477553453634,109.31164511530861,2025
LN102051,Retail Term Loan,Central,Other,57803.0,770,43.38,53,0.077,257350.37,4,AA,0,0.98,258277.11,0.0245913705719055,6224.360359805783,2022
LN102052,Auto Loan,West,Manufacturing,67583.0,676,20.06,45,0.835,127012.85,0,C,0,0.05,128691.36,0.008436959673476038,54.288190732239364,2026
LN102053,Credit Card,North,Healthcare,34272.0,761,35.59,22,0.037,181847.75,0,AA,0,0.7921,200137.13,0.007494942340116819,1188.1628712023864,2025
LN102054,Retail Term Loan,West,Services,156994.0,599,38.46,39,0.107,280819.1,0,D,0,0.3968,290981.81,0.03759434158528986,4340.702161505578,2023
LN102055,Auto Loan,North,Healthcare,64373.0,682,25.83,71,1.289,31271.5,5,B,0,0.1706,31301.52,0.031054063962039743,165.82992235465468,2026
LN102056,SME Loan,East,Other,38443.0,723,34.14,27,0.904,186571.24,0,A,0,0.05,186967.89,0.008257101099932438,77.19063850855237,2025
LN102057,Auto Loan,Central,Healthcare,149376.0,684,15.73,50,0.867,106971.66,3,B,0,0.0732,109136.61,0.014755250053798179,117.87673944600589,2023
LN102058,Retail Term Loan,South,Healthcare,56838.0,613,23.84,56,0.0,244864.4,0,D,0,0.8105,245835.32,0.021471414589914646,4278.169198055394,2026
LN102059,Retail Term Loan,North,Services,90154.0,535,36.83,30,0.317,68481.13,0,E,0,0.461,69606.02,0.061279790455256576,1966.368909531248,2025
LN102060,SME Loan,East,Technology,119136.0,789,51.6,70,1.082,230957.6,2,AA,0,0.05,231606.93,0.012281068032518895,142.21902320664208,2023
LN102061,Retail Term Loan,South,Technology,97340.0,706,46.97,57,0.158,57339.39,0,B,0,0.5086,57736.51,0.017644241950674974,518.1194416994997,2024
LN102062,Auto Loan,North,Retail,22406.0,766,40.59,42,1.249,159021.77,0,AA,0,0.05,167425.82,0.006136588555820023,51.371168548039165,2024
LN102063,Retail Term Loan,East,Manufacturing,109940.0,750,33.04,100,0.22,146418.98,0,A,0,0.4245,147996.46,0.007329552872820401,460.4754744488259,2022
LN102064,Auto Loan,South,Other,70962.0,729,31.02,70,1.113,107629.63,1,A,0,0.1482,111470.65,0.008686683295257014,143.5035765700866,2024
LN102065,SME Loan,North,Services,62585.0,669,13.18,11,1.058,58266.77,0,C,0,0.05,62031.53,0.006847074096937308,21.236724112819477,2023
LN102066,Auto Loan,South,Other,70633.0,722,21.14,39,1.14,92703.21,0,A,0,0.05,93133.48,0.005186443604647299,24.15157708622736,2023
LN102067,SME Loan,North,Other,30938.0,783,21.56,102,1.506,228948.75,0,AA,0,0.05,233899.45,0.0026551331463480904,31.051709130379393,2022
LN102068,Retail Term Loan,Central,Manufacturing,83361.0,695,39.47,26,0.25,339995.82,0,B,0,0.7531,357011.39,0.01510929759439303,4062.3654952153374,2023
LN102069,Auto Loan,Central,Healthcare,35413.0,814,44.28,49,0.433,471257.1,0,AA,0,0.2892,477796.9,0.005361239559016871,740.8099891089678,2025
LN102070,SME Loan,South,Technology,64089.0,593,41.58,75,0.972,173512.29,0,D,0,0.086,180730.15,0.03529955873682499,548.6537309078564,2024
LN102071,Auto Loan,Central,Services,81731.0,586,47.37,62,0.805,143092.34,0,D,0,0.1711,151025.57,0.04691666002604044,1212.3487817531473,2023
LN102072,Retail Term Loan,East,Healthcare,135397.0,754,32.94,66,0.149,164307.28,0,A,0,0.5373,176780.38,0.007159742512948422,680.0616857504543,2023
LN102073,SME Loan,Central,Manufacturing,47784.0,637,19.22,64,1.674,462874.03,1,D,0,0.05,498946.25,0.012502575819110165,311.9056660142848,2025
LN102074,Auto Loan,North,Services,166644.0,823,31.35,49,1.318,172764.12,0,AA,0,0.05,175018.95,0.002589619721072175,22.661626224067252,2024
LN102075,Auto Loan,South,Other,126249.0,777,22.58,31,1.35,127553.29,0,AA,0,0.05,136493.02,0.0030260836845306446,20.651965043715748,2025
LN102076,SME Loan,West,Healthcare,59223.0,793,40.55,58,1.064,98966.24,0,AA,0,0.05,99380.72,0.004955014532753478,24.621645593775217,2022
LN102077,Retail Term Loan,South,Manufacturing,40759.0,747,27.33,39,0.151,107301.02,0,A,0,0.4923,111165.71,0.006402342391904688,350.3802176096158,2025
LN102078,Retail Term Loan,Central,Manufacturing,33899.0,630,30.72,37,0.079,157271.11,0,D,0,0.5449,163181.74,0.022229631793384812,1976.60840060454,2026
LN102079,Retail Term Loan,East,Services,87091.0,582,41.02,81,0.1,70915.21,0,D,0,0.6279,71393.41,0.0476979957067135,2138.202037726909,2025
LN102080,Auto Loan,East,Manufacturing,49998.0,787,22.37,40,1.207,77399.85,0,AA,0,0.05,79356.44,0.002831488987903735,11.234844298962175,2025
LN102081,Retail Term Loan,East,Services,145058.0,593,44.53,86,0.017,114757.02,0,D,0,0.8941,121895.15,0.04895902155905682,5335.870132181931,2023
LN102082,Credit Card,West,Technology,51612.0,793,14.48,54,0.133,87457.34,1,AA,0,0.685,93933.07,0.0035602496382363155,229.08124726285968,2024
LN102083,Retail Term Loan,North,Manufacturing,45701.0,734,35.99,44,0.313,182186.87,0,A,1,0.3991,191268.26,0.009167145796201146,699.7755646192381,2023
LN102084,Credit Card,West,Services,85284.0,685,30.82,8,0.023,192335.05,0,B,0,0.7113,222827.08,0.013399835033664199,2123.8323402004407,2025
LN102085,Retail Term Loan,West,Services,51427.0,719,42.76,95,0.104,144207.27,0,B,0,0.6402,144816.13,0.013836374296507355,1282.7880605008377,2025
LN102086,Auto Loan,Central,Other,75354.0,720,14.13,48,1.251,169087.67,0,A,0,0.05,169288.82,0.004108516030794372,34.776291540213144,2023
LN102087,Retail Term Loan,Central,Other,128996.0,677,12.1,6,0.191,130295.78,0,C,0,0.4529,133064.08,0.007651674429059532,461.1260310163001,2025
LN102088,Credit Card,West,Other,79995.0,783,41.75,70,0.142,10000.0,0,AA,0,0.7967,11218.59,0.007183422013854772,64.20435313730644,2025
LN102089,Auto Loan,East,Retail,80160.0,780,26.92,47,1.134,64999.87,0,AA,0,0.05,65436.27,0.003570229946675702,11.681126537637843,2026
LN102090,Auto Loan,East,Technology,83958.0,700,30.82,28,0.83,196887.61,0,B,0,0.05,203373.01,0.009443990460711118,96.03263832030535,2026
LN102091,SME Loan,South,Technology,29556.0,651,23.42,68,1.179,66707.67,0,C,0,0.05,70187.79,0.010926052144479887,38.34377267229019,2022
LN102092,Auto Loan,Central,Other,93037.0,775,43.87,6,0.786,218390.11,4,AA,0,0.3793,231361.77,0.019910269446943952,1747.2360359340169,2025
LN102093,Retail Term Loan,South,Healthcare,81896.0,559,35.89,32,0.242,227154.82,0,E,0,0.4146,229131.61,0.04869111275935963,4625.556650362403,2023
LN102094,SME Loan,East,Other,122558.0,719,35.13,41,0.949,99648.25,1,B,0,0.1079,104200.76,0.011360377671121432,127.72770262080958,2024
LN102095,Retail Term Loan,North,Technology,104657.0,738,16.79,67,0.253,79369.25,0,A,0,0.2634,83921.2,0.004860329759226384,107.43683150508316,2024
LN102096,Retail Term Loan,South,Other,67116.0,636,38.52,97,0.125,120808.36,0,D,0,0.5173,126762.58,0.02649946343725167,1737.6833050836901,2023
LN102097,Auto Loan,South,Healthcare,132331.0,753,19.1,43,0.807,116359.41,0,A,0,0.1308,120683.11,0.003926012448795266,61.97348370228817,2025
LN102098,Retail Term Loan,East,Healthcare,63850.0,688,23.44,58,0.199,186120.44,0,B,0,0.6211,192687.35,0.009851871082894289,1179.0533415574641,2024
LN102099,Retail Term Loan,East,Technology,85921.0,655,14.25,108,0.335,23306.08,0,C,0,0.3837,24759.03,0.009753905583661238,92.66249135751694,2025
LN102100,Credit Card,West,Retail,63203.0,753,29.96,48,0.151,71782.68,3,A,0,0.98,88333.04,0.014364949138302656,1243.521634295021,2025
LN102101,Retail Term Loan,East,Technology,96685.0,619,45.84,58,0.11,59075.38,0,D,0,0.8134,59953.32,0.03914701873097035,1909.0447089488073,2024
LN102102,Credit Card,North,Retail,60972.0,746,34.95,21,0.099,20587.41,0,A,0,0.6592,24970.93,0.008349056015036818,137.43245063493777,2022
LN102103,SME Loan,East,Technology,185609.0,561,26.26,91,1.178,84870.14,0,E,0,0.0566,87601.98,0.028130609771116737,139.479216683936,2023
LN102104,Credit Card,North,Services,227474.0,709,33.42,32,0.231,42004.36,0,B,0,0.5177,47670.31,0.010966029994164135,270.62977131800375,2023
LN102105,Credit Card,Central,Healthcare,121286.0,693,33.35,54,0.04,91492.07,1,B,0,0.7408,109073.61,0.01735314246730893,1402.163937292735,2025
LN102106,Credit Card,West,Technology,175073.0,655,32.86,53,0.23,85278.28,0,C,0,0.5934,109111.48,0.018048842492787872,1168.6039329549296,2023
LN102107,SME Loan,South,Healthcare,32166.0,715,34.31,50,1.227,164820.6,1,B,0,0.05,177907.23,0.010712466578375044,95.29126277131411,2024
LN102108,Retail Term Loan,South,Services,34320.0,685,18.48,38,0.0,100723.13,0,B,0,0.6478,103715.2,0.009114467981862814,612.3710857479323,2024
LN102109,Retail Term Loan,North,Healthcare,62842.0,759,33.38,53,0.299,36725.35,0,A,0,0.6272,36733.64,0.006658425190379563,153.40571522056166,2025
LN102110,Auto Loan,South,Healthcare,76720.0,726,9.18,87,1.061,152943.52,0,A,0,0.05,160355.67,0.003476252220665223,27.87183769668799,2025
LN102111,Auto Loan,North,Manufacturing,67254.0,719,39.48,98,1.56,652893.76,0,B,0,0.05,653278.92,0.008594999622463767,280.7466035381769,2023
LN102112,Retail Term Loan,Central,Retail,30396.0,709,17.66,44,0.173,254690.1,2,B,0,0.8466,273058.74,0.011367106191293757,2627.7513217750025,2024
LN102113,Credit Card,North,Healthcare,141297.0,659,47.31,38,0.0,193051.48,0,C,0,0.6124,223059.66,0.028959579810792144,3955.928869729489,2023
LN102114,Retail Term Loan,West,Other,245255.0,670,5.0,30,0.194,104655.43,0,C,0,0.5158,107411.99,0.006523790180918566,361.43822875112545,2026
LN102115,SME Loan,East,Healthcare,151719.0,706,53.77,107,0.886,85102.54,0,B,0,0.1096,87387.58,0.01817005669464345,174.02696621764284,2024
LN102116,Retail Term Loan,South,Retail,136255.0,679,10.69,51,0.125,81068.37,0,C,0,0.6205,81740.23,0.007299092538449613,370.2086065396183,2022
LN102117,Retail Term Loan,Central,Services,84932.0,762,16.4,73,0.284,142016.22,0,AA,0,0.6076,146796.48,0.003777872369917091,336.9618150558796,2022
LN102118,Retail Term Loan,North,Other,47174.0,696,35.89,63,0.164,54181.4,0,B,0,0.6735,56356.04,0.013660795765747585,518.5063354803441,2026
LN102119,Retail Term Loan,Central,Other,78052.0,714,40.04,97,0.115,140013.07,0,B,0,0.471,141713.65,0.01327990806828346,886.3957389338431,2024
LN102120,Retail Term Loan,West,Other,238785.0,599,28.32,43,0.133,75410.6,0,D,0,0.3353,79502.98,0.027267333350523712,726.8748267141125,2026
LN102121,Retail Term Loan,West,Services,61799.0,751,43.6,24,0.328,36138.63,2,A,0,0.4679,37059.86,0.016612545295205384,288.06666028940964,2025
LN102122,Retail Term Loan,Central,Retail,58397.0,652,21.64,89,0.19,74669.51,0,C,0,0.5605,75075.84,0.013166763872209122,554.0575332900353,2024
LN102123,Retail Term Loan,East,Services,137897.0,622,26.8,68,0.062,288106.42,0,D,0,0.6774,293809.41,0.021297525470145812,4238.771832312196,2025
LN102124,Auto Loan,South,Other,143024.0,797,28.07,58,1.173,132205.35,0,AA,0,0.05,132587.46,0.0031117481315060323,20.62893904580654,2025
LN102125,Auto Loan,North,Other,47047.0,735,25.0,82,1.554,10000.0,0,A,0,0.05,10727.8,0.004652555526772604,2.495584259005557,2025
LN102126,Retail Term Loan,Central,Services,64953.0,754,6.86,59,0.105,74884.9,0,A,0,0.8351,77642.53,0.003150848095070665,204.2987118004921,2022
LN102127,Retail Term Loan,East,Services,56908.0,720,31.68,83,0.311,225828.07,0,A,0,0.2769,243168.29,0.009148637675431627,616.0079606259701,2025
LN102128,Retail Term Loan,Central,Technology,77930.0,684,30.5,53,0.133,97381.38,1,B,0,0.8832,102168.29,0.01687845916908548,1523.028332399099,2025
LN102129,Retail Term Loan,South,Retail,137623.0,672,46.02,68,0.016,173148.08,0,C,0,0.5917,173737.05,0.024508782445806294,2519.508043177525,2026
LN102130,Retail Term Loan,Central,Retail,48196.0,741,15.28,60,0.193,90993.32,0,A,0,0.5005,92248.35,0.004569590927972691,210.979380251865,2022
LN102131,Credit Card,Central,Retail,136565.0,764,23.69,41,0.111,136489.84,0,AA,0,0.436,176357.13,0.004889612973640927,375.9706963271467,2026
LN102132,SME Loan,South,Healthcare,79313.0,686,47.65,43,1.543,123001.76,0,B,0,0.05,123085.41,0.015339222163023272,94.40172245084032,2024
LN102133,SME Loan,East,Other,269588.0,825,35.81,39,0.912,76353.25,0,AA,0,0.0729,80091.82,0.003252382946553034,18.989667748474215,2023
LN102134,Auto Loan,West,Other,89375.0,677,39.14,54,0.593,179025.53,0,C,0,0.1333,191542.35,0.01626965121274883,415.40641935513577,2025
LN102135,Auto Loan,South,Retail,71107.0,599,37.89,38,1.704,350573.05,0,D,0,0.05,359512.06,0.02475769113059647,445.03442696022336,2025
LN102136,Retail Term Loan,North,Healthcare,102882.0,578,37.95,58,0.033,157078.01,0,E,0,0.8398,167626.75,0.0458100428812516,6448.814630936558,2022
LN102137,Credit Card,South,Healthcare,62306.0,580,55.67,57,0.244,129058.3,0,D,0,0.7699,160412.28,0.0729586150847147,9010.4921535846,2024
LN102138,Credit Card,East,Services,27941.0,663,33.19,53,0.0,66504.46,0,C,0,0.7648,69892.16,0.017916591405073384,957.704948095953,2024
LN102139,Credit Card,North,Healthcare,65707.0,675,18.85,53,0.133,231421.36,0,C,0,0.8437,244751.09,0.009811307079681614,2026.0005197221892,2025
LN102140,SME Loan,South,Retail,65139.0,734,40.3,36,1.213,83910.82,3,A,0,0.05,86016.27,0.018211433201154276,78.32397776587254,2022
LN102141,Auto Loan,Central,Technology,31240.0,688,24.63,42,0.991,177677.95,5,B,0,0.626,181731.46,0.030469794337167358,3466.362451956516,2025
LN102142,Credit Card,North,Healthcare,72047.0,745,30.57,11,0.156,204523.02,1,A,0,0.7673,238898.28,0.009383502503136345,1720.0584114061126,2026
LN102143,Credit Card,North,Other,24061.0,693,36.81,45,0.0,239546.47,0,B,0,0.7901,282951.42,0.015089861386464513,3373.4881582242992,2026
LN102144,Retail Term Loan,East,Other,61946.0,691,21.32,26,0.0,242688.94,2,B,0,0.9294,258089.06,0.01584148239613076,3799.864261599886,2023
LN102145,SME Loan,North,Healthcare,85753.0,652,25.37,50,1.297,236621.76,0,C,0,0.05,253647.07,0.011170145632800289,141.66373556165448,2025
LN102146,Retail Term Loan,North,Technology,79110.0,782,38.19,32,0.132,49806.0,2,AA,0,0.7059,50975.4,0.010943665374407106,393.79176449615306,2024
LN102147,SME Loan,North,Retail,59824.0,590,24.87,6,1.247,65768.26,0,D,0,0.05,65955.65,0.020119927993855136,66.35114643939558,2025
LN102148,Credit Card,North,Retail,71554.0,710,44.65,98,0.261,45913.51,0,B,0,0.5383,53763.93,0.01537830318682929,445.0653720426578,2024
LN102149,Retail Term Loan,Central,Other,48728.0,678,19.18,43,0.158,43799.29,0,C,0,0.6983,46260.34,0.009571912083351652,309.2071753555449,2026
LN102150,Credit Card,North,Services,75448.0,741,19.14,80,0.101,349047.8,0,A,0,0.6011,443141.02,0.005292204592038075,1409.6954768137227,2025
LN102151,Retail Term Loan,East,Technology,77435.0,689,56.78,36,0.019,60180.08,0,B,0,0.5667,64100.66,0.029187670178183984,1060.2667542582924,2024
LN102152,Credit Card,West,Healthcare,45712.0,691,12.11,85,0.172,54539.28,0,B,0,0.2852,69018.26,0.006722472871270738,132.3252081107029,2026
LN102153,Credit Card,West,Manufacturing,86897.0,673,31.65,23,0.356,115397.61,0,C,0,0.5711,132319.2,0.01417212945773053,1070.95232363706,2026
LN102154,Credit Card,West,Technology,86599.0,781,56.07,52,0.08,71186.89,2,AA,0,0.901,88467.9,0.01969346126238757,1569.7574846149141,2023
LN102155,SME Loan,South,Services,68448.0,690,31.63,24,0.932,584539.59,1,B,0,0.3144,592364.49,0.013478789386865326,2510.281589584305,2025
LN102156,Retail Term Loan,Central,Services,284025.0,818,49.51,105,0.044,99096.51,0,AA,0,0.6324,100428.27,0.006734704858483159,427.72674889473217,2026
LN102157,Retail Term Loan,North,Technology,69415.0,708,40.48,43,0.268,163876.52,1,B,0,0.7937,168786.81,0.017773570824989624,2381.055808259541,2025
LN102158,Auto Loan,North,Manufacturing,64322.0,691,31.91,66,1.104,69488.54,0,B,0,0.05,70369.27,0.009936527380573481,34.9613089052984,2026
LN102159,Retail Term Loan,Central,Manufacturing,59452.0,681,30.3,58,0.105,37489.74,0,B,0,0.5154,39978.26,0.013411605099012302,276.3433764220706,2025
LN102160,Auto Loan,North,Retail,43968.0,727,5.0,47,1.191,72052.32,3,A,0,0.1231,74613.28,0.006396121911635356,58.74770668166974,2022
LN102161,Retail Term Loan,North,Technology,109369.0,652,27.85,59,0.056,72595.84,0,C,0,0.8163,77656.42,0.01657629498649239,1050.7868487378514,2022
LN102162,Auto Loan,North,Manufacturing,51421.0,699,35.02,78,1.446,72240.7,1,B,0,0.05,75405.46,0.01207590084906655,45.5294429219127,2023
LN102163,Auto Loan,North,Retail,54878.0,691,35.01,63,1.306,39152.0,0,B,0,0.05,41033.11,0.01041172503372492,21.36127292992942,2025
LN102164,SME Loan,North,Services,55782.0,711,64.06,52,0.69,131992.22,3,B,0,0.6199,138008.24,0.05378223979996655,4601.1409607660225,2026
LN102165,Retail Term Loan,East,Technology,43631.0,713,35.65,59,0.279,94796.69,0,B,0,0.5046,96196.06,0.011188881573616508,543.1142626809212,2024
LN102166,SME Loan,West,Services,28628.0,716,40.19,90,0.851,40778.31,0,B,0,0.1542,41223.31,0.010847693959888311,68.95482460779365,2025
LN102167,Auto Loan,North,Manufacturing,58141.0,696,47.14,39,1.531,129267.35,0,B,0,0.05,132361.27,0.013761582469544445,91.07502664393195,2024
LN102168,Retail Term Loan,Central,Technology,121246.0,792,39.03,7,0.411,204599.55,0,AA,0,0.3986,215576.82,0.005637342092405435,484.41072021901783,2023
LN102169,Auto Loan,North,Other,83582.0,717,30.88,24,1.712,277522.79,0,B,0,0.05,296725.38,0.006409225248964415,95.08898987522804,2023
LN102170,Auto Loan,West,Technology,176939.0,850,30.94,26,1.257,22049.47,1,AA,0,0.05,22321.2,0.002600910036639141,2.90277165549148,2024
LN102171,Retail Term Loan,Central,Retail,113354.0,693,27.44,29,0.071,71942.09,0,B,0,0.6643,72419.05,0.01101626605478024,529.9702510203338,2025
LN102172,Auto Loan,East,Retail,100050.0,752,37.77,29,1.247,45968.11,0,A,0,0.05,49081.58,0.006421912692139912,15.759881077614024,2025
LN102173,Retail Term Loan,East,Manufacturing,211229.0,643,29.79,47,0.165,76010.48,0,C,0,0.5837,78191.65,0.01867280452255809,852.2355018971032,2024
LN102174,Auto Loan,North,Services,71098.0,781,40.12,53,1.854,317182.9,0,AA,0,0.05,323584.55,0.004478111985351817,72.45239258148372,2026
LN102175,Auto Loan,South,Retail,77648.0,644,18.88,53,1.508,72127.74,0,C,0,0.05,72176.55,0.009300099322797883,33.562454188844384,2023
LN102176,Auto Loan,Central,Technology,74529.0,720,33.91,32,1.241,86052.98,0,A,0,0.05,87435.48,0.0077384401912128096,33.830711628499195,2025
LN102177,Credit Card,South,Retail,175313.0,673,52.18,70,0.195,67164.24,1,C,0,0.6838,72589.69,0.03629795303517613,1801.7153249535763,2022
LN102178,Retail Term Loan,North,Other,75104.0,719,29.08,60,0.175,374519.74,0,B,0,0.7059,395271.89,0.008805882619803657,2457.038741784423,2024
LN102179,SME Loan,West,Technology,52506.0,675,55.96,83,0.818,23990.46,0,C,0,0.1398,24122.38,0.026557710003150756,89.56079713308738,2025
LN102180,Credit Card,West,Manufacturing,103618.0,639,34.13,67,0.188,81290.99,0,D,0,0.7365,91787.63,0.022099018588884353,1493.9287828881343,2024
LN102181,SME Loan,North,Technology,47873.0,672,31.27,40,1.175,65468.41,0,C,0,0.05,69062.25,0.011471595004867238,39.612708106244625,2025
LN102182,Credit Card,North,Technology,100574.0,790,33.52,77,0.135,35969.51,3,AA,0,0.8146,42599.95,0.011332539772710676,393.26088031667,2024
LN102183,Retail Term Loan,North,Manufacturing,94170.0,720,27.95,54,0.343,259574.69,0,A,0,0.4005,280184.13,0.008059402655630656,904.3757469157199,2023
LN102184,Auto Loan,North,Retail,67580.0,606,6.25,66,1.154,33964.61,0,D,0,0.05,36625.14,0.00981761846139411,17.978582530757198,2026
LN102185,Retail Term Loan,West,Other,102379.0,761,43.44,64,0.336,86997.47,0,AA,0,0.1712,93591.01,0.00891048753998151,142.77078967222957,2025
LN102186,Credit Card,North,Retail,33089.0,632,60.51,45,0.252,113565.46,0,D,0,0.6783,135056.77,0.05251187007816957,4810.5602783527065,2025
LN102187,Auto Loan,West,Retail,82033.0,738,38.25,50,0.712,70940.87,0,A,0,0.0805,74733.19,0.008557790513280473,51.483854244939565,2026
LN102188,Retail Term Loan,North,Services,58147.0,726,39.04,45,0.042,35641.37,0,A,0,0.7152,36919.31,0.011686204257135603,308.57060666968243,2025
LN102189,SME Loan,Central,Manufacturing,362032.0,730,29.63,29,1.028,106666.78,0,A,0,0.0586,109514.73,0.006477928722105856,41.57251683669513,2022
LN102190,Retail Term Loan,West,Services,81711.0,810,47.05,6,0.277,70401.14,0,AA,0,0.4809,72792.64,0.0063350388513137455,221.76424697729433,2025
LN102191,Auto Loan,South,Healthcare,54026.0,636,31.49,33,1.457,211356.38,2,D,0,0.05,223122.16,0.025413414493842837,283.51479674207604,2024
LN102192,Credit Card,East,Other,35143.0,730,35.47,52,0.162,172219.48,3,A,0,0.98,207179.0,0.02121005230745166,4306.391878465417,2023
LN102193,Retail Term Loan,North,Technology,153771.0,772,11.65,72,0.0,468008.05,0,AA,0,0.5917,484650.09,0.003170785387739953,909.2780663079395,2025
LN102194,Auto Loan,North,Healthcare,61866.0,648,25.12,66,1.204,129602.89,0,C,0,0.05,139312.81,0.011791581345252157,82.13591657753292,2025
LN102195,Credit Card,East,Technology,48533.0,642,36.78,42,0.0,181266.35,0,C,0,0.6637,213652.71,0.024473399613456362,3470.35996937263,2024
LN102196,Retail Term Loan,North,Technology,90238.0,671,43.79,33,0.206,93338.94,0,C,0,0.6067,100189.62,0.021992388768167677,1336.808284937945,2023
LN102197,Auto Loan,West,Retail,107215.0,711,44.15,44,0.865,397701.72,0,B,0,0.05,398521.19,0.012854757371077533,256.1446602341545,2025
LN102198,Retail Term Loan,South,Manufacturing,106289.0,598,11.47,27,0.266,120865.71,0,D,0,0.5353,126357.45,0.01568313066977001,1060.7935178250127,2022
LN102199,Credit Card,North,Retail,75819.0,726,12.79,6,0.096,111687.39,0,A,0,0.6114,119416.95,0.005000527463255126,365.09612704570463,2023
LN102200,Retail Term Loan,East,Other,81863.0,598,39.59,14,0.087,175194.4,0,D,0,0.7954,179936.59,0.03948704625053162,5651.447804717488,2025
LN102201,SME Loan,East,Technology,85209.0,774,22.29,78,1.052,76402.89,0,AA,1,0.1722,77157.94,0.0033325452466887893,44.27818657014165,2024
LN102202,SME Loan,West,Healthcare,90243.0,723,43.63,89,1.176,84585.24,0,A,0,0.05,85193.38,0.010411254850609158,44.348499538239466,2025
LN102203,Retail Term Loan,North,Manufacturing,94744.0,814,10.81,65,0.199,175106.21,5,AA,0,0.98,182672.68,0.007251750290090737,1298.2027269780194,2024
LN102204,Retail Term Loan,East,Services,136926.0,733,30.72,47,0.244,200347.92,0,A,0,0.4813,203433.43,0.007967597293968964,780.1274485982779,2024
LN102205,Auto Loan,Central,Services,77364.0,670,31.55,17,1.322,182260.64,0,C,0,0.05,182989.92,0.011362867078927244,103.96450688717653,2022
LN102206,Credit Card,South,Retail,47858.0,638,38.25,44,0.19,113450.18,0,D,0,0.6209,127785.23,0.025367184996936607,2012.6793693697357,2022
LN102207,Auto Loan,Central,Other,69278.0,706,18.59,61,1.05,145008.29,0,B,0,0.05,154344.92,0.005708927108011878,44.057194888596236,2026
LN102208,Retail Term Loan,West,Retail,113530.0,688,6.43,66,0.22,235047.48,2,B,0,0.7262,249095.46,0.009618901585773882,1739.9931481804726,2023
LN102209,Retail Term Loan,East,Technology,28076.0,767,34.23,63,0.241,55796.37,0,AA,0,0.288,58240.94,0.006429197790452637,107.83944655542275,2025
LN102210,SME Loan,Central,Technology,28165.0,630,38.84,75,1.906,120117.05,0,D,0,0.05,125077.27,0.018063655726090286,112.96763722196205,2024
LN102211,Auto Loan,Central,Retail,124280.0,821,45.1,91,0.713,15634.99,0,AA,0,0.2457,16322.23,0.0047869332754752305,19.19738274779709,2022
LN102212,SME Loan,South,Other,173046.0,773,27.34,39,0.872,201473.21,0,AA,0,0.05,213927.34,0.004141448626567374,44.29845442141059,2022
LN102213,Auto Loan,Central,Services,37398.0,677,42.08,110,0.828,69384.44,0,C,0,0.05,73051.57,0.01681521244250678,61.41888344043276,2022
LN102214,SME Loan,North,Manufacturing,79261.0,807,38.32,6,1.231,70686.22,5,AA,0,0.2143,71501.59,0.0142583676508586,218.47798376531662,2024
LN102215,Retail Term Loan,North,Healthcare,60204.0,639,49.19,31,0.24,110185.17,3,D,0,0.776,113252.76,0.07374970906916777,6481.429886593498,2024
LN102216,Retail Term Loan,North,Technology,64977.0,703,31.28,52,0.089,185094.18,0,B,1,0.5072,195212.9,0.011253968048411464,1114.2776917413828,2026
LN102217,SME Loan,South,Services,88724.0,607,9.51,60,1.419,640197.09,0,D,0,0.05,668419.12,0.010077176223392284,336.78886316623976,2022
LN102218,SME Loan,Central,Other,36834.0,810,31.12,44,1.261,40462.16,0,AA,0,0.05,43477.42,0.0029577942408483423,6.429863124147227,2024
LN102219,Retail Term Loan,West,Manufacturing,40793.0,583,33.15,37,0.173,66210.17,0,D,0,0.4463,67685.34,0.03644304147274729,1100.8702030075974,2022
LN102220,Auto Loan,West,Services,63548.0,596,38.74,96,1.511,140832.55,2,D,0,0.05,148969.55,0.04562042924765904,339.80274079153025,2025
LN102221,Auto Loan,North,Manufacturing,69237.0,649,12.08,36,0.511,72152.66,1,C,0,0.3058,76256.17,0.011963151564551916,278.97036772543606,2022
LN102222,Auto Loan,East,Services,40375.0,776,27.94,26,1.356,215432.67,0,AA,0,0.05,228455.91,0.0036207019624471355,41.35853808348231,2025
LN102223,Retail Term Loan,South,Healthcare,115792.0,752,43.29,85,0.113,106701.46,1,A,0,0.9601,112182.89,0.013278536209726709,1430.1885467544143,2025
LN102224,SME Loan,East,Healthcare,59610.0,698,30.65,67,1.225,223008.31,0,B,0,0.05,238851.86,0.008654045530255408,103.35174357130953,2026
LN102225,Retail Term Loan,South,Technology,59471.0,756,28.03,72,0.113,100841.34,0,A,0,0.6588,107142.78,0.006062220937220257,427.9058869190437,2023
LN102226,Credit Card,South,Other,87615.0,682,56.78,52,0.158,175723.3,5,B,0,0.98,200174.06,0.10378481723408307,20359.52766746229,2025
LN102227,Retail Term Loan,Central,Manufacturing,69867.0,717,18.09,18,0.162,61405.61,1,B,0,0.6397,63595.96,0.008245557310884713,335.4485298293921,2023
LN102228,Retail Term Loan,East,Technology,118878.0,797,48.03,50,0.157,465767.61,0,AA,0,0.7355,468367.0,0.007638200392238698,2631.2372777886276,2023
LN102229,Credit Card,East,Manufacturing,44885.0,674,45.28,15,0.162,36515.25,0,C,0,0.5249,41408.48,0.0226487491447296,492.2776098642918,2026
LN102230,Retail Term Loan,North,Other,34776.0,640,29.07,53,0.171,73116.7,1,C,0,0.8189,75921.52,0.024266722261289037,1508.7138773023742,2026
LN102231,Credit Card,West,Technology,63251.0,721,31.57,62,0.157,44399.26,5,A,0,0.9393,56531.65,0.03416635867646928,1814.2397562029362,2023
LN102232,Retail Term Loan,East,Healthcare,77526.0,738,31.53,72,0.06,210124.59,0,A,0,0.5637,221516.25,0.008168287595742335,1019.9635360103828,2025
LN102233,SME Loan,South,Technology,37905.0,697,34.37,46,1.691,175075.82,0,B,0,0.05,186160.6,0.008727622513519792,81.23697218451763,2025
LN102234,Credit Card,West,Retail,34961.0,755,24.27,64,0.25,51149.88,0,A,0,0.4894,63992.69,0.005241615945686756,164.157046049994,2024
LN102235,SME Loan,North,Healthcare,82910.0,677,26.43,28,0.664,241162.61,0,C,0,0.2561,253439.23,0.010687680774316645,693.6923297563181,2023
LN102236,Retail Term Loan,East,Other,49437.0,698,27.38,69,0.184,73590.23,0,B,0,0.6858,78969.04,0.010182289901257352,551.4419446020348,2025
LN102237,Retail Term Loan,Central,Services,33737.0,714,27.8,63,0.183,157372.38,0,B,0,0.6937,158218.79,0.008852553845671579,971.6242162558092,2024
LN102238,Auto Loan,East,Other,127539.0,709,27.96,30,1.827,185486.42,0,B,0,0.05,198452.05,0.006123840560979058,60.7644356599722,2023
LN102239,Auto Loan,North,Healthcare,52985.0,795,5.0,60,1.13,101097.18,5,AA,0,0.4062,107599.3,0.005697408918514905,249.01571528934926,2022
LN102240,Retail Term Loan,South,Manufacturing,141159.0,714,33.27,72,0.125,226872.7,0,B,0,0.6084,244898.35,0.010689093904918758,1592.6339044523977,2026
LN102241,Retail Term Loan,North,Other,76184.0,670,25.14,50,0.0,108485.42,1,C,0,0.9466,109663.6,0.01684773505276984,1748.9223307019922,2024
LN102242,Auto Loan,East,Services,88200.0,724,7.73,30,0.79,152110.42,5,A,0,0.6767,162364.87,0.013403123103895492,1472.6320635202503,2024
LN102243,Retail Term Loan,South,Technology,66764.0,756,27.45,52,0.28,99047.97,0,A,0,0.5658,100983.28,0.0057012600754301574,325.7491330947813,2023
LN102244,Auto Loan,North,Manufacturing,18000.0,740,27.05,60,0.966,32451.15,0,A,0,0.051,32611.61,0.0055057671910146945,9.1571485515925,2022
LN102245,Retail Term Loan,West,Services,40135.0,737,48.58,30,0.094,110059.1,3,A,0,0.98,112271.86,0.030420629662249517,3347.0730610608866,2024
LN102246,Retail Term Loan,North,Technology,69990.0,593,24.99,26,0.049,65100.06,0,D,0,0.6394,65876.14,0.026561978341434863,1118.8225061319533,2023
LN102247,Credit Card,South,Healthcare,91660.0,528,40.68,59,0.154,318009.13,0,E,0,0.7294,334793.35,0.07616119328372634,18598.431602179382,2022
LN102248,Auto Loan,Central,Healthcare,28027.0,773,49.98,66,0.725,46181.0,0,AA,0,0.3003,49561.15,0.008848086382714716,131.68795732893244,2023
LN102249,Retail Term Loan,North,Retail,72821.0,719,23.84,95,0.048,282874.94,0,B,0,0.732,297715.92,0.0077009449245263855,1678.2519370506827,2025
LN102250,Auto Loan,South,Healthcare,40457.0,689,31.38,63,1.384,105884.78,0,B,0,0.05,110721.39,0.00927122698698824,51.32615695024249,2023
LN102251,Credit Card,South,Manufacturing,85330.0,735,54.47,21,0.42,159466.4,0,A,0,0.245,195028.6,0.01586363799819075,757.9964618750164,2026
LN102252,Auto Loan,East,Other,74204.0,815,34.98,93,1.131,45674.96,4,AA,0,0.3066,48959.09,0.009395073296295768,141.02810169884395,2026
LN102253,Auto Loan,South,Services,112890.0,782,36.86,71,0.886,96673.43,0,AA,0,0.05,104125.31,0.00512680933774857,26.691530580198226,2024
LN102254,SME Loan,Central,Technology,134860.0,753,26.71,6,1.398,75358.59,0,A,0,0.05,80645.54,0.004299609163059441,17.337215137193834,2025
LN102255,Auto Loan,North,Other,96538.0,632,40.93,25,1.27,523094.15,0,D,0,0.05,557331.8,0.022234247399520474,619.5926562410033,2023
LN102256,SME Loan,Central,Services,120386.0,641,31.48,37,1.355,74065.52,0,C,0,0.05,74255.9,0.014835426002312942,55.08089548425748,2024
LN102257,Credit Card,East,Retail,61855.0,535,8.18,66,0.246,269038.74,0,E,0,0.624,310507.23,0.025848254919825817,5008.267702145127,2024
LN102258,Retail Term Loan,North,Healthcare,354321.0,731,27.38,6,0.25,271686.04,0,A,0,0.451,280211.49,0.0072921555930041855,921.5489485964189,2026
LN102259,Auto Loan,North,Other,38365.0,762,16.62,45,1.451,266395.76,0,AA,0,0.05,267732.31,0.002816815115879047,37.70762089086075,2024
LN102260,Credit Card,North,Services,56105.0,767,33.46,65,0.187,79184.36,0,AA,0,0.3743,92419.08,0.006360992526032253,220.0423899745414,2023
LN102261,SME Loan,South,Technology,123129.0,734,20.08,6,1.338,424502.99,0,A,0,0.05,439060.31,0.004244326144261028,93.17575763201759,2025
LN102262,Auto Loan,South,Services,113464.0,680,38.22,64,0.559,490791.17,0,B,0,0.4407,527917.21,0.015491870805833065,3604.231991587618,2025
LN102263,Retail Term Loan,West,Technology,98057.0,653,32.58,67,0.129,155162.52,1,C,0,0.8495,160803.41,0.024206365975416505,3306.6500305754307,2024
LN102264,Auto Loan,South,Retail,108735.0,636,15.78,29,1.845,86635.75,0,D,0,0.05,91993.21,0.0083478981495299,38.39749737641578,2025
LN102265,Retail Term Loan,West,Manufacturing,23844.0,679,25.6,23,0.222,65696.07,3,C,0,0.6845,66811.81,0.024850575513075405,1136.4835157908337,2025
LN102266,Credit Card,South,Other,179756.0,626,40.07,29,0.193,166954.8,2,D,0,0.6963,184403.1,0.049825669468561824,6397.609907439268,2023
LN102267,Auto Loan,South,Technology,67044.0,804,46.92,6,0.903,125577.53,2,AA,0,0.113,134045.35,0.009598909205862427,145.39587328533977,2023
LN102268,Credit Card,South,Retail,148819.0,605,20.27,41,0.189,136372.8,0,D,0,0.6466,158188.82,0.01974083983536992,2019.1896510461602,2025
LN102269,SME Loan,South,Manufacturing,24509.0,677,17.73,53,1.071,46711.21,0,C,0,0.05,49137.01,0.007303713998109663,17.94413338811273,2025
LN102270,Credit Card,Central,Manufacturing,86367.0,564,57.36,21,0.038,122799.98,0,E,0,0.8064,148141.18,0.0928203774286031,11088.419521792943,2022
LN102271,Credit Card,South,Retail,55013.0,709,31.87,69,0.0,267250.33,0,B,0,0.9433,295103.07,0.011074982981513085,3082.9510522372684,2023
LN102272,Credit Card,South,Technology,102735.0,690,33.19,50,0.21,212325.61,0,B,0,0.482,265732.14,0.013127933034973241,1681.4636222751847,2022
LN102273,Credit Card,Central,Services,89289.0,667,22.39,54,0.161,89801.92,0,C,0,0.6881,103570.71,0.011767376764644922,838.6257052066582,2026
LN102274,SME Loan,West,Healthcare,91727.0,629,34.8,39,1.17,111181.34,0,D,0,0.05,111881.49,0.019354689470513012,108.27157482241535,2024
LN102275,Retail Term Loan,North,Retail,41891.0,690,54.3,64,0.067,42933.71,0,B,0,0.5896,45639.3,0.026442220244737902,711.5318874562771,2024
LN102276,Auto Loan,Central,Manufacturing,72686.0,655,35.31,76,0.754,75325.24,0,C,0,0.3508,75719.12,0.01706831084855827,453.3730350506213,2023
LN102277,Retail Term Loan,North,Technology,67924.0,681,45.84,39,0.158,94582.44,0,B,0,0.566,99568.61,0.021592715820971647,1216.875492437242,2024
LN102278,SME Loan,North,Services,98485.0,817,32.38,65,1.373,186956.75,0,AA,0,0.05,197040.0,0.0027961546648387152,27.547715757991025,2026
LN102279,Credit Card,East,Manufacturing,129231.0,701,18.66,65,0.235,73189.22,0,B,0,0.365,79458.28,0.007401056962475323,214.64746859341452,2026
LN102280,Auto Loan,West,Manufacturing,81471.0,725,23.12,57,0.756,58107.94,0,A,0,0.0749,60257.09,0.005923686171239571,26.73511239733515,2024
LN102281,Retail Term Loan,North,Services,37173.0,660,17.47,85,0.2,203948.42,1,C,0,0.5568,203986.15,0.01382613481658603,1570.3653179111782,2026
LN102282,Retail Term Loan,West,Technology,79572.0,639,34.83,32,0.075,89270.26,0,D,0,0.8184,93084.85,0.023243087012346265,1770.6732729976545,2024
LN102283,Credit Card,North,Other,315317.0,689,47.91,39,0.0,66701.7,0,B,0,0.9533,84144.41,0.022229049416312312,1783.10022141501,2025
LN102284,Retail Term Loan,West,Services,185451.0,850,34.09,31,0.323,211913.9,0,AA,0,0.5289,215759.89,0.002814209343831749,321.1446413366102,2024
LN102285,Retail Term Loan,North,Manufacturing,18000.0,671,28.0,64,0.113,165445.15,0,C,0,0.5843,166873.42,0.013693273762348036,1335.150872479178,2025
LN102286,SME Loan,East,Services,77659.0,713,21.73,42,1.14,103778.82,0,B,0,0.05,108871.74,0.005763695301986117,31.3751768178527,2025
LN102287,Credit Card,West,Services,125230.0,636,36.62,33,0.084,93840.38,2,D,0,0.7431,106511.89,0.04198918053158327,3323.4010393296103,2022
LN102288,Retail Term Loan,South,Services,67844.0,511,15.9,85,0.069,156516.51,0,E,0,0.6276,158080.58,0.042961423706715324,4262.261789360245,2026
LN102289,Retail Term Loan,West,Services,58232.0,639,17.26,88,0.095,174972.28,0,D,0,0.7978,185176.41,0.013298125594458064,1964.5818277026042,2023
LN102290,SME Loan,West,Other,64758.0,845,43.7,41,1.067,138896.62,0,AA,0,0.05,144231.49,0.003315084697986819,23.906980273341947,2025
LN102291,Credit Card,West,Retail,101615.0,729,28.39,18,0.168,130573.91,0,A,0,0.5919,157894.2,0.007839677371180477,732.6772514154635,2026
LN102292,Credit Card,South,Technology,39878.0,797,28.13,89,0.2,78480.82,0,AA,0,0.4337,100127.81,0.0040054301042583155,173.937529406862,2023
LN102293,Retail Term Loan,West,Healthcare,144209.0,667,29.8,58,0.1,81842.81,0,C,0,0.7788,87380.58,0.015109049712875078,1028.2009861520974,2026
LN102294,Retail Term Loan,West,Manufacturing,72725.0,537,41.44,57,0.154,106400.95,0,E,0,0.7033,114554.13,0.07185674857081596,5789.20503015762,2025
LN102295,Retail Term Loan,South,Services,44846.0,618,34.15,50,0.066,61235.13,0,D,0,0.6485,63521.87,0.02780731855909441,1145.4928091517595,2025
LN102296,Credit Card,West,Retail,139196.0,716,22.34,30,0.297,56421.92,0,B,0,0.3369,63507.51,0.007089279250904554,151.67995112661777,2022
LN102297,Retail Term Loan,Central,Retail,32062.0,705,22.81,39,0.019,112694.28,0,B,0,0.7587,115792.63,0.008589591823209546,754.6116902991189,2024
LN102298,Retail Term Loan,Central,Manufacturing,55264.0,689,29.46,63,0.068,239871.61,0,B,0,0.6228,247136.61,0.012212474575794196,1879.7035499370832,2024
LN102299,Credit Card,West,Technology,54766.0,656,35.93,38,0.108,28119.24,0,C,0,0.6575,36309.08,0.020308701914512842,484.8341107504565,2026
LN102300,SME Loan,West,Services,243875.0,751,31.54,58,1.799,91239.21,0,A,0,0.05,91820.09,0.004612754052809499,21.17717461384165,2024
LN102301,Credit Card,Central,Services,51456.0,657,30.38,48,0.227,145220.7,0,C,0,0.4259,168095.68,0.01638968931915161,1173.3698200878812,2024
LN102302,Auto Loan,South,Technology,22926.0,710,32.6,25,1.1,254196.01,0,B,0,0.05,261451.53,0.008472086553970436,110.75199959139991,2024
LN102303,Auto Loan,West,Other,54461.0,703,31.53,84,1.144,423020.44,0,B,0,0.05,445376.86,0.008660105615742413,192.85053232038612,2026
LN102304,Auto Loan,North,Other,96355.0,666,21.86,61,1.193,100183.75,0,C,0,0.05,105254.17,0.00897249731903999,47.21963790713897,2025
LN102305,Retail Term Loan,South,Other,115438.0,633,46.39,55,0.177,477353.9,1,D,0,0.7414,511195.92,0.04425657089185253,16773.269359960617,2024
LN102306,Auto Loan,Central,Retail,262325.0,662,25.73,60,0.852,165073.03,1,C,0,0.2341,168786.83,0.014915948754050423,589.373836924101,2025
LN102307,Auto Loan,South,Manufacturing,162598.0,812,33.68,9,1.08,212183.56,0,AA,0,0.05,228064.81,0.003298869611346229,37.617803556322585,2023
LN102308,Auto Loan,Central,Services,83167.0,762,5.22,37,0.933,56924.62,0,AA,0,0.05,59926.83,0.0022356486431700517,6.698766808949118,2026
LN102309,SME Loan,East,Retail,45934.0,756,29.2,14,1.459,164822.97,1,A,0,0.05,173020.72,0.005785559644425647,50.05108476407348,2025
LN102310,SME Loan,South,Services,183223.0,639,17.71,51,0.572,225402.02,0,D,0,0.3989,235409.55,0.011943162924409187,1121.5211557741673,2023
LN102311,Retail Term Loan,North,Services,61239.0,597,19.27,55,0.105,74065.06,0,D,0,0.7142,75275.18,0.021083043447577707,1133.4567477695546,2022
LN102312,Auto Loan,East,Manufacturing,52222.0,761,63.49,51,0.695,19366.9,0,AA,0,0.2251,19378.04,0.015345253872384881,66.93594834791148,2024
LN102313,Retail Term Loan,East,Services,59626.0,749,35.24,74,0.1,133192.66,0,A,0,0.76,139135.99,0.008184885673028485,865.4972500767622,2025
LN102314,Auto Loan,East,Technology,37665.0,699,47.94,15,1.03,103238.06,1,B,0,0.0747,110793.93,0.020180746391663174,167.02204396900646,2024
LN102315,Retail Term Loan,North,Retail,58075.0,666,43.12,30,0.07,307498.04,1,C,0,0.6846,328343.19,0.03019578596353484,6787.521938884484,2026
LN102316,Retail Term Loan,South,Manufacturing,65975.0,595,44.78,57,0.228,82324.9,0,D,0,0.3996,82833.92,0.045980791145745215,1521.9841624512258,2024
LN102317,Credit Card,North,Technology,112095.0,746,29.41,54,0.247,73257.81,4,A,0,0.98,79463.58,0.01908104324082168,1485.9230459294831,2026
LN102318,Auto Loan,South,Other,60585.0,767,52.88,19,1.141,52852.08,0,AA,0,0.05,54872.88,0.009238850053466358,25.34811551609265,2023
LN102319,SME Loan,Central,Retail,37352.0,646,43.01,74,1.357,77202.59,0,C,0,0.05,80218.86,0.020331108166924704,81.54691598436948,2024
LN102320,Retail Term Loan,North,Services,31044.0,640,32.54,82,0.106,776160.88,0,C,0,0.6532,787655.1,0.021261774291128785,10939.104444904167,2026
LN102321,Retail Term Loan,West,Services,84163.0,771,35.42,57,0.133,39521.18,1,AA,0,0.6581,41678.69,0.008579026763753913,235.31194507793612,2024
LN102322,Auto Loan,North,Retail,78056.0,648,30.22,15,0.995,47124.27,5,C,0,0.4815,48950.93,0.0524336137631662,1235.8536065799885,2025
LN102323,Retail Term Loan,East,Services,55291.0,806,32.68,52,0.069,115524.18,0,AA,0,0.7588,123468.24,0.004392101925705528,411.485929833678,2025
LN102324,Retail Term Loan,Central,Other,57997.0,683,31.43,55,0.306,478036.67,0,B,0,0.2047,487631.13,0.012955182555874105,1293.1616082680982,2024
LN102325,SME Loan,South,Other,92866.0,665,36.96,42,1.534,201658.08,0,C,0,0.05,216330.31,0.013401993603129936,144.9628715391558,2025
LN102326,Retail Term Loan,North,Retail,161142.0,693,54.62,78,0.307,355712.13,0,B,0,0.39,379193.12,0.024439305586830124,3614.2144490803826,2024
LN102327,Retail Term Loan,East,Other,48833.0,665,16.33,45,0.119,91648.0,0,C,0,0.4737,94686.77,0.010004565350712456,448.73599972681114,2024
LN102328,Auto Loan,South,Other,78758.0,763,46.85,94,1.262,45350.37,5,AA,0,0.2459,48287.66,0.028078170261093265,333.39838527758764,2025
LN102329,Auto Loan,Central,Manufacturing,127044.0,748,27.21,65,1.046,87622.76,2,A,0,0.05,92071.98,0.008469017222646263,38.98795921715711,2023
LN102330,Auto Loan,Central,Retail,48941.0,761,48.51,54,0.557,109969.09,0,AA,0,0.4941,113957.95,0.009891617869977592,556.963599204595,2026
LN102331,Auto Loan,West,Technology,74358.0,702,27.67,68,1.123,120923.95,0,B,0,0.05,125870.47,0.0077754457241929675,48.93495038818296,2022
LN102332,Credit Card,West,Retail,73449.0,660,37.37,82,0.171,103306.68,0,C,0,0.4707,120851.95,0.02013312099124006,1145.2728465992925,2026
LN102333,Retail Term Loan,West,Retail,36462.0,689,29.94,68,0.214,181454.68,0,B,0,0.5603,184758.31,0.011945912323681591,1236.6418124773866,2024
LN102334,Auto Loan,West,Retail,82283.0,662,9.5,46,0.71,72904.47,5,C,0,0.6636,73798.26,0.026066803170787595,1276.5571787099204,2025
LN102335,Credit Card,East,Healthcare,76313.0,785,54.61,33,0.184,62707.48,0,AA,0,0.3913,79114.04,0.010491217913410036,324.7800305473381,2026
LN102336,SME Loan,Central,Services,101777.0,755,19.74,23,0.916,51638.03,1,A,0,0.05,51996.62,0.004967320033896099,12.91419261104413,2026
LN102337,Auto Loan,South,Technology,39044.0,684,33.09,6,0.614,138519.37,0,B,0,0.1612,146153.51,0.012502127202521932,294.5494394261479,2026
LN102338,Auto Loan,North,Services,75412.0,630,18.32,52,1.41,129220.13,0,D,0,0.05,138308.33,0.010714530598445668,74.09544169024603,2025
LN102339,Retail Term Loan,West,Other,160363.0,790,14.62,39,0.219,257620.51,3,AA,0,0.98,266615.36,0.006081661985633942,1589.035209704146,2024
LN102340,Retail Term Loan,West,Manufacturing,235124.0,699,29.34,41,0.0,354385.36,0,B,0,0.7052,376353.35,0.011248958972513665,2985.5230089679067,2023
LN102341,Retail Term Loan,Central,Manufacturing,151648.0,682,24.28,71,0.221,51538.51,0,B,0,0.5684,55101.9,0.010657083797724955,333.77901155175846,2024
LN102342,Credit Card,South,Manufacturing,39256.0,791,16.81,46,0.132,121992.18,0,AA,0,0.5501,155708.4,0.0030083755134291726,257.68297872115875,2025
LN102343,Retail Term Loan,East,Retail,96117.0,657,31.54,90,0.006,103932.53,0,C,0,0.7299,106014.87,0.017981367002185077,1391.4027389375105,2023
LN102344,Credit Card,East,Technology,57498.0,669,12.74,35,0.159,40926.65,0,C,0,0.6139,50396.64,0.008502515237077589,263.0550446715238,2025
LN102345,Retail Term Loan,South,Other,87675.0,675,33.63,27,0.0,82911.52,0,C,0,0.7463,88934.35,0.016204965890390884,1075.5512221750973,2024
LN102346,SME Loan,West,Retail,49047.0,604,30.34,20,1.903,359287.88,0,D,0,0.05,379254.09,0.017714627233550446,335.91724155746965,2025
LN102347,Credit Card,East,Services,29227.0,711,5.0,64,0.293,77061.2,0,B,0,0.7308,97851.09,0.004284087782605778,306.3533033314175,2025
LN102348,Retail Term Loan,West,Retail,62054.0,640,25.2,73,0.0,68593.77,0,C,0,0.8563,70789.36,0.017339041566583495,1051.0394510147912,2026
LN102349,Retail Term Loan,East,Manufacturing,111600.0,653,38.09,35,0.147,115706.27,1,C,0,0.8618,121071.05,0.028619777255720517,2986.1598231495423,2024
LN102350,Retail Term Loan,South,Retail,87873.0,644,18.17,25,0.134,227164.72,2,C,0,0.846,233921.61,0.021680237056212477,4290.4686599357665,2025
LN102351,SME Loan,Central,Healthcare,93607.0,652,38.65,82,1.27,96952.19,5,C,0,0.4044,98444.8,0.06100377783629419,2428.6261040520544,2025
LN102352,Retail Term Loan,East,Manufacturing,84477.0,635,37.62,16,0.242,131219.61,0,D,0,0.609,139738.87,0.02525437558938944,2149.1719056168704,2024
LN102353,Auto Loan,West,Healthcare,93689.0,706,18.77,70,0.853,24246.5,0,B,0,0.05,25583.59,0.006039840799436197,7.726040533902395,2025
LN102354,Auto Loan,East,Services,100356.0,680,31.84,35,1.588,179131.47,0,B,0,0.05,190392.38,0.009734476650070534,92.66850887306781,2024
LN102355,Credit Card,South,Healthcare,64484.0,693,42.72,57,0.2,140089.83,4,B,0,0.98,157618.69,0.047997636988816164,7414.018171967294,2025
LN102356,Auto Loan,Central,Healthcare,78498.0,843,20.61,72,0.814,222909.98,0,AA,0,0.0806,225641.21,0.0017237467730878663,31.34923359361921,2026
LN102357,Auto Loan,South,Healthcare,195641.0,680,29.32,58,1.436,32464.73,3,B,0,0.05,32713.24,0.020355441268399072,33.294621775952166,2023
LN102358,SME Loan,Central,Healthcare,81094.0,729,46.95,42,0.978,97101.17,3,A,0,0.3114,102191.78,0.024966457379175456,794.4955965681642,2025
LN102359,Retail Term Loan,East,Healthcare,76776.0,737,20.85,79,0.104,235666.83,0,A,0,0.6849,252686.41,0.005803874129610811,1004.4470247519226,2026
LN102360,Credit Card,North,Services,79366.0,686,37.97,54,0.235,81258.54,0,B,0,0.6221,87489.66,0.015762326235225593,857.9011343225304,2025
LN102361,Retail Term Loan,North,Manufacturing,66529.0,708,17.97,120,0.0,124366.02,0,B,0,0.9292,126944.54,0.007189509370966949,848.051997560534,2024
LN102362,Auto Loan,Central,Retail,59030.0,691,29.91,10,1.216,90085.04,0,B,0,0.05,92510.4,0.009061479694018965,41.9140555542786,2025
LN102363,SME Loan,East,Technology,84121.0,703,37.81,10,1.202,91643.45,5,B,0,0.3706,95162.43,0.037784669596133295,1332.5593695259192,2024
LN102364,Credit Card,South,Technology,56789.0,652,5.0,70,0.0,271642.09,0,C,0,0.5579,301514.19,0.00815258657466487,1371.3854478516969,2024
LN102365,Credit Card,Central,Healthcare,69231.0,658,25.05,47,0.188,44305.87,1,C,0,0.7874,50390.79,0.01795519784409207,712.4210979660538,2026
LN102366,Retail Term Loan,West,Services,48555.0,691,37.58,65,0.0,115850.27,0,B,0,0.913,117866.24,0.015758949435722272,1695.8501302172385,2024
LN102367,Auto Loan,West,Other,79590.0,562,34.94,24,1.524,143125.95,1,E,0,0.05,152449.27,0.043114218769128285,328.6365588986953,2026
LN102368,Auto Loan,West,Retail,103420.0,787,25.21,49,1.444,231403.33,0,AA,0,0.05,240956.19,0.002916928370384089,35.14259733153295,2025
LN102369,Auto Loan,North,Services,66749.0,830,17.64,58,1.086,110180.9,0,AA,0,0.1313,111547.93,0.001656981365506017,24.26855207198205,2024
LN102370,Auto Loan,North,Healthcare,24851.0,701,40.17,36,1.238,236443.23,0,B,0,0.05,250621.79,0.011337679509977324,142.07347666184202,2026
LN102371,Retail Term Loan,West,Manufacturing,103772.0,733,27.81,53,0.156,115497.65,0,A,0,0.6383,122967.41,0.007428792823231907,583.0866752536969,2023
LN102372,Retail Term Loan,North,Retail,80125.0,760,39.09,18,0.146,130473.7,5,AA,0,0.98,139400.16,0.030013523990950915,4100.212245572348,2026
LN102373,Retail Term Loan,West,Healthcare,43433.0,604,36.94,57,0.26,127030.7,0,D,0,0.6044,128106.29,0.03294878727093424,2551.140304715192,2025
LN102374,Auto Loan,North,Healthcare,114754.0,750,26.18,80,0.987,189840.86,0,A,0,0.1843,196981.43,0.004836855889335584,175.59565655742063,2024
LN102375,Retail Term Loan,South,Services,34756.0,662,45.94,21,0.147,175335.96,0,C,0,0.4986,176061.87,0.025996697581691038,2282.105756962421,2024
LN102376,SME Loan,West,Manufacturing,133281.0,839,24.27,19,0.695,55055.97,0,AA,0,0.1294,59277.11,0.0020771589889196215,15.932760854453827,2026
LN102377,Credit Card,West,Manufacturing,72671.0,678,47.48,74,0.143,139687.36,0,C,0,0.7844,176269.3,0.023475423509520317,3245.8444304614154,2025
LN102378,Retail Term Loan,West,Manufacturing,21534.0,749,49.18,19,0.266,175204.67,0,A,0,0.8097,185901.99,0.012210338507597169,1837.9592661119734,2024
LN102379,Credit Card,West,Healthcare,82729.0,678,45.65,66,0.083,333853.87,0,C,0,0.7901,429237.34,0.022505870571603255,7632.6504506478705,2025
LN102380,Credit Card,North,Healthcare,59984.0,833,29.65,49,0.067,59230.23,2,AA,0,0.8171,67619.14,0.005193658082276557,286.95791523198886,2024
LN102381,Retail Term Loan,Central,Technology,55214.0,657,65.11,39,0.044,174933.25,5,C,0,0.98,181672.93,0.1656036020764892,29483.977775634077,2025
LN102382,Retail Term Loan,South,Technology,49986.0,766,33.97,80,0.0,94063.75,0,AA,0,0.7783,98639.09,0.00684869221801914,525.7796061931535,2025
LN102383,Retail Term Loan,North,Services,69932.0,731,35.13,68,0.298,137248.33,1,A,0,0.6655,140241.68,0.01195914871951767,1116.157372237577,2023
LN102384,Retail Term Loan,Central,Services,57434.0,716,31.71,54,0.06,56601.94,0,B,0,0.7703,58179.45,0.010146960757780809,454.7424423444562,2023
LN102385,Credit Card,North,Manufacturing,27013.0,705,17.31,6,0.126,118881.11,0,B,0,0.61,153910.12,0.007015630697044368,658.6637030992472,2025
LN102386,SME Loan,East,Healthcare,150977.0,647,48.84,64,1.177,150015.66,0,C,0,0.05,150136.21,0.025300413067816746,189.92540647182398,2023
LN102387,Retail Term Loan,East,Manufacturing,65568.0,522,24.56,24,0.136,60849.47,0,E,0,0.6558,62019.08,0.04974785826276715,2023.350496055969,2026
LN102388,Credit Card,West,Manufacturing,50145.0,760,43.95,43,0.201,330836.53,0,AA,0,0.6297,384727.37,0.009464953969649458,2293.0064861316323,2024
LN102389,Retail Term Loan,North,Healthcare,40320.0,658,47.07,48,0.008,40712.54,0,C,0,0.6498,43360.46,0.028957492198883456,815.8954963870609,2023
LN102390,Auto Loan,North,Technology,114593.0,766,39.84,90,1.023,174824.29,0,AA,0,0.05,185123.38,0.006349711927465985,58.774006701940905,2025
LN102391,Credit Card,East,Retail,36721.0,713,23.0,42,0.138,21924.05,1,B,0,0.7714,24345.62,0.010076547172666653,189.2396847546478,2025
LN102392,Auto Loan,East,Services,80736.0,768,27.57,17,1.259,100384.05,0,AA,0,0.05,101523.36,0.003963125436938528,20.117490522973377,2025
LN102393,Retail Term Loan,West,Manufacturing,54406.0,742,5.0,80,0.048,167878.0,0,A,0,0.8007,172050.02,0.00338309088481446,466.0561261133923,2026
LN102394,Auto Loan,West,Retail,56177.0,530,30.49,64,0.629,197617.18,0,E,0,0.2246,201001.74,0.04905418524588678,2214.550741823271,2025
LN102395,SME Loan,North,Retail,40875.0,730,42.44,65,1.006,111467.23,0,A,0,0.05,111668.97,0.009791085740389725,54.668022990550405,2025
LN102396,Retail Term Loan,Central,Technology,53320.0,668,28.91,81,0.05,101327.16,0,C,0,0.5381,103121.92,0.01473709885489872,817.7602176739778,2024
LN102397,Retail Term Loan,East,Manufacturing,75364.0,766,24.33,86,0.107,178520.24,0,AA,0,0.5562,185451.56,0.004900219745933649,505.4486389810118,2025
LN102398,Retail Term Loan,Central,Services,85363.0,728,28.13,28,0.155,233447.11,1,A,0,0.5148,244800.81,0.010224917504366958,1288.5794513174378,2024
LN102399,Auto Loan,Central,Manufacturing,48687.0,729,47.8,17,1.239,315204.36,0,A,0,0.05,317463.44,0.011040217550031196,175.2432720890638,2024
LN102400,Auto Loan,North,Retail,71341.0,672,31.29,67,0.914,48614.52,0,C,0,0.05,50075.43,0.012269960347781779,30.72117702490611,2025
LN102401,Credit Card,East,Services,122259.0,631,56.15,42,0.173,104275.84,0,D,0,0.5784,125369.54,0.047314564092740215,3430.956090435296,2025
LN102402,Credit Card,East,Services,30055.0,662,24.58,44,0.215,25842.47,0,C,0,0.59,31433.0,0.01304933801568553,242.0061066897555,2022
LN102403,SME Loan,East,Technology,74742.0,573,34.82,23,1.769,46073.65,0,E,0,0.05,49567.28,0.028280716353986705,70.08990930593191,2024
LN102404,Credit Card,South,Retail,44459.0,652,26.37,61,0.357,73303.52,0,C,0,0.5795,81355.38,0.014653660729596271,690.8533224189579,2022
LN102405,Retail Term Loan,East,Services,42035.0,595,58.97,57,0.101,219862.01,0,D,0,0.663,221853.05,0.07278554116514195,10705.921323145778,2024
LN102406,Auto Loan,East,Healthcare,86578.0,597,34.34,45,1.266,85701.18,0,D,0,0.05,87574.27,0.025214200085120694,110.40575830441914,2024
LN102407,Retail Term Loan,North,Retail,55568.0,698,59.66,17,0.09,98024.4,3,B,0,0.926,98115.72,0.0613636874129641,5575.207436821945,2022
LN102408,Retail Term Loan,South,Retail,38407.0,725,26.54,75,0.007,148044.55,0,A,0,0.7973,157394.3,0.008005048433464154,1004.5573334353913,2024
LN102409,SME Loan,North,Retail,155375.0,688,51.86,54,0.242,75045.82,0,B,0,0.6166,77561.65,0.023890932259731126,1142.572209755094,2023
LN102410,Credit Card,Central,Manufacturing,124404.0,658,33.53,73,0.18,29702.13,0,C,0,0.6478,34714.34,0.018143699266794235,408.0145919839582,2026
LN102411,SME Loan,West,Retail,25912.0,628,42.88,6,0.827,71189.35,2,D,0,0.3067,74010.52,0.04559757921498207,1035.020658207166,2024
LN102412,Auto Loan,South,Technology,33333.0,669,16.14,49,1.19,110275.9,0,C,0,0.05,110878.73,0.007273137282030698,40.321811247360785,2022
LN102413,Auto Loan,South,Manufacturing,103948.0,637,36.53,32,1.921,166570.01,0,D,0,0.05,177504.56,0.015651955030170573,138.9146695385107,2024
LN102414,Auto Loan,North,Technology,64123.0,686,18.1,49,1.628,103857.47,5,B,0,0.1739,110368.75,0.021569235806991837,413.9810524788426,2025
LN102415,Retail Term Loan,South,Manufacturing,171195.0,591,35.34,69,0.15,164642.3,2,D,0,0.7352,167293.99,0.060110721233188995,7393.2905941846375,2026
LN102416,Retail Term Loan,Central,Technology,105264.0,736,12.26,56,0.091,229243.79,0,A,0,0.7317,232575.64,0.004470465829923213,760.7641860570789,2026
LN102417,Auto Loan,North,Manufacturing,88428.0,653,30.78,48,1.538,262929.37,0,C,0,0.05,282562.44,0.012348643299495041,174.46313906974848,2024
LN102418,Retail Term Loan,North,Services,42754.0,714,46.24,48,0.181,135383.07,0,B,0,0.7321,146164.62,0.015884503704035914,1699.7549670263281,2025
LN102419,SME Loan,Central,Retail,98276.0,748,39.12,14,1.447,54134.93,2,A,0,0.05,57237.04,0.01115565075848392,31.925821434468723,2026
LN102420,Retail Term Loan,East,Technology,37182.0,711,15.96,28,0.199,50198.3,0,B,0,0.6336,50884.78,0.006225522135204966,200.71454783531814,2023
LN102421,Retail Term Loan,North,Healthcare,153757.0,742,7.32,73,0.153,53580.44,0,A,0,0.6518,54428.18,0.003546206444684056,125.80624016031469,2026
LN102422,Credit Card,East,Retail,94601.0,556,38.46,37,0.044,56546.95,0,E,0,0.6436,61478.86,0.056801751709997975,2247.520027313666,2025
LN102423,Retail Term Loan,West,Manufacturing,47648.0,658,52.56,73,0.181,128647.46,0,C,0,0.525,129529.27,0.03288751766425982,2236.4454814609317,2026
LN102424,SME Loan,South,Retail,116753.0,762,19.47,66,0.983,449754.36,0,AA,0,0.05,456923.81,0.0034807898929784076,79.52278898545931,2026
LN102425,Credit Card,South,Healthcare,257322.0,723,59.27,67,0.019,139187.99,0,A,0,0.8058,160406.28,0.02288888276023073,2958.511248653958,2023
LN102426,Retail Term Loan,West,Manufacturing,66540.0,810,31.92,55,0.12,113147.85,0,AA,0,0.5699,118044.92,0.0040707639134259545,273.8557569845247,2024
LN102427,Credit Card,East,Healthcare,101516.0,801,6.54,38,0.187,235289.15,0,AA,0,0.5209,279496.93,0.0019388416095764821,282.27585461896996,2023
LN102428,Credit Card,Central,Retail,59144.0,709,11.71,45,0.142,67188.17,1,B,0,0.7229,84066.28,0.007306273830679007,444.0133210153634,2023
LN102429,Credit Card,South,Manufacturing,78605.0,674,42.01,62,0.0,248866.41,0,C,0,0.5477,288249.32,0.02129570973930505,3362.042128341706,2025
LN102430,Credit Card,South,Healthcare,32737.0,628,33.68,6,0.086,236283.4,0,D,0,0.7561,250128.11,0.02481026003888353,4692.162624158867,2026
LN102431,Credit Card,North,Manufacturing,74978.0,659,51.27,75,0.079,125059.51,4,C,0,0.98,155759.96,0.08685855195043554,13258.502885908607,2024
LN102432,Auto Loan,West,Retail,76819.0,663,16.42,37,0.934,519628.36,0,C,0,0.05,556269.2,0.008301307518449118,230.8880846120838,2025
LN102433,Retail Term Loan,East,Services,201731.0,651,33.54,46,0.41,261949.98,0,C,0,0.5577,276155.64,0.018299377429849727,2818.32372455815,2023
LN102434,Credit Card,South,Technology,27945.0,630,32.09,46,0.163,123873.96,0,D,0,0.4642,148746.6,0.02271773987046833,1568.6184036663878,2024
LN102435,SME Loan,West,Manufacturing,64264.0,716,30.14,47,1.197,108520.02,0,B,0,0.05,116198.02,0.00721364691198327,41.910574407578515,2022
LN102436,Auto Loan,South,Manufacturing,152315.0,800,27.03,19,0.875,88690.6,0,AA,0,0.05,92919.97,0.003157362271279641,14.669100376321806,2025
LN102437,Credit Card,North,Technology,65662.0,751,27.28,51,0.151,109505.4,0,A,0,0.4366,136806.93,0.0061506711413803344,367.3790068850171,2023
LN102438,Auto Loan,East,Other,68255.0,669,34.27,61,1.314,111746.5,0,C,0,0.05,119717.23,0.012530130936612503,75.00362836342774,2022
LN102439,Credit Card,East,Manufacturing,47427.0,756,35.93,6,0.274,95952.05,0,A,0,0.5203,124386.79,0.007480804851639222,484.1460710887846,2024
LN102440,SME Loan,East,Retail,44905.0,713,35.28,19,1.062,103307.8,0,B,0,0.05,104238.39,0.0090510136944466,47.17315476885327,2024
LN102441,Retail Term Loan,East,Healthcare,27475.0,687,47.68,68,0.204,52078.21,0,B,0,0.7035,52414.84,0.021361114183930933,787.6663053583329,2025
LN102442,Retail Term Loan,Central,Services,53060.0,683,16.38,64,0.15,80623.89,0,B,0,0.6727,82708.63,0.00836370983103927,465.34088548564455,2024
LN102443,Auto Loan,South,Retail,43525.0,677,8.45,55,1.015,39228.77,5,C,0,0.4355,41919.95,0.02026302333816026,369.92455491785455,2023
LN102444,Auto Loan,South,Other,80031.0,732,45.22,33,1.769,160387.78,0,A,0,0.05,172577.27,0.008629884358770316,74.46609415261409,2022
LN102445,Auto Loan,East,Healthcare,48631.0,699,19.73,64,1.11,126916.94,0,B,0,0.05,132640.17,0.006236162132753126,41.35828027179687,2025
LN102446,Retail Term Loan,North,Services,57611.0,643,27.07,22,0.126,110132.18,0,C,0,0.5355,115157.6,0.017310655320014263,1067.4943605383799,2022
LN102447,Auto Loan,North,Healthcare,58485.0,640,24.04,45,1.02,223152.46,1,C,0,0.0837,227565.96,0.01671231604335219,318.32401024195417,2024
LN102448,Auto Loan,East,Healthcare,73039.0,710,23.76,19,1.223,65562.98,0,B,0,0.05,70194.19,0.006195654355153404,21.74494694899828,2023
LN102449,Auto Loan,East,Technology,56081.0,718,13.04,44,2.0,72959.99,0,B,0,0.05,75239.96,0.0033357956114460144,12.549256418668685,2026
LN102450,Credit Card,West,Retail,41825.0,670,24.6,25,0.0,42548.43,0,C,0,0.9569,46091.97,0.01277777961736843,563.5691589908928,2025
LN102451,Credit Card,North,Other,78623.0,616,40.44,65,0.25,245575.67,0,D,0,0.5722,275240.66,0.032902492464091625,5181.90256086433,2022
LN102452,Credit Card,Central,Other,134909.0,771,31.95,58,0.12,183344.07,5,AA,0,0.98,218472.86,0.021786975292464872,4664.665546836254,2025
LN102453,Credit Card,East,Other,80491.0,758,38.56,35,0.249,304357.29,0,A,0,0.2527,338443.93,0.008030095545731917,686.7721638491382,2026
LN102454,Credit Card,North,Healthcare,53629.0,561,25.55,72,0.158,363322.57,0,E,1,0.5281,414466.37,0.03551829800051806,7774.234055574458,2025
LN102455,Auto Loan,South,Retail,70088.0,777,43.74,27,1.733,89160.4,0,AA,0,0.05,90190.75,0.0053890830437581735,24.302272076441625,2024
LN102456,Credit Card,South,Manufacturing,24280.0,676,25.39,47,0.153,72943.7,0,C,0,0.6291,91305.66,0.011896717499342669,683.3521012811502,2024
LN102457,Retail Term Loan,East,Manufacturing,69465.0,702,5.0,34,0.06,34146.69,0,B,0,0.7993,35329.43,0.004961124391862582,140.0962659510348,2025
LN102458,Retail Term Loan,East,Other,60177.0,764,36.12,64,0.028,55639.92,0,AA,0,0.4883,59189.91,0.007422794712328454,214.53682723923555,2022
LN102459,Auto Loan,East,Retail,44884.0,797,41.98,62,1.193,95588.98,2,AA,0,0.2468,101471.43,0.008146597158894472,204.01644587402956,2023
LN102460,SME Loan,East,Manufacturing,49592.0,755,24.73,77,0.806,28355.72,5,A,0,0.5501,30443.19,0.016987028235506706,284.4783443927034,2026
LN102461,Credit Card,Central,Services,59851.0,706,47.59,50,0.3,56450.25,0,B,0,0.5127,60419.91,0.017355121429167477,537.6145923045102,2025
LN102462,Retail Term Loan,Central,Manufacturing,129456.0,601,20.94,6,0.111,113239.77,0,D,0,0.7828,117238.54,0.021358075924358233,1960.1230890811362,2022
LN102463,Auto Loan,East,Technology,136745.0,558,40.72,39,1.083,224280.6,0,E,0,0.05,239179.51,0.04630392495515903,553.7475040925855,2025
LN102464,Retail Term Loan,Central,Technology,45016.0,747,54.68,82,0.214,72641.48,2,A,0,0.9691,75358.34,0.025151244347279635,1836.7895218363644,2026
LN102465,Credit Card,Central,Retail,56404.0,777,32.48,41,0.067,131246.54,0,AA,0,0.507,158438.79,0.005774666674113627,463.87011865344294,2025
LN102466,Credit Card,Central,Healthcare,57201.0,637,29.06,6,0.119,442359.3,3,D,0,0.9494,574880.52,0.042077638462520814,22965.620176912846,2025
LN102467,Auto Loan,South,Retail,117066.0,672,30.63,58,1.003,33894.79,0,C,0,0.05,34031.83,0.011746127157721923,19.987110129498785,2024
LN102468,Auto Loan,East,Other,81249.0,654,53.17,60,1.343,256621.59,0,C,0,0.05,264052.09,0.026003146560321735,343.3092597914633,2025
LN102469,Retail Term Loan,South,Healthcare,78927.0,652,37.24,32,0.101,156652.91,0,C,0,0.5057,165256.13,0.022018153894164304,1840.0576700900874,2026
LN102470,Auto Loan,North,Manufacturing,100729.0,760,59.87,43,0.774,291215.52,0,AA,0,0.1115,294949.61,0.013542604787554516,445.3740390527771,2023
LN102471,SME Loan,North,Services,54026.0,704,35.63,29,1.42,236114.4,0,B,0,0.05,251959.77,0.009104109721115082,114.69346956934601,2025
LN102472,Credit Card,West,Healthcare,158797.0,675,23.5,59,0.113,75433.4,0,C,0,0.5891,87508.56,0.011429086152010923,589.1841654701154,2025
LN102473,Auto Loan,East,Technology,74928.0,850,24.41,49,0.946,120151.43,0,AA,0,0.05,123813.78,0.001758351051324213,10.88540451157124,2023
LN102474,Auto Loan,Central,Healthcare,46840.0,597,32.8,22,1.139,43168.51,0,D,0,0.05,46446.29,0.02481041217973152,57.617579955967116,2023
LN102475,Retail Term Loan,West,Retail,66101.0,726,5.46,48,0.259,83215.72,1,A,0,0.1353,84193.01,0.004932244664485122,56.184748945832574,2026
LN102476,Retail Term Loan,North,Manufacturing,147680.0,622,25.83,32,0.126,122482.16,0,D,0,0.7821,126757.91,0.020326845523334337,2015.1498309923636,2024
LN102477,Retail Term Loan,Central,Healthcare,59362.0,680,26.11,80,0.115,148413.55,0,B,0,0.67,154483.15,0.011828173059538228,1224.2598000983442,2024
LN102478,Auto Loan,East,Healthcare,126437.0,700,35.12,68,1.053,208532.92,1,B,0,0.1419,210148.34,0.013264401649872441,395.54511307080014,2024
LN102479,SME Loan,East,Technology,53173.0,745,57.24,45,1.051,363413.24,0,A,0,0.05,372589.39,0.013401937596030752,249.67098768615824,2024
LN102480,Auto Loan,Central,Retail,49224.0,673,32.71,50,1.097,88465.26,0,C,0,0.05,92233.55,0.01213197689581028,55.94876488092811,2022
LN102481,Retail Term Loan,West,Manufacturing,107799.0,666,7.01,70,0.068,267422.44,0,C,0,0.4609,287151.39,0.007465312365700748,988.0197257341084,2024
LN102482,Retail Term Loan,North,Healthcare,46377.0,672,20.12,44,0.182,144691.46,0,C,0,0.6319,150131.32,0.010382078467255121,984.9268238933325,2024
LN102483,Retail Term Loan,North,Technology,117906.0,620,35.41,65,0.297,48052.77,2,D,1,0.5925,50200.32,0.04452002499557525,1324.1898044526317,2025
LN102484,Credit Card,East,Healthcare,91002.0,731,33.21,81,0.105,108008.44,0,A,0,0.9131,134889.11,0.009109920202523044,1122.0437857310083,2023
LN102485,Auto Loan,North,Services,46387.0,708,53.12,37,1.151,130139.61,0,B,0,0.05,131656.89,0.01632912766452926,107.4921082362443,2024
LN102486,Credit Card,North,Healthcare,72110.0,718,44.48,84,0.109,66806.72,0,B,0,0.7653,71246.9,0.01473076308824281,803.1985779352724,2024
LN102487,Credit Card,West,Healthcare,55460.0,685,44.09,78,0.008,57921.91,0,B,0,0.6726,67502.56,0.020438782393306983,927.9661326874302,2025
LN102488,Retail Term Loan,North,Other,90870.0,677,29.18,53,0.283,56575.78,0,C,0,0.3794,59401.08,0.012852407641909222,289.6517517845534,2025
LN102489,Credit Card,North,Technology,211829.0,766,46.29,38,0.158,82023.63,1,AA,0,0.792,87083.92,0.012625714543169329,870.801398454394,2022
LN102490,SME Loan,East,Healthcare,61167.0,756,20.35,53,1.292,65513.14,0,A,0,0.05,65939.25,0.0035033879672942427,11.550538751120346,2024
LN102491,Auto Loan,North,Retail,100591.0,782,44.59,43,1.247,283944.06,0,AA,0,0.05,301104.01,0.0059785935484871966,90.00892458048122,2023
LN102492,Retail Term Loan,South,Healthcare,76015.0,714,28.33,31,0.032,21578.85,0,B,0,0.7183,22786.22,0.009357801557986734,153.16233683944424,2023
LN102493,SME Loan,Central,Healthcare,75999.0,778,13.18,60,1.546,129720.45,0,AA,0,0.05,139146.8,0.002109515645819879,14.676617583288477,2023
LN102494,SME Loan,West,Healthcare,68486.0,663,39.71,25,1.322,173696.9,0,C,0,0.05,184697.84,0.01572698519902308,145.23700979857668,2025
LN102495,Auto Loan,Central,Other,46801.0,677,50.17,41,1.294,61161.28,0,C,0,0.05,64785.08,0.019273816210505175,62.43278625514373,2025
LN102496,Auto Loan,South,Manufacturing,90181.0,768,26.71,41,0.627,102018.29,0,AA,0,0.1316,106285.71,0.004536710061023501,63.455868406843436,2026
LN102497,Retail Term Loan,West,Healthcare,63987.0,745,52.32,18,0.125,94445.23,0,A,0,0.7284,101531.76,0.014524041009381558,1074.1361132625293,2024
LN102498,Credit Card,South,Healthcare,45597.0,671,10.47,62,0.277,113673.14,0,C,0,0.3695,120590.27,0.007528466872222016,335.45421561230046,2023
LN102499,Auto Loan,South,Technology,131011.0,622,16.44,43,1.174,190861.07,0,D,0,0.05,192565.34,0.01157610580537278,111.45783751437916,2025
LN102500,Retail Term Loan,North,Technology,79197.0,677,30.09,77,0.173,179263.82,0,C,0,0.4963,190414.93,0.013604117567161672,1285.6289668826576,2025
LN102501,Credit Card,Central,Healthcare,66157.0,645,27.18,43,0.109,78846.85,0,C,0,0.6595,98780.18,0.017116844330632368,1115.0858737658116,2024
LN102502,SME Loan,North,Retail,156729.0,802,23.33,39,0.408,41861.87,5,AA,0,0.9269,44566.38,0.01148052300852898,474.24407583897636,2025
LN102503,Credit Card,South,Retail,27321.0,739,33.74,28,0.156,134698.61,0,A,0,0.6043,171699.65,0.008468215610209521,878.6459493610159,2024
LN102504,Retail Term Loan,East,Healthcare,151039.0,640,25.13,49,0.152,75778.93,1,C,0,0.8987,76567.9,0.021551947488768812,1483.0233805446085,2024
LN102505,Retail Term Loan,East,Healthcare,46219.0,622,27.33,49,0.139,82935.48,0,D,0,0.501,83469.15,0.021237064082850747,888.0924834330317,2024
LN102506,SME Loan,South,Services,84254.0,639,35.62,64,1.761,140317.01,0,D,0,0.05,149081.11,0.015541302818577636,115.84573375198411,2025
LN102507,SME Loan,South,Healthcare,54274.0,654,23.32,49,1.304,88494.6,0,C,0,0.05,94147.4,0.010249823719594785,48.2497126829089,2024
LN102508,Auto Loan,South,Services,45143.0,679,30.62,94,0.443,148738.98,0,C,0,0.1274,156759.2,0.012669081030419195,253.015763899914,2023
LN102509,Credit Card,Central,Manufacturing,154489.0,762,23.61,58,0.213,696795.02,0,AA,0,0.6173,818451.03,0.004843378400654729,2447.0192015214034,2026
LN102510,Auto Loan,East,Other,208181.0,627,16.33,26,1.31,193946.57,0,D,0,0.05,207257.98,0.010620612815909718,110.06033792937802,2025
LN102511,Auto Loan,Central,Services,66408.0,839,41.93,24,1.664,307636.93,2,AA,0,0.05,323943.58,0.004810189020978168,77.91149259661816,2025
LN102512,Retail Term Loan,Central,Services,90197.0,629,54.2,60,0.221,171591.55,0,D,0,0.5374,183454.34,0.04487261598005601,4423.9177223084935,2023
LN102513,Retail Term Loan,West,Services,77388.0,598,45.84,26,0.184,126655.93,0,D,0,0.4782,130046.04,0.04670079542134476,2904.2298281931753,2026
LN102514,Retail Term Loan,Central,Retail,194273.0,800,36.31,61,0.031,173423.56,0,AA,0,0.7145,178157.26,0.005276467938981281,671.6593448627846,2024
LN102515,Credit Card,North,Manufacturing,23459.0,776,23.66,68,0.129,167604.57,5,AA,0,0.98,203702.88,0.015969378364207015,3187.9481973066845,2023
LN102516,Retail Term Loan,Central,Manufacturing,92287.0,678,28.27,68,0.379,219522.68,0,C,0,0.1926,231597.19,0.01206912827371248,538.3509349531062,2024
LN102517,Retail Term Loan,East,Retail,50278.0,715,45.74,29,0.111,125091.85,0,B,0,0.7501,126430.42,0.015765661430557975,1495.1437231020584,2024
LN102518,Auto Loan,West,Services,20526.0,716,5.0,68,1.285,48022.55,0,B,0,0.05,48632.71,0.0031621224223433034,7.6891291375159705,2022
LN102519,Retail Term Loan,South,Services,61510.0,699,27.28,55,0.195,42939.53,0,B,0,0.7824,45800.67,0.010024898385596812,359.2366618895382,2024
LN102520,Retail Term Loan,North,Other,207248.0,606,41.54,35,0.096,165729.25,0,D,0,0.6258,173343.26,0.0388357758764902,4212.835532908654,2023
LN102521,Auto Loan,Central,Technology,52282.0,529,17.2,44,0.967,54552.04,5,E,0,0.442,55551.5,0.10417464524149758,2557.8795498688096,2024
LN102522,Auto Loan,East,Manufacturing,115863.0,635,37.5,58,1.052,194025.67,0,D,0,0.05,199199.74,0.020505526801209734,204.23478036820055,2024
LN102523,Credit Card,North,Manufacturing,145003.0,808,36.9,33,0.19,306295.28,0,AA,0,0.5974,362787.81,0.00477828108538048,1035.5941727783875,2024
LN102524,SME Loan,West,Healthcare,74478.0,811,13.09,55,1.387,102825.14,0,AA,0,0.05,104567.7,0.0015927591353154164,8.327557971696095,2022
LN102525,Retail Term Loan,North,Services,80137.0,673,33.13,80,0.345,280180.52,0,C,0,0.4434,293741.15,0.014892270885237561,1939.641228852328,2026
LN102526,SME Loan,East,Manufacturing,29181.0,628,23.97,69,1.227,143846.73,3,D,0,0.0721,149698.82,0.029667615931785667,320.2110317082292,2022
LN102527,SME Loan,West,Technology,50582.0,708,37.41,50,1.296,122197.16,0,B,0,0.05,131536.96,0.009569861339684802,62.93952341218331,2024
LN102528,Credit Card,West,Other,123512.0,719,40.71,53,0.253,126277.78,2,B,0,0.7154,140977.53,0.020956993584472533,2113.624398188527,2025
LN102529,Credit Card,East,Retail,77545.0,729,37.19,36,0.011,67080.71,1,A,0,0.7764,81777.16,0.013999492958425508,888.8528253603401,2026
LN102530,Credit Card,South,Healthcare,91792.0,526,32.94,37,0.319,61340.94,0,E,0,0.5156,77076.06,0.059127289039333994,2349.7430950676,2025
LN102531,Credit Card,Central,Retail,80699.0,850,35.76,14,0.051,37964.94,5,AA,0,0.98,40939.49,0.01177661666620909,472.4861066352983,2023
LN102532,Credit Card,North,Manufacturing,250408.0,764,16.71,54,0.269,71831.58,5,AA,0,0.9552,77201.09,0.013874356516902064,1023.1294741657686,2025
LN102533,Retail Term Loan,North,Healthcare,59187.0,677,31.6,63,0.296,536500.48,1,C,0,0.6467,537983.07,0.017920450945704366,6234.769522699055,2024
LN102534,SME Loan,North,Other,181356.0,643,21.65,46,1.382,42188.0,0,C,0,0.05,43166.41,0.010588692506062609,22.853792104031303,2025
LN102535,Auto Loan,Central,Other,80714.0,754,45.41,29,1.535,52663.13,0,A,0,0.05,56506.25,0.007462043577297143,21.082604994482335,2024
LN102536,Credit Card,East,Manufacturing,190432.0,722,40.88,49,0.139,68277.4,0,A,0,0.7832,86075.05,0.012556151309991336,846.4601227415627,2022
LN102537,Auto Loan,North,Technology,38235.0,696,40.85,78,0.836,70557.87,3,B,0,0.4227,71437.72,0.02919532235258828,881.6030982957976,2024
LN102538,Retail Term Loan,North,Technology,83017.0,720,54.28,68,0.05,144896.32,0,A,0,0.6176,148834.28,0.019979052618256533,1836.4755421549535,2022
LN102539,Auto Loan,North,Manufacturing,60398.0,683,27.71,47,0.813,78196.41,0,B,0,0.05,81956.31,0.010115583365354163,41.451794306090456,2025
LN102540,Auto Loan,Central,Other,80980.0,716,24.86,93,0.567,104431.44,1,B,1,0.3448,105793.0,0.009306379536663963,339.4727745991258,2023
LN102541,Auto Loan,East,Manufacturing,146906.0,737,27.4,107,0.904,66210.63,5,A,0,0.6304,69382.26,0.02138389716154404,935.3012262306418,2026
LN102542,Retail Term Loan,North,Services,92373.0,712,11.17,37,0.045,86042.04,1,B,0,0.6952,86551.78,0.007153310603247421,430.4204034478578,2024
LN102543,Retail Term Loan,South,Other,146745.0,709,12.19,43,0.163,115090.59,1,B,0,0.4942,121782.82,0.007378893750257001,444.09923425489393,2022
LN102544,Auto Loan,West,Technology,51877.0,781,40.07,63,0.937,109213.33,0,AA,0,0.05,111838.41,0.005659744701112083,31.64884241891503,2025
LN102545,Auto Loan,East,Healthcare,47700.0,586,13.86,28,1.113,480115.46,0,D,0,0.05,496530.22,0.015286929608965778,379.5211260932146,2025
LN102546,SME Loan,Central,Retail,75667.0,638,18.03,67,1.197,117655.52,0,D,0,0.05,117787.34,0.0103830498836684,61.149591344230515,2022
LN102547,Retail Term Loan,North,Healthcare,73422.0,692,30.68,50,0.085,103614.01,5,B,0,0.98,108957.79,0.044331223219750145,4733.627467820246,2025
LN102548,Retail Term Loan,North,Manufacturing,67712.0,643,26.64,56,0.281,20897.23,0,C,0,0.5792,22043.99,0.016418165384895288,209.62514916767682,2025
LN102549,Retail Term Loan,North,Healthcare,44267.0,664,43.51,35,0.14,141944.98,1,C,0,0.7593,151867.18,0.03060229282803461,3528.8345353898294,2025
LN102550,Auto Loan,South,Manufacturing,145002.0,774,32.79,31,0.791,30112.25,0,AA,0,0.05,31864.96,0.004983767879608695,7.940378206650794,2024
LN102551,Auto Loan,West,Services,61432.0,680,21.62,6,0.92,176563.1,0,B,0,0.05,186117.33,0.00834791501932995,77.68458272322944,2025
LN102552,Credit Card,West,Technology,164323.0,571,44.63,81,0.182,132579.69,0,E,0,0.6417,160530.15,0.0577109370222533,5944.93042830724,2024
LN102553,SME Loan,South,Retail,75528.0,662,41.47,69,1.247,209771.69,5,C,0,0.2171,210989.98,0.06097394608230834,2792.96798034717,2024
LN102554,Retail Term Loan,West,Manufacturing,107139.0,694,13.66,63,0.136,76968.13,0,B,0,0.6389,80937.13,0.006925344480146666,358.1146348928916,2022
LN102555,Credit Card,West,Healthcare,101924.0,693,35.28,56,0.096,122287.84,0,B,0,0.7232,131758.67,0.01403050305657973,1336.9367533103646,2024
LN102556,Retail Term Loan,North,Services,47662.0,726,22.7,6,0.135,192583.13,0,A,0,0.8008,202721.29,0.006789718110339779,1102.2374675828055,2025
LN102557,Retail Term Loan,West,Other,91785.0,721,22.36,31,0.224,62602.68,0,A,0,0.4668,62977.33,0.006888480525882666,202.50629434414387,2022
LN102558,Auto Loan,East,Manufacturing,216604.0,681,56.3,42,1.387,183922.74,0,B,0,0.05,184797.23,0.02197165703550898,203.01506793360358,2022
LN102559,Retail Term Loan,North,Services,86131.0,612,33.62,24,0.22,178122.42,0,D,0,0.6425,186204.58,0.027843559165607407,3331.1043692880717,2023
LN102560,Credit Card,South,Services,123124.0,661,29.17,11,0.182,109189.47,0,C,0,0.6793,128785.05,0.01536017738827138,1343.7649119619612,2023
LN102561,Credit Card,West,Technology,109814.0,650,33.1,26,0.124,362297.4,1,C,0,0.6395,393610.26,0.02534243289030033,6379.039102550054,2024
LN102562,Credit Card,West,Retail,88798.0,671,43.37,49,0.128,172152.19,1,C,0,0.8248,215939.8,0.02861462588115992,5096.469379310339,2025
LN102563,Auto Loan,South,Manufacturing,83101.0,735,22.88,49,1.388,37173.07,0,A,0,0.05,39536.03,0.004537859959469987,8.970448374670209,2022
LN102564,Credit Card,West,Technology,101343.0,716,25.1,68,0.316,239744.41,0,B,0,0.5443,303477.95,0.007702536916076579,1272.328526555019,2025
LN102565,Auto Loan,South,Other,114125.0,744,40.54,93,0.755,75702.83,0,A,0,0.05,80122.47,0.008593354898063134,34.42604100097083,2025
LN102566,Retail Term Loan,East,Manufacturing,35652.0,665,12.29,63,0.056,209739.99,0,C,0,0.7671,217763.98,0.00894289338938836,1493.8812678696047,2024
LN102567,Retail Term Loan,North,Services,85928.0,788,44.88,44,0.106,147578.59,1,AA,0,0.8405,158791.19,0.009910257033620584,1322.6624971163526,2023
LN102568,Credit Card,Central,Retail,67779.0,734,11.13,88,0.036,18883.2,0,A,0,0.7774,21904.93,0.004458723791017392,75.92712849004297,2022
LN102569,SME Loan,Central,Healthcare,60470.0,697,28.81,13,1.197,183258.4,0,B,0,0.05,187684.27,0.008300464751206113,77.89333337454255,2023
LN102570,Retail Term Loan,North,Manufacturing,152974.0,729,11.22,6,0.034,102753.44,0,A,0,0.8804,105755.25,0.004694862815464804,437.1242264296682,2024
LN102571,Auto Loan,East,Services,50112.0,646,18.27,28,0.888,86997.46,2,C,0,0.2534,91447.5,0.01762851572642755,408.50200752555537,2024
LN102572,Credit Card,West,Services,34826.0,553,48.87,66,0.277,89295.68,0,E,0,0.6909,107883.67,0.07536331849639633,5617.342678355873,2024
LN102573,Credit Card,East,Technology,116179.0,651,45.58,52,0.25,208451.61,0,C,0,0.5932,250077.02,0.027786247571197485,4121.970020223189,2024
LN102574,Auto Loan,South,Manufacturing,34339.0,739,46.97,23,0.92,62966.46,1,A,0,0.0644,66157.2,0.013750384834378767,58.58384019598361,2026
LN102575,Credit Card,Central,Technology,25975.0,695,13.16,32,0.07,261592.6,0,B,1,0.6472,319380.72,0.006866011323187734,1419.2265253613052,2023
LN102576,Credit Card,South,Retail,123598.0,681,18.34,21,0.056,41418.88,0,B,0,0.7209,50588.41,0.009294971361719763,338.98002801312157,2026
LN102577,SME Loan,South,Services,81842.0,635,36.42,21,1.016,147595.83,0,D,0,0.0604,152104.72,0.02000300176262831,183.77007932875077,2023
LN102578,Retail Term Loan,South,Other,97269.0,563,41.3,82,0.133,206066.74,0,E,0,0.6901,218143.41,0.056814735152704646,8552.93382048237,2024
LN102579,SME Loan,Central,Healthcare,58801.0,783,21.61,45,0.815,202556.85,1,AA,0,0.14,205486.05,0.004130955300764648,118.83951624729652,2025
LN102580,Retail Term Loan,East,Healthcare,35025.0,676,24.47,87,0.125,136502.94,0,C,0,0.5732,145809.95,0.011637844063029987,972.670795809776,2025
LN102581,Credit Card,West,Other,39068.0,662,17.29,28,0.023,103827.9,0,C,0,0.7637,113989.13,0.010878748334155385,947.033102670452,2025
LN102582,Retail Term Loan,Central,Services,64572.0,646,53.56,59,0.065,81654.94,0,C,0,0.7808,84312.97,0.03905584195656712,2571.107275567819,2025
LN102583,Retail Term Loan,Central,Other,37251.0,772,25.83,53,0.117,50998.56,0,AA,0,0.644,55024.87,0.004839069981902069,171.47736265874101,2022
LN102584,Retail Term Loan,Central,Services,88798.0,747,32.41,67,0.227,74256.3,0,A,0,0.6063,78045.4,0.0073810702414096215,349.26431670168535,2024
LN102585,Auto Loan,Central,Services,58156.0,627,33.09,54,0.938,61223.23,0,D,0,0.1034,65757.64,0.019825245900125334,134.79858698275228,2024
LN102586,Retail Term Loan,Central,Technology,83035.0,766,46.37,70,0.213,54585.61,0,AA,0,0.5381,58948.51,0.009619592906345377,305.1353457928323,2026
LN102587,Retail Term Loan,Central,Healthcare,81681.0,681,19.62,60,0.142,424150.81,5,B,0,0.98,439729.81,0.034439715931953226,14841.286348347528,2026
LN102588,Auto Loan,West,Technology,92780.0,650,47.19,24,1.315,36013.46,0,C,0,0.05,37055.52,0.022556028295789784,41.79126788176021,2023
LN102589,Auto Loan,North,Technology,98712.0,671,15.38,64,1.12,263841.5,5,C,0,0.4073,282166.76,0.025949911710871184,2982.3330822181524,2025
LN102590,Credit Card,North,Retail,62075.0,639,47.15,46,0.081,50498.33,0,D,0,0.706,58694.34,0.034067019342511155,1411.6760985496037,2023
LN102591,SME Loan,West,Technology,82986.0,604,9.7,31,1.494,58674.39,1,D,0,0.05,60845.35,0.013278352872562798,40.396301397729445,2025
LN102592,Credit Card,South,Retail,85395.0,740,30.64,63,0.21,58006.72,0,A,0,0.6649,72683.9,0.007495199381624566,362.2244363199177,2023
LN102593,Retail Term Loan,Central,Retail,19719.0,676,53.13,68,0.121,55155.62,0,C,0,0.5751,58731.58,0.02869748543258664,969.3015252187564,2025
LN102594,Retail Term Loan,Central,Technology,107027.0,730,41.06,37,0.0,228946.93,0,A,0,0.8088,241495.48,0.012119771293786974,2367.252444744178,2022
LN102595,SME Loan,West,Technology,81447.0,709,37.48,40,0.642,181154.19,0,B,0,0.3193,181445.79,0.011229034522574313,650.561310035526,2025
LN102596,Retail Term Loan,West,Services,102280.0,726,18.37,17,0.247,101969.36,4,A,0,0.8172,107475.35,0.0163024097264551,1431.8219966438728,2024
LN102597,Auto Loan,South,Manufacturing,36956.0,557,22.45,8,0.977,798425.55,0,E,0,0.05,840129.03,0.02728302408953331,1146.063028190313,2025
LN102598,SME Loan,East,Services,63043.0,634,49.48,43,1.442,118603.15,0,D,0,0.05,118690.68,0.02729646877508045,161.99182202565328,2022
LN102599,SME Loan,Central,Retail,41147.0,727,38.14,65,1.124,125136.5,0,A,0,0.05,128130.35,0.00852878567266129,54.63981466565384,2026
LN102600,Auto Loan,Central,Manufacturing,112958.0,607,43.57,35,1.086,74257.98,0,D,0,0.05,77048.96,0.032008052759732404,123.30935883812559,2025
LN102601,Credit Card,South,Services,34628.0,714,32.96,79,0.345,68318.34,3,B,0,0.7682,83425.33,0.02178306091288416,1396.0183984208245,2024
LN102602,Auto Loan,Central,Other,45003.0,600,28.34,43,0.834,82625.01,0,D,0,0.05,87122.72,0.02265150698771814,98.67304504345056,2024
LN102603,Credit Card,East,Services,100621.0,691,41.97,44,0.17,217827.23,0,B,0,0.3362,240470.27,0.017333363104511074,1401.334889633088,2023
LN102604,Retail Term Loan,Central,Healthcare,53055.0,795,35.37,42,0.088,178980.59,0,AA,0,0.6681,193200.36,0.005295249691193777,683.4957943625185,2025
LN102605,Retail Term Loan,East,Manufacturing,45009.0,740,29.79,70,0.12,296163.91,0,A,0,0.5212,312415.62,0.00746553125453495,1215.6200775583732,2022
LN102606,Credit Card,West,Other,123493.0,570,13.62,27,0.166,72641.61,0,E,0,0.3391,87769.64,0.022459734730460302,668.4620082593101,2025
LN102607,Retail Term Loan,North,Services,126309.0,745,44.4,45,0.046,181299.09,0,A,0,0.5066,191864.85,0.011534134014291342,1121.103212556664,2025
LN102608,Credit Card,South,Retail,111567.0,808,37.72,36,0.319,148613.28,3,AA,0,0.7692,164957.07,0.010395300644494291,1319.0074961164974,2023
LN102609,Auto Loan,West,Healthcare,119615.0,850,24.12,36,1.292,162622.77,4,AA,0,0.05,164809.95,0.004554717716633037,37.533139957120255,2023
LN102610,SME Loan,Central,Services,66031.0,721,47.33,49,1.319,65552.33,0,A,0,0.05,68859.34,0.011505633147264311,39.61351524013716,2026
LN102611,Credit Card,North,Technology,67018.0,601,35.17,46,0.136,57996.27,0,D,0,0.6433,72582.52,0.03308789222589312,1544.9509520934926,2025
LN102612,Auto Loan,North,Healthcare,52512.0,718,35.42,71,1.046,175017.95,3,B,0,0.0913,188271.37,0.018972186029063684,326.11624629506383,2025
LN102613,Credit Card,West,Manufacturing,82248.0,794,43.49,48,0.253,221070.24,0,AA,1,0.4365,280213.5,0.006638325904497104,811.9548358940724,2025
LN102614,Retail Term Loan,East,Manufacturing,56100.0,678,40.69,60,0.211,77841.72,0,C,0,0.5161,81090.96,0.018645557644101078,780.3360618701848,2023
LN102615,Auto Loan,Central,Healthcare,59104.0,758,35.82,52,1.129,183794.15,0,A,0,0.05,185798.98,0.005871504662128661,54.54597886443751,2025
LN102616,Retail Term Loan,North,Services,104317.0,635,29.55,79,0.042,277842.36,0,D,0,0.7739,296991.67,0.02062840792361701,4741.271510123548,2024
LN102617,SME Loan,South,Other,143881.0,714,57.79,41,0.749,93152.07,0,B,0,0.2807,95514.39,0.01978490926155885,530.4510114880065,2023
LN102618,Credit Card,North,Other,93366.0,528,22.46,41,0.153,43830.19,4,E,1,0.98,49213.6,0.11646791401048665,5617.169226287556,2025
LN102619,SME Loan,West,Other,201213.0,628,41.7,64,1.458,47838.86,0,D,0,0.05,49763.13,0.022559583783417818,56.13177502800563,2026
LN102620,SME Loan,Central,Other,50879.0,690,30.91,41,1.308,74733.31,0,B,0,0.05,80451.87,0.009224333358655374,37.105743410360276,2025
LN102621,SME Loan,North,Healthcare,27292.0,666,37.91,59,1.418,87819.37,0,C,0,0.05,89635.84,0.014089840242488706,63.14773328006394,2025
LN102622,Retail Term Loan,South,Retail,111111.0,605,48.03,99,0.154,117002.41,5,D,0,0.98,123412.23,0.15585657260269895,18849.91504135486,2023
LN102623,SME Loan,Central,Other,49057.0,658,27.95,26,1.246,118678.6,0,C,0,0.05,125377.51,0.011595153712522161,72.68857502716422,2023
LN102624,Auto Loan,North,Retail,64519.0,711,39.82,82,1.064,99170.35,0,B,0,0.05,99368.27,0.01065134308395496,52.920276771453466,2025
LN102625,Auto Loan,Central,Technology,28335.0,684,35.45,37,1.832,193051.35,0,B,0,0.05,199111.49,0.009869785067283218,98.25938053632558,2025
LN102626,Auto Loan,Central,Manufacturing,45738.0,694,23.66,77,1.393,70453.31,3,B,0,0.05,70683.27,0.015070350093381306,53.26108123224981,2026
LN102627,Retail Term Loan,North,Other,32827.0,738,48.36,63,0.211,290837.25,0,A,0,0.4555,294212.92,0.013404162030368306,1796.3451700795974,2026
LN102628,Retail Term Loan,North,Technology,59064.0,668,41.25,61,0.268,231721.88,5,C,0,0.98,233160.18,0.07265592186923178,16601.6584646741,2024
LN102629,Retail Term Loan,West,Other,60370.0,778,26.35,45,0.093,220138.46,0,AA,0,0.6961,224591.85,0.004672226348130344,730.4483299610698,2025
LN102630,Retail Term Loan,North,Retail,78804.0,626,46.35,42,0.067,75628.87,0,D,0,0.5504,79824.94,0.03765705486928275,1654.4870688926687,2024
LN102631,Auto Loan,East,Services,148315.0,815,21.19,32,0.893,110608.33,0,AA,0,0.05,111919.87,0.0022556062339245454,12.622357823601236,2023
LN102632,SME Loan,North,Technology,108830.0,762,31.62,48,1.56,199035.29,0,AA,0,0.05,205324.49,0.0044227967296884465,45.40542414484741,2024
LN102633,Credit Card,East,Other,30732.0,667,26.42,44,0.122,104329.26,5,C,0,0.98,120061.22,0.04858356080410214,5716.34155044299,2026
LN102634,Auto Loan,South,Technology,104784.0,671,41.77,52,1.212,73558.93,0,C,0,0.05,74762.14,0.01599184350542562,59.77922215053605,2026
LN102635,Auto Loan,West,Healthcare,79755.0,703,25.76,17,0.903,71522.2,1,B,0,0.05,73001.02,0.009954464374357493,36.33430264408795,2024
LN102636,Auto Loan,Central,Services,71071.0,729,41.86,48,1.163,74002.65,1,A,0,0.05,77292.65,0.012097351206667082,46.75181663719982,2023
LN102637,Retail Term Loan,East,Healthcare,74069.0,761,39.73,76,0.093,53241.39,0,AA,0,0.7216,56221.7,0.008427981435172377,341.91965628492426,2025
LN102638,Credit Card,West,Healthcare,83931.0,603,27.12,69,0.148,894924.55,0,D,0,0.6515,1004993.46,0.025196654247404148,16497.590985238337,2026
LN102639,Retail Term Loan,West,Other,51262.0,718,55.79,49,0.123,30595.97,2,B,1,0.4838,31484.82,0.03498206676863341,532.8592916971003,2024
LN102640,Credit Card,Central,Manufacturing,67843.0,552,22.31,104,0.075,60396.93,0,E,0,0.7367,74693.99,0.03568166646606477,1963.4572883416288,2024
LN102641,Credit Card,South,Retail,143833.0,678,13.68,35,0.174,182127.69,0,C,0,0.5049,230884.38,0.008003939311343888,933.047407099371,2023
LN102642,Auto Loan,South,Manufacturing,50924.0,785,43.13,46,0.717,74478.55,2,AA,0,0.4236,76096.35,0.010709701829636245,345.220961093694,2024
LN102643,SME Loan,South,Retail,42566.0,598,5.0,16,1.199,93812.04,0,D,1,0.05,99189.07,0.010071606498118139,49.94966409771475,2022
LN102644,Retail Term Loan,West,Healthcare,72497.0,586,51.39,39,0.12,158241.78,5,D,0,0.98,166135.61,0.19960059108982434,32497.550637927157,2024
LN102645,SME Loan,Central,Technology,40273.0,704,33.32,87,1.374,247185.61,0,B,0,0.05,248577.65,0.008559969380409826,106.39085363271153,2023
LN102646,Credit Card,South,Healthcare,29077.0,780,13.45,40,0.212,99096.91,0,AA,0,0.502,117174.36,0.0029435918988924784,173.14657542066325,2024
LN102647,Credit Card,North,Healthcare,62056.0,711,19.67,14,0.214,228814.44,0,B,0,0.5149,267670.44,0.006979489126611167,961.9376863374923,2023
LN102648,Credit Card,West,Other,166373.0,566,10.76,67,0.375,36572.54,2,E,0,0.4214,47197.78,0.033776811553716306,671.7918854709186,2026
LN102649,Credit Card,East,Other,73424.0,581,36.98,57,0.152,78516.44,5,D,0,0.98,84891.28,0.14055979166451715,11693.654618315508,2023
LN102650,SME Loan,South,Technology,82740.0,696,14.75,66,0.873,169671.63,0,B,0,0.05,171058.62,0.005820689335265551,49.783954256962126,2024
LN102651,Auto Loan,North,Other,23241.0,613,38.53,41,1.58,477576.89,0,D,0,0.05,492991.89,0.02282920745183146,562.7307064440238,2023
LN102652,Credit Card,Central,Manufacturing,95436.0,699,28.04,26,0.252,61051.48,0,B,0,0.6601,70728.64,0.010121003969685715,472.5291829835325,2024
LN102653,Credit Card,Central,Healthcare,78952.0,703,25.82,44,0.246,53972.91,0,B,0,0.4778,62290.53,0.009090872204502548,270.5663133896338,2023
LN102654,Auto Loan,West,Technology,52028.0,658,38.62,60,1.24,152394.6,0,C,0,0.05,159121.45,0.016272974601388983,129.46896571930935,2022
LN102655,SME Loan,East,Other,82807.0,808,40.11,46,1.128,124551.39,0,AA,0,0.05,127899.71,0.004158816167434281,26.5955690879078,2025
LN102656,Auto Loan,South,Technology,82356.0,728,46.9,57,0.728,72572.69,0,A,0,0.05,76391.05,0.012343242425149975,47.14566246308765,2024
LN102657,Auto Loan,East,Services,41878.0,769,23.76,36,0.82,51203.61,0,AA,0,0.1468,52561.52,0.003891139331377855,30.024152235425753,2023
LN102658,Retail Term Loan,North,Healthcare,90018.0,750,31.61,57,0.021,83744.2,4,A,0,0.98,85821.56,0.020844371714808643,1753.1185678290578,2026
LN102659,Retail Term Loan,South,Other,144881.0,680,23.74,48,0.0,172838.55,0,B,0,0.7061,185903.86,0.011299380227610185,1483.232530183803,2025
LN102660,Credit Card,East,Manufacturing,66163.0,677,34.12,32,0.121,95035.55,0,C,0,0.6258,101251.57,0.015657346709878603,992.1001000050921,2025
LN102661,Auto Loan,East,Manufacturing,46540.0,671,21.88,51,1.025,272409.21,0,C,0,0.05,282146.8,0.008933582851205301,126.0290907001226,2026
LN102662,Auto Loan,North,Technology,68021.0,734,26.49,39,0.91,109101.23,0,A,0,0.05,109735.31,0.005813206112168225,31.895698740633744,2025
LN102663,Retail Term Loan,Central,Technology,120004.0,648,26.55,62,0.138,182827.89,4,C,0,0.98,196303.28,0.0450501347846657,8666.619438218531,2024
LN102664,Auto Loan,South,Technology,38207.0,802,35.81,67,1.44,145827.36,0,AA,0,0.05,150126.61,0.003544791418141666,26.60837593813504,2026
LN102665,Credit Card,East,Manufacturing,103100.0,642,32.04,59,0.11,90461.52,1,C,0,0.6583,95504.73,0.026533139692027096,1668.1587573619815,2025
LN102666,SME Loan,East,Technology,51655.0,704,38.58,12,1.028,215007.77,0,B,0,0.05,226551.33,0.011052348654915911,125.19621436974555,2023
LN102667,Retail Term Loan,East,Technology,85680.0,675,30.61,27,0.178,51182.21,0,C,0,0.7474,54809.37,0.014078496334108976,576.7188888268553,2022
LN102668,Auto Loan,Central,Other,54988.0,661,24.46,34,1.488,81450.25,0,C,0,0.05,87176.53,0.00948036961450344,41.32328630549238,2022
LN102669,Auto Loan,West,Retail,54906.0,831,34.49,30,1.097,89816.42,0,AA,0,0.05,90921.24,0.0028054858909980084,12.753912800602189,2024
LN102670,Credit Card,Central,Retail,173329.0,661,20.08,36,0.11,156736.93,0,C,0,0.4906,171002.54,0.011735359251594555,984.5244232631334,2022
LN102671,Auto Loan,South,Manufacturing,34553.0,670,39.4,68,0.97,186619.38,0,C,0,0.05,199894.26,0.015932717228600134,159.24293601001375,2024
LN102672,Auto Loan,South,Technology,97948.0,647,28.29,63,1.028,67820.6,0,C,0,0.05,69306.67,0.013765908172355823,47.70346274758841,2024
LN102673,Auto Loan,East,Technology,194361.0,693,34.66,39,1.315,61450.05,1,B,0,0.05,65562.25,0.013074188643195254,42.858661218616405,2024
LN102674,Auto Loan,East,Services,109347.0,683,34.86,61,0.725,126785.12,0,B,0,0.1719,130917.69,0.012976931736291714,292.04261631429574,2024
LN102675,Auto Loan,South,Healthcare,36067.0,617,52.82,55,1.174,40900.31,0,D,0,0.05,42040.87,0.037969005955516576,79.81250217025492,2024
LN102676,Auto Loan,East,Other,37063.0,662,36.96,47,1.437,242979.43,0,C,0,0.05,246438.85,0.014136913124293146,174.19423064503553,2026
LN102677,Credit Card,North,Services,49605.0,730,32.95,73,0.127,102597.11,0,A,0,0.5109,119575.97,0.009070886612342788,554.1528274286483,2024
LN102678,Credit Card,East,Technology,81805.0,757,23.0,33,0.054,52921.7,2,A,0,0.7723,56744.79,0.008760828212927228,383.93454714133355,2026
LN102679,Retail Term Loan,West,Healthcare,84924.0,692,42.43,49,0.147,52193.8,1,B,0,0.705,54379.91,0.022680529607211838,869.5224369487231,2026
LN102680,Credit Card,East,Manufacturing,37265.0,694,28.49,25,0.137,149408.75,0,B,0,0.678,174112.88,0.011091941007033404,1309.3873600097374,2024
LN102681,SME Loan,Central,Services,46408.0,667,12.17,26,0.989,146605.29,5,C,0,0.231,151507.46,0.025194524290330984,881.7635860424967,2022
LN102682,Retail Term Loan,Central,Retail,47999.0,657,29.46,18,0.11,70076.51,0,C,0,0.6448,71733.55,0.016401571728770867,758.6349042732828,2025
LN102683,Auto Loan,Central,Manufacturing,67903.0,630,34.49,26,1.254,110805.96,5,D,0,0.1455,112200.24,0.06599009392233597,1077.2971866656067,2023
LN102684,Retail Term Loan,North,Retail,223424.0,589,21.36,50,0.153,54437.19,0,D,0,0.7689,55286.68,0.0239893281915591,1019.7846202368584,2022
LN102685,Credit Card,Central,Manufacturing,44891.0,644,30.46,41,0.115,100143.21,0,C,0,0.6625,123941.11,0.019131110716611253,1570.8743522591724,2026
LN102686,Retail Term Loan,South,Other,43823.0,749,31.07,42,0.124,337097.19,0,A,0,0.5181,348229.85,0.007123889260539759,1285.2770353911055,2025
LN102687,Credit Card,East,Technology,40216.0,662,31.27,41,0.159,533193.44,0,C,0,0.7836,571233.04,0.016352126769353756,7319.509716545918,2023
LN102688,Retail Term Loan,East,Services,106382.0,668,48.05,87,0.143,103467.72,0,C,0,0.6373,106705.28,0.026265359483157422,1786.1304624361517,2023
LN102689,Auto Loan,South,Healthcare,73314.0,666,14.95,23,1.471,162354.36,0,C,0,0.05,170287.96,0.006706338548424632,57.100435524029585,2025
LN102690,SME Loan,Central,Manufacturing,45813.0,771,58.44,21,0.889,157926.01,0,AA,0,0.05,165736.47,0.011313084265920181,93.74953255230761,2023
LN102691,Auto Loan,West,Technology,61433.0,630,31.57,29,1.661,35972.94,0,D,0,0.05,36244.0,0.015286053971407068,27.701387006983893,2025
LN102692,SME Loan,Central,Healthcare,48529.0,708,39.54,46,1.036,53655.96,0,B,0,0.05,54777.05,0.01094314966535353,29.971672818827685,2024
LN102693,SME Loan,Central,Healthcare,88255.0,686,33.66,59,1.166,23725.32,4,B,0,0.0941,25120.42,0.030480326941416554,72.05035762498629,2025
LN102694,SME Loan,East,Services,328289.0,694,9.56,62,0.6,164324.52,4,B,0,0.5511,177290.36,0.015312138317874657,1496.0681470764061,2025
LN102695,Retail Term Loan,West,Technology,101541.0,706,18.26,69,0.082,468370.92,0,B,0,0.7971,487573.31,0.007243130004581513,2815.003981949126,2026
LN102696,Credit Card,East,Healthcare,71261.0,694,25.18,46,0.021,253047.53,0,B,1,0.8507,312285.11,0.01028699359474531,2732.8524198070972,2026
LN102697,Retail Term Loan,East,Healthcare,52026.0,742,44.92,39,0.0,123796.78,0,A,0,0.5483,132460.54,0.012209952651967582,886.7858341429201,2024
LN102698,Auto Loan,West,Services,35824.0,688,14.0,84,1.502,112163.03,2,B,0,0.05,116087.11,0.008810747895135106,51.14071300424087,2024
LN102699,SME Loan,West,Other,112282.0,803,20.88,6,0.749,93768.92,1,AA,0,0.301,99274.0,0.003384288018675453,101.12751443856206,2026
LN102700,Credit Card,Central,Services,108977.0,693,34.14,49,0.206,251957.22,0,B,0,0.8582,289541.66,0.013159437719305488,3269.9183102508737,2023
LN102701,Auto Loan,West,Retail,58040.0,579,38.15,57,1.064,139554.03,0,E,0,0.05,149292.18,0.03536379120194126,263.97687408013155,2024
LN102702,Auto Loan,West,Services,146178.0,731,37.76,89,1.551,125363.04,2,A,0,0.05,128038.94,0.012244332104059494,78.38756518058737,2025
LN102703,Credit Card,Central,Manufacturing,75876.0,715,19.21,11,0.169,55434.22,0,B,0,0.7097,63131.3,0.006695187155543608,299.97306413900503,2024
LN102704,Credit Card,North,Services,114848.0,692,11.23,39,0.0,182773.07,0,B,0,0.6187,197500.93,0.006766310604049946,826.8013764925508,2022
LN102705,Auto Loan,West,Manufacturing,88270.0,673,39.01,18,1.521,108040.13,0,C,0,0.05,111203.07,0.013291153533095028,73.9008538360757,2023
LN102706,SME Loan,South,Healthcare,68038.0,553,50.63,8,1.063,158439.03,0,E,0,0.05,160857.79,0.06575734286621625,528.8790424865906,2024
LN102707,Retail Term Loan,East,Technology,44358.0,563,27.51,44,0.0,241494.19,0,E,0,0.8495,257709.32,0.038521857821690875,8433.36179581776,2026
LN102708,Retail Term Loan,West,Retail,69231.0,797,17.12,66,0.298,38209.2,0,AA,0,0.5232,39556.74,0.0027471810127805553,56.85589550903608,2025
LN102709,Credit Card,South,Technology,119178.0,652,26.41,75,0.024,97569.53,0,C,0,0.8231,117294.36,0.015969633432425207,1541.7880635625145,2023
LN102710,SME Loan,Central,Technology,56714.0,753,37.12,36,1.728,88151.79,4,A,0,0.05,88933.5,0.01562520391200598,69.48020360541919,2023
LN102711,Retail Term Loan,East,Services,95521.0,586,28.97,63,0.137,82877.66,5,D,0,0.98,83825.57,0.10793233278885411,8866.539531106278,2025
LN102712,Retail Term Loan,South,Services,41346.0,622,50.29,44,0.103,54908.54,0,D,0,0.7649,56532.97,0.04372721177340712,1890.8550978826618,2023
LN102713,Retail Term Loan,South,Other,115183.0,734,44.02,60,0.196,72112.46,0,A,0,0.7366,72361.29,0.012185846251510226,649.5217662453956,2022
LN102714,SME Loan,East,Manufacturing,89086.0,683,34.4,73,1.267,55621.86,0,B,0,0.05,58286.82,0.011136471383754948,32.45547514900378,2022
LN102715,Retail Term Loan,Central,Other,38719.0,725,6.59,44,0.188,213776.44,5,A,0,0.98,216976.62,0.014928428448095762,3174.3375476480705,2025
LN102716,Auto Loan,North,Other,66306.0,689,23.0,72,1.297,156285.21,0,B,0,0.05,165378.82,0.007262583665039505,60.05387583377543,2026
LN102717,SME Loan,East,Services,125183.0,677,24.88,21,1.276,148880.91,0,C,0,0.05,156589.86,0.008699372739654333,68.11167796951442,2024
LN102718,Retail Term Loan,Central,Services,37525.0,646,22.29,62,0.174,31143.57,0,C,0,0.5554,32318.47,0.01429143325928944,256.52662856409705,2023
LN102719,Auto Loan,East,Services,41615.0,612,34.48,71,1.482,469506.53,0,D,0,0.05,477106.36,0.020806522873425232,496.34621961983265,2023
LN102720,Auto Loan,East,Technology,72187.0,781,34.75,68,0.474,90154.24,0,AA,0,0.3829,95738.6,0.005380233260461348,197.23025841148882,2023
LN102721,Credit Card,South,Services,242456.0,792,10.24,22,0.179,406967.57,2,AA,0,0.5668,522483.48,0.004033101670771026,1194.3773950111656,2023
LN102722,Auto Loan,North,Healthcare,51809.0,622,42.46,43,1.18,202731.85,0,D,0,0.05,214264.99,0.02622568161569496,280.96227045650323,2025
LN102723,Auto Loan,West,Retail,98483.0,618,32.21,55,1.401,102036.14,0,D,0,0.05,107962.1,0.01868003684374502,100.83680028640421,2026
LN102724,Retail Term Loan,Central,Other,86536.0,667,36.65,58,0.188,501565.82,0,C,0,0.6593,509437.47,0.018336655539756996,6158.771442662785,2023
LN102725,Credit Card,East,Other,54231.0,712,41.68,51,0.007,178512.38,0,B,0,0.7457,197771.06,0.014654202440825995,2161.1707008867984,2024
LN102726,Credit Card,East,Retail,81950.0,678,22.03,79,0.224,102273.56,0,C,0,0.5922,107618.07,0.010302830966006765,656.6140583427666,2025
LN102727,Retail Term Loan,North,Technology,58626.0,722,48.37,19,0.179,91260.79,0,A,0,0.5666,91861.51,0.015749157236577917,819.7236573973703,2024
LN102728,Auto Loan,Central,Manufacturing,61602.0,687,30.16,43,1.271,247116.37,0,B,0,0.05,255949.88,0.009358530443848255,119.7657372039654,2022
LN102729,SME Loan,Central,Manufacturing,30078.0,683,51.66,11,1.714,82428.78,0,B,0,0.05,84079.64,0.01715037317190646,72.09986010797766,2023
LN102730,Retail Term Loan,Central,Technology,73999.0,847,20.38,62,0.227,92065.11,0,AA,0,0.6585,96820.08,0.0019152949586310067,122.11158882136812,2025
LN102731,Retail Term Loan,South,Retail,122976.0,656,50.7,60,0.118,79014.18,0,C,0,0.6623,84905.73,0.03213328135390745,1806.952898362767,2025
LN102732,Auto Loan,West,Retail,77407.0,797,20.25,120,0.981,70706.76,0,AA,0,0.05,73134.28,0.0025462845871984897,9.311034497992937,2025
LN102733,Retail Term Loan,East,Manufacturing,136629.0,784,65.13,71,0.299,73800.48,0,AA,0,0.5454,74546.26,0.014352178936906377,583.5241486204835,2025
LN102734,Retail Term Loan,South,Other,103200.0,723,19.63,55,0.162,414972.17,0,A,0,0.5854,421826.91,0.0062937851696662555,1554.1714061197529,2023
LN102735,Auto Loan,South,Retail,72584.0,565,45.74,54,0.933,242935.3,0,E,0,0.05,251827.43,0.052489884621913833,660.9196372666541,2024
LN102736,Retail Term Loan,South,Retail,53097.0,692,27.29,41,0.132,141488.96,0,B,1,0.3838,146729.98,0.010898307740445456,613.7378333917744,2024
LN102737,Auto Loan,East,Retail,57400.0,657,41.3,51,1.203,81797.24,0,C,0,0.05,85369.61,0.01804522194413058,77.02567798669347,2023
LN102738,Credit Card,North,Retail,33405.0,691,31.47,54,0.163,81575.65,0,B,0,0.7215,92198.14,0.012462515189386271,829.0184496121514,2025
LN102739,Auto Loan,West,Technology,64754.0,621,17.81,6,0.774,92837.98,3,D,0,0.6784,99606.74,0.02930624683298203,1980.317242360822,2023
LN102740,Retail Term Loan,East,Healthcare,81271.0,739,5.0,52,0.015,419792.1,1,A,0,0.8196,441307.22,0.0045654665749195154,1651.3082476432633,2025
LN102741,Credit Card,Central,Technology,192668.0,754,64.6,50,0.214,147102.94,1,A,0,0.7589,183322.54,0.024832562432206072,3454.792393771494,2024
LN102742,Retail Term Loan,South,Manufacturing,100290.0,766,32.95,87,0.243,202505.88,2,AA,0,0.8087,205216.13,0.010501569869886386,1742.8225183884674,2023
LN102743,Credit Card,North,Other,46610.0,665,5.0,45,0.207,138016.92,3,C,0,0.98,151081.89,0.014910072807345966,2207.589140176006,2023
LN102744,Auto Loan,South,Services,33982.0,621,35.93,31,1.565,64556.87,2,D,0,0.05,68299.51,0.032705413257783665,111.6881849927064,2024
LN102745,Credit Card,Central,Manufacturing,66946.0,713,40.96,54,0.203,128932.04,0,B,0,0.6465,138383.73,0.013497136135837442,1207.5223836669493,2023
LN102746,Retail Term Loan,South,Manufacturing,117209.0,804,22.7,50,0.28,56509.51,2,AA,0,0.7343,59467.63,0.005209583300924277,227.48729446171902,2025
LN102747,Retail Term Loan,West,Healthcare,66430.0,695,22.79,45,0.144,277057.85,0,B,0,0.7125,295781.12,0.009151547280895168,1928.6341194392407,2025
LN102748,Auto Loan,Central,Retail,101046.0,719,31.74,20,1.573,71055.13,4,B,0,0.05,72417.3,0.018962140997358667,68.65935266240109,2025
LN102749,Retail Term Loan,South,Manufacturing,67889.0,675,47.63,45,0.363,80412.37,0,C,0,0.3885,84790.23,0.022954405385040618,756.1411677550584,2023
LN102750,Retail Term Loan,West,Healthcare,111257.0,657,33.3,35,0.181,212027.62,0,C,0,0.6021,216657.24,0.01818034982331288,2371.6143482434763,2026
LN102751,Credit Card,South,Services,31156.0,733,51.02,43,0.049,73601.82,0,A,0,0.7091,77833.23,0.015936110835079828,879.5385526699657,2024
LN102752,Credit Card,South,Other,181234.0,683,46.71,64,0.237,102940.7,1,B,0,0.6613,116507.49,0.027594917537738156,2126.0891411448456,2025
LN102753,Retail Term Loan,South,Other,40675.0,716,29.03,33,0.19,18936.82,0,B,0,0.7014,19860.63,0.009014145506460396,125.56926332111875,2026
LN102754,SME Loan,West,Manufacturing,116052.0,723,11.58,43,0.894,95743.49,1,A,0,0.05,102563.48,0.005241870707098678,26.881225071505057,2024
LN102755,Credit Card,Central,Healthcare,64572.0,713,29.05,60,0.04,181907.06,0,B,0,0.4736,222706.58,0.009646786408626316,1017.4835703687555,2026
LN102756,SME Loan,South,Technology,70371.0,726,38.84,42,1.612,77401.86,0,A,0,0.05,82754.73,0.007769744163455087,32.14915402079008,2024
LN102757,Credit Card,South,Services,65686.0,635,32.78,105,0.144,177502.99,3,D,0,0.98,226785.51,0.04774038476012252,10610.2909553122,2025
LN102758,Credit Card,Central,Retail,86321.0,631,40.25,53,0.026,118650.39,0,D,0,0.8084,139320.82,0.030052949886117886,3384.7721108633245,2026
LN102759,Auto Loan,East,Retail,96460.0,687,43.22,21,1.369,256974.27,0,B,0,0.05,265599.91,0.013807402670850209,183.36224533557873,2023
LN102760,Credit Card,East,Manufacturing,134234.0,689,38.9,30,0.135,71736.91,2,B,0,0.9294,91014.65,0.027093404638528912,2291.8044306059087,2024
LN102761,SME Loan,West,Healthcare,162692.0,656,28.42,27,1.579,101332.46,0,C,0,0.05,106533.49,0.011018369980236052,58.69127040528889,2026
LN102762,Retail Term Loan,North,Services,90016.0,706,38.76,30,0.199,42894.05,0,B,0,0.7512,43442.89,0.013474686568222111,439.73694996745434,2024
LN102763,Retail Term Loan,Central,Other,192483.0,749,61.06,60,0.0,112509.65,0,A,0,0.7935,116979.26,0.019011068623222143,1764.6652366771966,2025
LN102764,Retail Term Loan,South,Healthcare,78935.0,767,12.63,24,0.039,89335.92,0,AA,0,0.8168,91096.93,0.003399181501184254,252.92620340428886,2022
LN102765,SME Loan,West,Technology,135650.0,782,38.33,41,1.073,234997.28,1,AA,0,0.2567,237329.66,0.006653097371688563,405.32348245147233,2023
LN102766,Auto Loan,East,Manufacturing,94944.0,605,55.82,73,1.188,77492.18,0,D,0,0.05,78183.63,0.0463777904797013,181.29920055412447,2025
LN102767,Credit Card,West,Manufacturing,55447.0,614,16.73,37,0.387,89200.05,0,D,0,0.3828,111956.46,0.015413307388278442,660.5670803215637,2024
LN102768,Credit Card,West,Manufacturing,82861.0,671,45.01,63,0.15,74803.57,1,C,1,0.8869,86867.21,0.02994741764743861,2307.2247790716156,2025
LN102769,SME Loan,North,Retail,98912.0,695,46.75,11,1.281,122303.65,0,B,0,0.05,125327.39,0.014625870415599826,91.65110828326708,2024
LN102770,Retail Term Loan,North,Healthcare,73684.0,675,12.8,40,0.0,482727.39,0,C,0,0.7348,490524.71,0.008376016017687827,3019.0307500376757,2026
LN102771,Credit Card,Central,Manufacturing,94119.0,654,41.26,29,0.24,10371.8,0,C,0,0.4137,12210.38,0.023659954703545965,119.51670450190267,2023
LN102772,SME Loan,East,Healthcare,120716.0,670,28.47,55,1.195,116049.42,0,C,0,0.05,116074.9,0.010645540012297955,61.78399961867419,2025
LN102773,Retail Term Loan,South,Manufacturing,74042.0,721,31.21,25,0.178,273025.33,0,A,0,0.6968,283539.99,0.009236178660201393,1824.797960250356,2024
LN102774,Credit Card,North,Services,18000.0,604,27.78,94,0.025,83705.75,0,D,0,0.6489,98993.65,0.026281270818581386,1688.2294544129418,2026
LN102775,Auto Loan,North,Technology,188771.0,842,49.06,12,1.366,173536.76,0,AA,0,0.05,174501.46,0.0037498000015226273,32.71727874868504,2026
LN102776,Credit Card,Central,Healthcare,63676.0,691,30.54,73,0.302,273596.56,2,B,0,0.5757,300077.3,0.019616433821041675,3388.8272481196022,2023
LN102777,Auto Loan,Central,Healthcare,47688.0,758,25.98,67,0.995,98905.97,0,A,0,0.05,105940.85,0.004440104502786307,23.519422255700437,2025
LN102778,Retail Term Loan,South,Technology,40416.0,652,26.2,55,0.249,75996.9,0,C,0,0.2963,81548.13,0.014981494074430156,361.9935104551673,2025
LN102779,Retail Term Loan,South,Manufacturing,62330.0,727,27.57,49,0.155,230968.41,0,A,0,0.5085,248727.84,0.0078120678738225775,988.0555536242498,2023
LN102780,Retail Term Loan,East,Services,55035.0,697,17.97,89,0.232,169737.24,1,B,0,0.7538,178265.29,0.009776263436360783,1313.6988475085159,2022
LN102781,Retail Term Loan,North,Healthcare,50005.0,746,25.86,102,0.019,114873.69,0,A,0,0.7129,115017.77,0.006381172514274401,523.2316950042393,2023
LN102782,Credit Card,East,Manufacturing,51538.0,677,33.53,43,0.0,184079.03,1,C,0,0.9759,231772.43,0.02052532537356331,4642.555908996675,2025
LN102783,Auto Loan,West,Healthcare,100368.0,791,37.26,51,1.152,235032.53,0,AA,0,0.05,239166.53,0.004446244636981816,53.16964506790253,2024
LN102784,Retail Term Loan,Central,Healthcare,229107.0,593,47.65,36,0.069,115627.96,0,D,0,0.7959,118888.19,0.05315241050138667,5029.446408015032,2023
LN102785,Credit Card,South,Healthcare,117778.0,752,35.13,22,0.086,148608.03,3,A,0,0.712,168735.96,0.017357099952541217,2085.282049395293,2026
LN102786,Credit Card,North,Services,139062.0,698,25.83,58,0.195,172987.47,0,B,0,0.6253,221996.29,0.009666159147652433,1341.8009237710498,2025
LN102787,Auto Loan,North,Services,60941.0,624,18.86,53,1.061,86850.16,0,D,0,0.05,88079.4,0.012620257415692318,55.579235050986505,2026
LN102788,SME Loan,South,Services,79444.0,817,35.83,13,1.49,275633.53,0,AA,0,0.05,296684.87,0.003029488031319554,44.94016313692989,2023
LN102789,Auto Loan,West,Retail,94827.0,810,30.47,58,0.826,58314.87,1,AA,0,0.2583,58737.31,0.004212601829589831,63.91295115923709,2023
LN102790,Credit Card,North,Technology,52182.0,555,30.9,54,0.023,109466.29,0,E,0,0.7949,139122.11,0.045782467441666426,5062.999074488144,2026
LN102791,Retail Term Loan,West,Manufacturing,59343.0,701,35.41,35,0.154,205356.03,0,B,0,0.5958,205761.81,0.0128596553173691,1576.5022634396669,2025
LN102792,Credit Card,East,Technology,120000.0,736,38.75,33,0.096,57282.28,0,A,0,0.6693,63623.23,0.010377063431118728,441.8867809743977,2023
LN102793,SME Loan,West,Services,136613.0,719,35.51,57,1.29,220836.39,1,B,0,0.05,224758.04,0.010538408989659671,118.4296074617144,2024
LN102794,Credit Card,East,Technology,77833.0,789,29.78,83,0.204,137098.21,1,AA,0,0.6456,159301.01,0.005920541336298451,608.8964873580865,2023
LN102795,Auto Loan,North,Services,38867.0,775,21.58,57,0.882,303419.65,0,AA,0,0.0917,314709.0,0.003370886580811389,97.2797932328844,2025
LN102796,Credit Card,North,Other,63746.0,707,24.03,65,0.148,184277.21,0,B,0,0.6293,237954.63,0.008474586648315505,1269.0256950995872,2023
LN102797,Auto Loan,East,Services,33945.0,838,43.03,30,0.617,107077.08,0,AA,0,0.05,108461.87,0.0038982224728242787,21.140424953927273,2022
LN102798,Credit Card,East,Other,78167.0,751,26.49,39,0.191,141120.65,1,A,0,0.7625,150554.61,0.007711010502421204,885.2077364096702,2025
LN102799,Credit Card,Central,Services,86311.0,667,14.5,61,0.219,144713.76,0,C,0,0.6069,177613.07,0.009026240311070464,972.9688812644162,2022
LN102800,SME Loan,Central,Manufacturing,64625.0,654,47.07,18,1.416,494618.54,0,C,0,0.05,515543.49,0.021090033731442658,543.6414797062836,2025
LN102801,Auto Loan,North,Services,85664.0,771,19.75,53,1.335,127329.11,3,AA,0,0.05,133276.21,0.006456368240864269,43.02401447533784,2023
LN102802,Retail Term Loan,South,Retail,94329.0,638,32.46,59,0.07,108950.75,2,D,0,0.8478,113012.87,0.036383162392189326,3485.954877051216,2024
LN102803,Auto Loan,South,Other,86381.0,663,38.39,47,1.805,104654.39,5,C,0,0.05,111523.86,0.048015027216656306,267.7410586603284,2022
LN102804,Retail Term Loan,North,Services,38731.0,674,32.04,55,0.113,136960.27,0,C,0,0.7938,138283.64,0.015118638811528511,1659.566230841188,2023
LN102805,Retail Term Loan,North,Healthcare,65248.0,713,5.0,49,0.18,54242.95,0,B,0,0.5589,58377.99,0.004326201964613644,141.15297554325855,2024
LN102806,Retail Term Loan,North,Healthcare,93963.0,677,37.08,34,0.163,91794.91,0,C,0,0.56,93129.4,0.017006934199692746,886.9535235998449,2024
LN102807,Credit Card,East,Retail,178713.0,604,49.24,22,0.264,59086.19,0,D,0,0.4595,70123.26,0.04806437831065995,1548.712997179205,2024
LN102808,Retail Term Loan,North,Retail,64582.0,766,42.22,46,0.189,64745.66,1,AA,0,0.8435,65943.47,0.01101064720688583,612.4487193581896,2022
LN102809,Retail Term Loan,North,Other,101540.0,664,5.0,77,0.011,210684.52,0,C,0,0.5762,223177.08,0.007243829356016224,931.517581144472,2026
LN102810,Retail Term Loan,North,Healthcare,121568.0,821,59.65,71,0.359,122227.19,0,AA,0,0.514,128079.14,0.008333766220945902,548.6341478174577,2024
LN102811,SME Loan,West,Services,67312.0,710,14.76,40,0.587,71392.45,2,B,0,0.5894,71981.1,0.009237032597070502,391.8872075128212,2024
LN102812,Credit Card,West,Other,141050.0,772,17.98,40,0.095,108017.68,0,AA,0,0.5492,140279.36,0.003787738930107786,291.8128028550626,2026
LN102813,Retail Term Loan,Central,Retail,145283.0,731,42.16,38,0.036,101013.57,0,A,0,0.56,109005.73,0.01231622248284093,751.8217406473134,2022
LN102814,Retail Term Loan,North,Manufacturing,160244.0,775,37.89,38,0.245,124508.79,5,AA,0,0.98,129465.2,0.024482345837857612,3106.2195643600553,2024
LN102815,Auto Loan,South,Healthcare,96508.0,727,33.04,54,0.932,41784.22,0,A,0,0.0856,41859.59,0.00761759289554697,27.295213397769963,2025
LN102816,Retail Term Loan,East,Other,274668.0,705,24.6,71,0.23,55902.49,1,B,0,0.6083,58192.73,0.011180010772298452,395.7571503523096,2023
LN102817,Auto Loan,West,Retail,53468.0,761,49.3,98,1.794,43749.02,4,AA,0,0.05,45776.46,0.020894455694798857,47.8237107667366,2023
LN102818,Auto Loan,North,Healthcare,241225.0,850,31.49,30,1.194,63929.18,1,AA,0,0.05,64931.95,0.002690391074413328,8.734616936212625,2023
LN102819,SME Loan,South,Services,114440.0,672,11.64,62,1.105,72355.13,0,C,0,0.05,72553.13,0.006257791990281928,22.701119789194177,2025
LN102820,Retail Term Loan,East,Other,156758.0,742,48.02,60,0.103,58166.49,0,A,0,0.6228,60433.62,0.013119614316638536,493.7968116193849,2025
LN102821,Credit Card,North,Retail,62895.0,690,34.85,41,0.051,204912.5,0,B,0,0.7274,245690.41,0.014407623573448696,2574.861389455477,2024
LN102822,Retail Term Loan,South,Services,119337.0,723,46.5,25,0.173,435047.79,3,A,0,0.98,443681.65,0.031885088024978,13863.89189601113,2022
LN102823,SME Loan,West,Technology,164404.0,693,39.44,54,0.322,213876.53,0,B,0,0.5986,220193.58,0.015106448553238028,1991.1489126307486,2023
LN102824,SME Loan,East,Services,41241.0,550,63.09,95,1.128,80778.62,0,E,0,0.05,86622.72,0.09604240276850833,415.97270815718616,2024
LN102825,Credit Card,East,Technology,68557.0,677,27.97,54,0.067,139020.7,2,C,0,0.8513,163103.24,0.02193236888885052,3045.3047752043526,2023
LN102826,Auto Loan,East,Healthcare,23099.0,755,32.21,31,1.155,114549.0,0,A,0,0.05,119766.06,0.005350730516484587,32.0417956040562,2025
LN102827,Retail Term Loan,Central,Retail,67993.0,640,41.36,45,0.051,78360.32,0,C,0,0.7752,80418.31,0.02840579547687056,1770.8250707163616,2022
LN102828,Credit Card,East,Healthcare,47879.0,750,28.05,23,0.234,303321.61,0,A,0,0.6558,339549.89,0.0062302053347602976,1387.3222985712796,2024
LN102829,Credit Card,East,Retail,66534.0,702,42.43,48,0.001,489087.25,0,B,0,0.6432,557900.17,0.016532024648411612,5932.374693505276,2026
LN102830,Retail Term Loan,Central,Other,374463.0,678,5.0,63,0.307,42883.42,0,C,0,0.3878,43234.29,0.005867386349613652,98.3741113401241,2024
LN102831,Auto Loan,North,Services,192921.0,749,31.05,33,1.233,328875.36,0,A,0,0.05,330108.15,0.005354881738520759,88.3845052085936,2025
LN102832,Auto Loan,North,Healthcare,33981.0,734,30.66,6,1.139,79344.96,0,A,0,0.05,83258.9,0.006260172596620146,26.060754210236855,2023
LN102833,Credit Card,East,Technology,101814.0,717,30.19,54,0.218,99869.97,0,B,0,0.4962,120156.76,0.009197021546767527,548.34283497419,2025
LN102834,Credit Card,South,Other,116385.0,756,20.6,37,0.023,146257.1,0,A,0,0.929,161760.54,0.004895317590104788,735.6465024507229,2024
LN102835,Credit Card,South,Services,62280.0,703,43.78,31,0.234,354550.95,0,B,0,0.5255,385920.61,0.016104832729757657,3266.080700718929,2024
LN102836,Credit Card,North,Services,82728.0,583,25.44,31,0.095,146110.95,0,D,0,0.5439,157908.05,0.029257363361034936,2512.8034215668167,2023
LN102837,Retail Term Loan,Central,Other,87294.0,665,34.6,57,0.119,160166.19,1,C,0,0.7244,165923.2,0.023077649359229912,2773.8126664089014,2022
LN102838,Auto Loan,West,Other,35761.0,573,31.52,39,0.988,218077.08,0,E,0,0.05,223356.05,0.03104226875538591,346.67392661207066,2023
LN102839,Retail Term Loan,West,Healthcare,42532.0,733,38.5,68,0.311,243542.26,0,A,0,0.571,246192.1,0.010028582886228429,1409.774949928028,2025
LN102840,Credit Card,North,Retail,82455.0,748,50.6,69,0.033,171620.54,1,A,0,0.8913,216145.28,0.017733060561550437,3416.279225439049,2026
LN102841,Auto Loan,South,Retail,79215.0,751,34.54,42,1.305,244601.66,1,A,0,0.05,244873.56,0.007486536242686767,91.66273909078663,2023
LN102842,Auto Loan,West,Technology,50794.0,722,42.94,37,0.938,78962.12,0,A,0,0.05,83269.1,0.01092913186002108,45.50294868826407,2023
LN102843,Retail Term Loan,East,Healthcare,48452.0,753,33.88,51,0.259,35635.95,1,A,0,0.6957,38361.86,0.009402166347504523,250.9282686505613,2024
LN102844,Retail Term Loan,West,Services,71387.0,588,25.42,45,0.382,430518.56,0,D,0,0.6555,443939.06,0.02595285771824953,7552.33489876838,2024
LN102845,Auto Loan,West,Manufacturing,122104.0,683,30.16,9,0.69,58038.82,0,B,0,0.0883,61416.2,0.011282324720786765,61.18461626693204,2025
LN102846,Retail Term Loan,East,Manufacturing,71910.0,598,28.31,90,0.164,82582.66,0,D,0,0.5528,82955.22,0.027303340298047117,1252.0669035208964,2024
LN102847,Retail Term Loan,West,Retail,183092.0,667,39.39,64,0.111,95146.96,5,C,0,0.98,97743.78,0.07202661937222103,6899.350957300869,2025
LN102848,Credit Card,South,Healthcare,51151.0,795,33.39,38,0.254,84332.69,2,AA,0,0.8543,100538.0,0.00803910194273613,690.4753579447951,2022
LN102849,Auto Loan,North,Retail,83404.0,761,21.67,6,1.416,72181.85,0,AA,0,0.05,75906.52,0.00337265443612039,12.800323070423056,2025
LN102850,Auto Loan,Central,Technology,61721.0,733,29.11,44,0.866,166002.2,0,A,0,0.05,169984.79,0.0064530442177456815,54.8459683107107,2025
LN102851,Auto Loan,North,Retail,103634.0,678,12.16,35,0.993,167243.65,0,C,0,0.05,175908.56,0.0061804519249889665,54.35971991370186,2026
LN102852,Credit Card,South,Services,48794.0,625,29.6,47,0.374,185202.09,0,D,0,0.5268,224715.95,0.020886366432909795,2472.5356288002395,2025
LN102853,Retail Term Loan,North,Healthcare,216493.0,702,32.02,6,0.0,177244.77,0,B,0,0.594,179443.96,0.011899325942635966,1268.3457280755342,2025
LN102854,Credit Card,South,Healthcare,29596.0,762,55.51,38,0.188,89641.16,0,AA,0,0.6978,95756.9,0.013439608437765517,898.0234113193167,2025
LN102855,SME Loan,South,Other,192675.0,717,49.53,39,0.962,89538.04,1,B,0,0.4195,94447.21,0.018190918392500175,720.7351848491625,2022
LN102856,Credit Card,North,Healthcare,78805.0,587,18.56,44,0.145,262677.5,0,D,0,0.6204,331276.88,0.022440385258751527,4612.04169732647,2024
LN102857,Auto Loan,East,Retail,101628.0,697,34.62,43,0.962,83306.13,0,B,0,0.05,88484.03,0.010601571411243526,46.90348813998072,2026
LN102858,Credit Card,Central,Healthcare,156253.0,566,34.85,49,0.156,82155.67,0,E,0,0.6153,102134.48,0.04516218390583668,2838.1427287161696,2026
LN102859,Auto Loan,North,Retail,120205.0,742,29.0,81,1.022,230013.97,2,A,0,0.064,230359.12,0.00955479183120321,140.86614003322623,2026
LN102860,Auto Loan,Central,Other,50198.0,645,29.83,37,1.231,118449.07,1,C,0,0.05,122451.58,0.018126667247532504,110.98195222973033,2025
LN102861,Auto Loan,East,Technology,104328.0,610,27.4,28,0.866,84263.19,1,D,0,0.05,86340.85,0.025666129547129674,110.80177206546458,2023
LN102862,Retail Term Loan,East,Other,209474.0,743,56.35,10,0.0,84822.44,0,A,0,0.9139,90071.92,0.017353978399131588,1428.5227141847492,2025
LN102863,Retail Term Loan,East,Services,46038.0,726,26.59,37,0.335,263545.02,0,A,0,0.4781,277420.59,0.007300455228059804,968.2943028521189,2025
LN102864,Auto Loan,South,Manufacturing,240477.0,705,36.43,17,1.349,180857.3,0,B,0,0.05,188248.5,0.009418896651044466,88.65465831070722,2022
LN102865,Retail Term Loan,North,Manufacturing,92724.0,832,5.0,69,0.0,141608.57,0,AA,0,0.6292,145720.53,0.0014350616627077117,131.5770116687849,2022
LN102866,Auto Loan,East,Technology,59099.0,731,42.71,46,1.414,53040.42,0,A,0,0.05,53465.09,0.008810960745119362,23.553940461213685,2025
LN102867,Auto Loan,Central,Other,45887.0,648,47.4,69,0.902,142030.72,0,C,0,0.05,145587.05,0.02567810886557008,186.92000596585973,2025
LN102868,SME Loan,East,Technology,66333.0,724,18.32,80,1.087,103392.8,0,A,0,0.05,108382.04,0.004713475916320139,25.542806765082297,2023
LN102869,Retail Term Loan,East,Healthcare,25587.0,671,25.35,29,0.318,63356.65,0,C,0,0.4661,64847.68,0.011949965640647162,361.19373006485546,2026
LN102870,Credit Card,West,Retail,59686.0,772,37.87,40,0.187,78757.67,0,AA,0,0.6841,89847.73,0.006976320602627473,428.79837446743426,2023
LN102871,Auto Loan,South,Other,64902.0,708,32.25,77,0.716,195351.71,0,B,0,0.1188,195595.76,0.00942346841547264,218.97102742737158,2023
LN102872,Retail Term Loan,North,Other,41536.0,715,38.06,52,0.28,286342.22,0,B,0,0.5166,307145.25,0.011844858429501165,1879.4383290306973,2024
LN102873,Retail Term Loan,East,Services,113160.0,596,28.27,59,0.214,57243.03,0,D,0,0.5337,58265.21,0.027441062304976976,853.3111858999042,2024
LN102874,Retail Term Loan,Central,Other,66498.0,694,56.22,71,0.297,62527.33,2,B,0,0.5178,67191.98,0.04245322980638616,1477.0330789549841,2024
LN102875,Retail Term Loan,South,Manufacturing,52868.0,686,23.29,68,0.0,195075.42,0,B,0,0.7361,195426.82,0.01051687832138937,1512.8916718022497,2025
LN102876,Retail Term Loan,Central,Technology,62712.0,623,66.99,57,0.028,90112.3,0,D,0,0.8461,93188.19,0.07310605891019095,5764.158888592248,2023
LN102877,Auto Loan,Central,Retail,91177.0,676,48.15,79,0.953,176693.78,0,C,0,0.05,183684.52,0.019908391384632726,182.8431657729199,2024
LN102878,Auto Loan,South,Services,78082.0,718,42.82,46,1.229,89267.87,0,B,0,0.05,92085.09,0.010502040992647869,48.354069499583424,2024
LN102879,Retail Term Loan,East,Other,51006.0,690,18.47,59,0.311,179717.81,2,B,0,0.6164,181126.56,0.013503460162852894,1507.6128711500219,2026
LN102880,Retail Term Loan,West,Technology,80367.0,598,43.83,44,0.077,45873.14,0,D,0,0.7084,49088.21,0.04508969804487451,1567.953126082665,2025
LN102881,Retail Term Loan,East,Manufacturing,72938.0,672,39.85,70,0.109,176270.98,2,C,0,0.7716,189227.18,0.03295444122001316,4811.601906583776,2026
LN102882,Auto Loan,West,Manufacturing,40076.0,660,5.0,33,0.991,27605.79,0,C,0,0.1842,29271.51,0.005853582776407033,31.561418688033513,2026
LN102883,Retail Term Loan,Central,Manufacturing,63995.0,703,13.74,11,0.095,229343.2,3,B,0,0.7868,231324.82,0.014068137702320616,2560.4906530128605,2022
LN102884,Auto Loan,West,Services,103144.0,696,36.65,62,0.793,117176.14,1,B,0,0.0918,119536.63,0.015453878568791152,169.58255902500312,2024
LN102885,Retail Term Loan,Central,Manufacturing,102736.0,663,30.27,26,0.105,163425.05,0,C,0,0.6853,167271.76,0.015910983543835786,1823.8973186515002,2026
LN102886,Retail Term Loan,Central,Services,66089.0,661,25.29,23,0.197,141666.58,0,C,0,0.4836,152365.48,0.013535943964822071,997.3817658955762,2025
LN102887,SME Loan,Central,Healthcare,108822.0,694,46.03,76,1.265,36357.44,0,B,0,0.05,38683.38,0.014492978552518021,28.031869833945226,2026
LN102888,Retail Term Loan,Central,Other,43751.0,753,20.51,69,0.066,312395.81,5,A,0,0.98,323293.26,0.018291223829903305,5795.160793731942,2022
LN102889,Retail Term Loan,South,Healthcare,44502.0,708,26.08,40,0.113,151658.6,0,B,0,0.6359,157775.66,0.009039352953364522,906.9141435410443,2024
LN102890,Retail Term Loan,North,Retail,65320.0,782,23.59,6,0.095,203755.71,0,AA,0,0.6267,216759.0,0.004114152078796191,558.878206663626,2022
LN102891,SME Loan,North,Healthcare,170912.0,764,38.63,60,0.939,68582.68,0,AA,0,0.05,68924.01,0.006364159164601466,21.93216849512915,2023
LN102892,Credit Card,South,Other,82046.0,787,9.65,63,0.203,142029.47,0,AA,0,0.6102,150760.3,0.0024419637902165694,224.64585833605452,2024
LN102893,Credit Card,West,Manufacturing,64459.0,779,25.53,59,0.339,47969.39,1,AA,0,0.4638,58044.62,0.00549907534729076,148.04112849479816,2026
LN102894,SME Loan,East,Other,175346.0,792,9.6,58,1.352,133213.14,1,AA,0,0.05,142940.83,0.0022464681633041143,16.05560119156328,2025
LN102895,Retail Term Loan,East,Healthcare,64051.0,615,27.93,44,0.051,62165.25,0,D,0,0.4827,64361.42,0.02364336030588954,734.5343612278873,2024
LN102896,SME Loan,North,Retail,256362.0,732,41.4,39,0.797,1500000.0,4,A,0,0.5747,1521538.66,0.027602624402875454,24136.51504615586,2025
LN102897,Retail Term Loan,West,Retail,56615.0,769,41.63,24,0.065,183296.14,3,AA,0,0.9477,197654.96,0.018215345737933885,3412.0549486602176,2025
LN102898,Credit Card,South,Retail,42993.0,781,22.54,33,0.0,304628.72,1,AA,0,0.9605,355674.58,0.005349956474398331,1827.681202928936,2022
LN102899,Auto Loan,West,Manufacturing,68442.0,640,38.93,55,1.204,100763.98,0,C,0,0.05,104860.5,0.019681228959980906,103.18917546790388,2025
LN102900,Auto Loan,North,Services,65398.0,733,29.59,55,1.608,158664.93,3,A,0,0.05,170400.1,0.011854678149070264,101.0019171034694,2022
LN102901,SME Loan,South,Services,48098.0,695,49.69,65,1.099,226157.54,0,B,0,0.05,229461.06,0.0168082799853395,192.84228711063932,2024
LN102902,Retail Term Loan,North,Manufacturing,313743.0,810,30.31,17,0.0,56631.29,0,AA,0,0.6083,60095.38,0.003988049773023506,145.7872258837775,2024
LN102903,SME Loan,South,Technology,89365.0,600,5.0,11,1.187,74939.82,5,D,1,0.2703,79575.72,0.036000450264634054,774.3451010608,2026
LN102904,Auto Loan,Central,Retail,96817.0,640,43.63,40,1.165,237043.63,0,C,0,0.05,248278.23,0.023034950471338966,285.95383655808524,2023
LN102905,Credit Card,East,Services,58175.0,572,26.03,26,0.148,103013.02,0,E,0,0.5153,123404.28,0.03260507863637362,2073.36430241055,2025
LN102906,SME Loan,East,Services,54586.0,699,28.44,52,1.164,71102.91,2,B,0,0.05,72701.04,0.013664851315776603,49.672445105116374,2023
LN102907,Retail Term Loan,South,Other,131834.0,837,36.37,19,0.163,77154.55,0,AA,0,0.6263,81126.58,0.0035762465855864686,181.70757645446005,2024
LN102908,SME Loan,South,Healthcare,29838.0,687,13.48,74,0.949,50996.67,0,B,0,0.0879,52313.59,0.005978051185282562,27.489258714247374,2026
LN102909,Auto Loan,West,Retail,40001.0,697,32.97,30,0.958,30445.87,0,B,0,0.1573,30762.83,0.010071080768894394,48.73389094441644,2024
LN102910,Credit Card,Central,Healthcare,65462.0,726,38.95,83,0.131,36605.56,1,A,0,0.4727,40550.48,0.014771844164700752,283.1498390436752,2025
LN102911,Retail Term Loan,West,Retail,157679.0,682,36.73,60,0.186,123901.17,0,B,0,0.6665,131823.93,0.01594419849453093,1400.8676330150588,2026
LN102912,Auto Loan,West,Services,61038.0,714,24.21,25,1.454,192024.54,0,B,0,0.05,196597.18,0.005699217060652351,56.022500116607056,2023
LN102913,Credit Card,East,Healthcare,94290.0,715,44.9,94,0.056,699766.1,3,B,0,0.9661,851994.77,0.03367408207670733,27717.54600641399,2024
LN102914,Auto Loan,North,Healthcare,76153.0,635,19.03,54,1.346,116573.52,1,D,0,0.05,118793.7,0.013772759660189655,81.8058539622336,2025
LN102915,Retail Term Loan,West,Technology,152999.0,684,23.87,52,0.084,48985.27,0,B,0,0.6212,51204.59,0.01068750088271997,339.95114143206393,2024
LN102916,Retail Term Loan,Central,Technology,31371.0,738,30.23,47,0.105,117632.82,0,A,0,0.502,124103.2,0.007747520195512846,482.66900826054047,2024
LN102917,SME Loan,East,Manufacturing,112423.0,750,35.84,58,1.543,196280.24,2,A,0,0.05,202622.66,0.009622884402554033,97.49072172590046,2025
LN102918,Retail Term Loan,North,Technology,67228.0,774,27.78,60,0.105,246809.81,0,AA,0,0.6994,263740.12,0.0050669593850356295,934.6505170853496,2026
LN102919,Credit Card,West,Technology,124733.0,712,47.97,29,0.274,230597.78,4,B,0,0.8739,256382.64,0.04642925354690878,10402.603752830264,2024
LN102920,SME Loan,Central,Retail,47793.0,713,35.84,43,1.126,179187.75,0,B,0,0.05,192712.95,0.0090637281565167,87.33488955201977,2023
LN102921,Retail Term Loan,South,Services,76013.0,739,32.98,51,0.026,128277.7,1,A,0,0.9379,134921.01,0.011091977767015232,1403.6056568590766,2025
LN102922,Retail Term Loan,North,Other,70889.0,651,35.38,61,0.0,200990.93,3,C,0,0.98,213039.68,0.04619905685056701,9645.38764199167,2025
LN102923,Credit Card,West,Retail,43213.0,649,41.53,61,0.334,52358.65,0,C,0,0.2411,67538.43,0.024429759700508823,397.8023700849073,2025
LN102924,Retail Term Loan,South,Services,37087.0,682,35.13,52,0.264,29422.89,0,B,0,0.6359,31776.61,0.014860964674702189,300.2917429401082,2026
LN102925,Auto Loan,West,Healthcare,54503.0,607,8.48,36,0.675,519448.98,0,D,0,0.2303,526288.97,0.011796138534127929,1429.7433010735356,2023
LN102926,Credit Card,West,Retail,80556.0,716,46.16,35,0.266,116114.61,0,B,0,0.2341,136911.69,0.015212534693715377,487.57735456285786,2025
LN102927,Auto Loan,South,Technology,49461.0,758,33.56,22,1.032,174377.15,0,A,0,0.05,178058.74,0.0056012335738066105,49.8674296298851,2023
LN102928,Auto Loan,North,Technology,62549.0,644,40.9,61,2.0,16882.37,0,C,0,0.05,17247.49,0.016471728821623358,14.204798906683035,2023
LN102929,Credit Card,East,Retail,26584.0,718,26.72,34,0.026,353866.99,0,B,0,0.7567,457512.4,0.008569268160268845,2966.677492849201,2025
LN102930,Auto Loan,East,Manufacturing,61168.0,649,8.25,44,1.479,269507.87,0,C,0,0.05,281863.04,0.0063674844121880325,89.7379256785966,2023
LN102931,Retail Term Loan,Central,Services,131691.0,624,5.0,53,0.106,40107.69,0,D,0,0.4892,40440.41,0.010380860510690341,205.36922004634803,2022
LN102932,Auto Loan,South,Other,110536.0,824,19.72,48,1.259,96098.82,1,AA,0,0.05,103243.67,0.002334408514375383,12.050645115168116,2024
LN102933,SME Loan,South,Technology,71499.0,625,38.72,48,0.622,144582.64,0,D,0,0.1728,146247.64,0.026103793488790734,659.6844237129045,2024
LN102934,Credit Card,Central,Retail,85755.0,607,48.87,28,0.155,49543.11,0,D,0,0.5365,54484.25,0.04748388704772967,1387.9920114502625,2022
LN102935,Auto Loan,West,Services,47558.0,704,35.93,54,1.302,168953.21,0,B,0,0.05,178120.94,0.009473187570121005,84.36865373931347,2024
LN102936,Retail Term Loan,West,Healthcare,183264.0,707,18.32,41,0.196,249492.71,0,B,0,0.6724,265985.53,0.006980316113081178,1248.420255600816,2024
LN102937,Retail Term Loan,Central,Other,233868.0,733,21.81,46,0.092,150570.88,0,A,0,0.83,158254.77,0.00623839402041797,819.4221570226154,2024
LN102938,Retail Term Loan,West,Healthcare,82117.0,820,49.69,73,0.153,40090.29,0,AA,0,0.5012,41312.62,0.006460954497058209,133.77978173669757,2024
LN102939,Retail Term Loan,Central,Technology,311801.0,639,14.96,59,0.204,58077.84,0,D,1,0.5373,59019.52,0.012025148193479464,381.33173624570185,2023
LN102940,SME Loan,West,Retail,51593.0,652,59.32,35,0.9,110038.87,0,C,0,0.05,114790.12,0.0358415352268428,205.71270648367562,2025
LN102941,Retail Term Loan,East,Other,37690.0,795,56.39,45,0.295,100765.09,0,AA,0,0.3231,101030.15,0.009803496058433408,320.0139676381941,2026
LN102942,Credit Card,North,Other,50764.0,751,59.75,83,0.148,102208.14,0,A,0,0.5641,129446.68,0.01723946279156465,1258.8406090926242,2025
LN102943,Retail Term Loan,West,Retail,66471.0,742,36.95,41,0.31,99706.95,3,A,0,0.6594,101085.68,0.019097928102425086,1272.9895359950397,2023
LN102944,Retail Term Loan,West,Other,267501.0,652,27.56,49,0.011,33943.02,0,C,0,0.6504,35694.32,0.016614328291291343,385.71136275960987,2024
LN102945,Auto Loan,Central,Healthcare,64254.0,763,36.63,63,0.99,210913.91,0,AA,0,0.05,217863.01,0.0059505360973824695,64.82008526446991,2023
LN102946,Retail Term Loan,West,Other,46744.0,742,43.81,53,0.061,186153.31,0,A,0,0.8251,197459.48,0.011605852238892534,1890.8697456948632,2024
LN102947,Credit Card,East,Manufacturing,45757.0,702,23.54,40,0.087,172976.08,0,B,0,0.5621,202874.78,0.008891933094229493,1013.9997161868154,2026
LN102948,SME Loan,East,Manufacturing,140401.0,652,17.68,32,1.221,162112.82,0,C,0,0.05,168581.67,0.008922626655209053,75.20956511608283,2022
LN102949,SME Loan,North,Services,129801.0,697,28.31,48,1.047,98358.06,0,B,0,0.05,103533.94,0.008489683292856418,43.94851803307994,2026
LN102950,Retail Term Loan,North,Healthcare,57425.0,797,21.96,62,0.41,78456.32,1,AA,0,0.4319,79848.37,0.004050479913030677,139.68692008816294,2024
LN102951,Credit Card,North,Manufacturing,26731.0,619,48.13,77,0.202,58860.04,0,D,0,0.4302,75238.35,0.041057906683345545,1328.943361753485,2025
LN102952,Retail Term Loan,Central,Manufacturing,40317.0,638,23.99,16,0.08,353378.54,0,D,0,0.6958,355378.65,0.016668975518599152,4121.778660007903,2024
LN102953,SME Loan,West,Manufacturing,193286.0,649,33.24,87,1.09,118289.58,1,C,0,0.05,121540.83,0.02013294317299292,122.34873117941966,2024
LN102954,Auto Loan,South,Services,109545.0,663,44.78,42,1.032,37527.95,5,C,0,0.4881,37700.04,0.07027996421906116,1293.2489973277268,2025
LN102955,Retail Term Loan,East,Other,77749.0,689,48.64,68,0.233,117570.95,3,B,0,0.98,123083.09,0.0460579064096122,5555.570451029357,2022
LN102956,Retail Term Loan,East,Healthcare,209630.0,752,34.71,32,0.12,27896.75,5,A,0,0.98,28746.35,0.028419588709137775,800.6202550111441,2023
LN102957,Retail Term Loan,South,Healthcare,220207.0,720,37.0,13,0.191,142750.5,0,A,0,0.5228,143400.74,0.011169075314492164,837.3445361738317,2025
LN102958,Retail Term Loan,East,Services,73532.0,694,18.78,19,0.17,132631.85,0,B,0,0.4027,139707.96,0.00808007054194815,454.5879642932616,2025
LN102959,SME Loan,South,Technology,74279.0,708,45.3,41,0.968,82117.2,0,B,0,0.0526,88411.71,0.01336338772603049,62.14584590922191,2024
LN102960,Credit Card,West,Healthcare,54454.0,731,48.43,60,0.254,62168.53,0,A,0,0.4985,77681.74,0.014206528382368815,550.1385402847447,2026
LN102961,SME Loan,West,Technology,64133.0,581,7.69,49,1.149,177894.38,1,D,0,0.05,181032.35,0.016944588954862824,153.37593791414307,2022
LN102962,Retail Term Loan,North,Other,33116.0,760,54.92,42,0.16,113225.35,0,AA,0,0.62,115694.83,0.013542018270484278,971.3797310295549,2026
LN102963,Auto Loan,East,Technology,33042.0,636,22.89,73,0.93,30824.32,0,D,0,0.1709,32501.3,0.013217035210568663,73.41365424701372,2024
LN102964,Retail Term Loan,Central,Services,29079.0,661,39.73,48,0.015,278721.84,3,C,0,0.98,287338.19,0.047935337100713696,13498.179939567743,2026
LN102965,Auto Loan,Central,Technology,136166.0,712,33.01,54,1.032,62153.73,0,B,0,0.05,65906.21,0.008567893735492436,28.233870189452453,2024
LN102966,Retail Term Loan,West,Other,31776.0,685,31.22,116,0.088,47692.12,0,B,0,0.5567,49458.24,0.013347426870504248,367.50007246746014,2025
LN102967,Retail Term Loan,West,Healthcare,219196.0,722,29.32,48,0.126,310617.98,4,A,0,0.98,311200.76,0.024628964540063258,7511.2614332231215,2026
LN102968,Auto Loan,North,Retail,50188.0,699,19.1,33,0.904,251942.19,0,B,0,0.05,255447.53,0.006444259149022934,82.30850411489051,2026
LN102969,Retail Term Loan,Central,Technology,195006.0,671,38.81,59,0.204,89401.33,2,C,0,0.6933,91690.33,0.031452275151282474,1999.3867159415813,2022
LN102970,Auto Loan,West,Other,61357.0,789,28.28,64,0.935,49936.47,0,AA,0,0.05,52470.27,0.0035982175807862593,9.439972399130092,2025
LN102971,Credit Card,Central,Healthcare,31693.0,736,14.98,55,0.308,63477.59,0,A,0,0.5459,69532.73,0.004611190781475431,175.03119837004513,2024
LN102972,Retail Term Loan,Central,Technology,151952.0,710,18.54,51,0.113,88344.38,0,B,0,0.7314,92868.1,0.006976420345305698,473.8644803201933,2023
LN102973,SME Loan,South,Services,162149.0,735,15.2,81,1.313,281134.04,0,A,0,0.05,282522.16,0.0036201468930468182,51.1385859870438,2025
LN102974,Auto Loan,North,Other,45566.0,644,25.18,78,1.159,297075.7,0,C,0,0.05,305848.06,0.012416897060445506,189.88419385784806,2024
LN102975,Credit Card,West,Other,62495.0,831,38.31,45,0.155,134784.49,0,AA,0,0.7028,158962.57,0.004040009417278589,451.3453846397903,2025
LN102976,Credit Card,East,Manufacturing,45572.0,619,22.76,34,0.0,189156.49,0,D,1,0.6893,215404.58,0.019606656035783484,2911.1644664727455,2025
LN102977,Credit Card,North,Manufacturing,70189.0,697,44.68,57,0.271,103641.35,0,B,0,0.5704,125985.55,0.017378751681784935,1248.8745943331444,2025
LN102978,Credit Card,South,Manufacturing,79582.0,671,30.45,34,0.14,65138.45,0,C,0,0.8452,69034.54,0.014694396732343682,857.3885607344465,2024
LN102979,SME Loan,Central,Retail,61820.0,669,28.24,67,1.457,41974.94,0,C,0,0.05,42005.11,0.009978409124266218,20.957208644490308,2024
LN102980,Credit Card,South,Manufacturing,27580.0,660,32.22,57,0.054,150435.47,0,C,0,0.6403,174357.92,0.017637379435832105,1969.0613123545788,2024
LN102981,Retail Term Loan,South,Other,54489.0,640,50.14,107,0.226,225372.19,0,C,0,0.5506,230089.18,0.035706772854689386,4523.587592871906,2025
LN102982,Retail Term Loan,West,Other,110435.0,767,14.17,80,0.238,83934.47,5,AA,0,0.98,86301.23,0.012539718922082528,1060.5493034933963,2026
LN102983,Credit Card,West,Services,66859.0,612,53.53,24,0.085,275546.79,4,D,0,0.9563,336318.66,0.13867339556223035,44600.350283093074,2023
LN102984,Retail Term Loan,South,Healthcare,62639.0,754,44.48,37,0.014,91655.45,0,A,0,0.7677,95163.99,0.010695249079046157,781.367037906777,2023
LN102985,Retail Term Loan,Central,Manufacturing,44950.0,732,31.72,6,0.163,127245.12,0,A,0,0.5756,131646.44,0.008478644782928558,642.4751660168608,2025
LN102986,Retail Term Loan,East,Healthcare,53622.0,665,47.38,6,0.181,102795.56,0,C,0,0.4759,106131.07,0.026208197417266422,1323.717770097417,2024
LN102987,Auto Loan,North,Retail,162782.0,725,27.81,51,1.492,285150.12,0,A,0,0.05,302597.48,0.005693760289817683,86.14587577114501,2022
LN102988,Retail Term Loan,South,Manufacturing,40069.0,680,35.71,22,0.094,169416.6,2,B,0,0.98,176123.23,0.026975251224613812,4655.949008225632,2022
LN102989,Credit Card,Central,Retail,111491.0,618,24.96,84,0.138,115195.9,0,D,0,0.4263,135087.01,0.02048189279365859,1179.502893023878,2025
LN102990,Credit Card,North,Healthcare,76966.0,619,44.56,73,0.152,126610.32,0,D,0,0.8903,157328.73,0.03724105619424223,5216.346113082369,2024
LN102991,Credit Card,North,Other,85810.0,733,22.81,42,0.247,52209.5,0,A,0,0.5876,57328.11,0.006189045242178289,208.48416215930587,2025
LN102992,Retail Term Loan,West,Manufacturing,50134.0,729,31.33,41,0.283,25130.49,0,A,0,0.3625,25245.22,0.008358026471305936,76.48757867480398,2025
LN102993,Auto Loan,East,Other,61807.0,706,40.83,81,1.483,82719.14,0,B,0,0.05,87825.37,0.010365909900629832,45.51949362047391,2024
LN102994,Auto Loan,South,Services,74764.0,665,45.63,86,1.63,104761.2,0,C,0,0.05,104849.22,0.01719687387258334,90.15394059893713,2025
LN102995,Auto Loan,East,Retail,56324.0,678,21.32,27,1.075,174056.35,4,C,0,0.2949,184424.61,0.022879809163347694,1244.3600051501408,2024
LN102996,Credit Card,North,Manufacturing,89997.0,669,41.79,25,0.251,107051.93,0,C,0,0.5656,115556.98,0.020811890087243393,1360.2449046141317,2026
LN102997,Retail Term Loan,South,Other,96455.0,576,19.23,41,0.091,86404.83,0,E,0,0.7786,91292.57,0.02577618521010663,1832.1814263790895,2026
LN102998,SME Loan,South,Healthcare,247764.0,694,5.0,57,1.647,15244.17,0,B,0,0.05,15542.47,0.003562403871385828,2.7684277649449047,2025
LN102999,Retail Term Loan,East,Technology,87400.0,724,22.28,37,0.012,173559.89,2,A,0,0.8109,180857.55,0.01187719981805173,1741.8790936961161,2024
LN103000,Credit Card,West,Healthcare,26200.0,694,42.85,58,0.386,139101.83,0,B,0,0.4969,164068.44,0.016394096906601856,1336.5387152330038,2026
LN103001,Auto Loan,Central,Other,142188.0,805,31.84,91,1.248,212125.94,0,AA,0,0.05,215734.27,0.003187062422779279,34.37792926113596,2024
LN103002,Retail Term Loan,North,Manufacturing,67045.0,625,25.05,17,0.239,122312.03,0,D,1,0.6638,122564.76,0.018733120369100267,1524.098342907266,2024
LN103003,Credit Card,South,Services,226795.0,647,32.72,38,0.294,267814.75,1,C,0,0.4424,310525.01,0.02468279888017209,3390.8307056869326,2026
LN103004,Retail Term Loan,South,Manufacturing,168426.0,699,32.29,17,0.196,81623.62,0,B,0,0.4768,86218.06,0.011748276804841685,482.95722090883476,2025
LN103005,Credit Card,East,Retail,56803.0,706,40.08,30,0.0,116641.03,0,B,0,0.7608,138755.64,0.01477944609370104,1560.1965263997727,2024
LN103006,Auto Loan,East,Retail,111557.0,566,11.05,42,1.01,142002.87,0,E,0,0.05,145887.48,0.017377171238970507,126.75558607909427,2022
LN103007,Retail Term Loan,Central,Manufacturing,54099.0,729,30.67,32,0.186,190454.3,0,A,0,0.4151,196811.28,0.008390452752205608,685.4694681401542,2025
LN103008,Retail Term Loan,Central,Technology,75111.0,706,33.62,59,0.214,160610.12,5,B,0,0.98,161110.37,0.04127182005449999,6516.331835562834,2022
LN103009,Credit Card,West,Manufacturing,108775.0,552,14.25,51,0.132,167637.49,0,E,0,0.7684,182865.37,0.027386361911102153,3848.1604194211295,2022
LN103010,Retail Term Loan,North,Healthcare,138329.0,682,14.07,55,0.157,144843.55,0,B,0,0.576,145931.94,0.00783226462624419,658.3550811846852,2023
LN103011,SME Loan,North,Healthcare,122713.0,637,27.26,41,0.935,104857.18,0,D,0,0.1381,113190.31,0.015011569815799437,234.6545816872071,2025
LN103012,Credit Card,Central,Healthcare,78158.0,661,32.11,43,0.327,225512.57,0,C,0,0.6678,275560.88,0.01624322314178453,2989.070705102391,2026
LN103013,Credit Card,Central,Manufacturing,293939.0,603,32.16,40,0.112,37168.95,0,D,0,0.8504,47945.22,0.029752900831687322,1213.1035733618223,2022
LN103014,Retail Term Loan,South,Other,61358.0,717,24.77,43,0.229,77252.79,0,B,0,0.5445,80215.36,0.007719471759140085,337.16540225915946,2025
LN103015,Credit Card,North,Technology,30986.0,805,24.23,57,0.29,365688.19,1,AA,0,0.8562,464932.32,0.004157919290088238,1655.1639392103193,2024
LN103016,SME Loan,West,Other,34446.0,707,26.86,6,1.616,74939.55,0,B,0,0.05,78940.98,0.006363517649783931,25.117115976062014,2025
LN103017,Retail Term Loan,East,Healthcare,168712.0,550,35.88,54,0.163,113611.52,0,E,0,0.98,114814.22,0.053908346274752196,6065.655834445067,2025
LN103018,Retail Term Loan,Central,Technology,71904.0,709,48.18,29,0.178,317016.41,0,B,1,0.5517,322400.22,0.017723510644696027,3152.4489604050254,2025
LN103019,Retail Term Loan,East,Manufacturing,81857.0,677,5.0,41,0.124,109861.82,0,C,0,0.5876,115622.72,0.0062092726831504555,421.8574289476227,2025
LN103020,Auto Loan,West,Healthcare,55651.0,618,40.1,14,0.795,66938.49,5,D,1,0.6239,72013.96,0.09663048635861375,4341.560368753748,2022
LN103021,Credit Card,West,Retail,58469.0,713,30.56,40,0.083,277645.22,2,B,0,0.7399,339926.45,0.01683226314551159,4233.509104678843,2023
LN103022,Auto Loan,North,Other,48647.0,747,38.83,54,1.169,97998.61,1,A,0,0.05,98915.82,0.00923307942767292,45.66488113566988,2025
LN103023,Auto Loan,North,Healthcare,97185.0,647,47.41,58,1.418,102797.43,3,C,0,0.05,109039.62,0.048824795031028656,266.1918548380627,2022
LN103024,Retail Term Loan,West,Manufacturing,71089.0,583,22.18,22,0.383,30001.18,0,D,0,0.5416,30494.36,0.024581334320552088,405.9790586405682,2026
LN103025,Retail Term Loan,North,Other,95272.0,559,44.28,57,0.084,109766.25,0,E,0,0.5753,110612.11,0.06522249558974962,4150.443086929537,2024
LN103026,Retail Term Loan,South,Manufacturing,90394.0,647,15.7,73,0.224,193556.8,0,C,0,0.4837,204238.37,0.011344594201448822,1120.7335907310292,2024
LN103027,SME Loan,West,Services,59338.0,680,33.66,37,1.72,88756.37,4,B,0,0.05,92634.99,0.028065349061988366,129.9916664851901,2024
LN103028,Credit Card,South,Services,33622.0,656,28.85,48,0.058,48937.63,0,C,0,0.9134,61530.38,0.01645922336787982,925.0387878931015,2023
LN103029,Auto Loan,North,Other,32050.0,646,32.6,6,1.53,85727.1,0,C,0,0.05,86093.14,0.014014568873871537,60.327912004893236,2025
LN103030,Credit Card,North,Manufacturing,396290.0,727,19.14,28,0.051,78010.75,1,A,0,0.7999,92006.32,0.007967914229909452,586.4054632490453,2025
LN103031,Retail Term Loan,East,Other,169099.0,720,37.68,54,0.0,100478.81,0,A,0,0.757,103827.71,0.011982962021945993,941.831773857006,2023
LN103032,Retail Term Loan,West,Services,156740.0,703,52.62,69,0.071,83527.09,1,B,1,0.98,87553.64,0.028650493843009755,2458.2859232780306,2025
LN103033,Retail Term Loan,West,Technology,51752.0,743,19.37,35,0.093,384790.44,2,A,0,0.8098,411780.74,0.008840803953573208,2948.054868740974,2025
LN103034,SME Loan,Central,Manufacturing,75393.0,647,34.47,107,1.088,148285.34,0,C,1,0.05,155364.21,0.016478962742529774,128.01205140562857,2025
LN103035,Credit Card,West,Retail,47896.0,619,43.13,55,0.12,35493.23,1,D,0,0.8164,42411.47,0.04623649654387355,1600.9259365521173,2024
LN103036,Credit Card,West,Technology,36446.0,656,28.14,20,0.151,126158.31,0,C,0,0.7269,151004.24,0.01571854679554611,1725.346006959515,2025
LN103037,Retail Term Loan,South,Healthcare,54253.0,652,49.69,76,0.03,116690.39,4,C,0,0.98,118160.04,0.0892530517782272,10335.221284872649,2023
LN103038,Retail Term Loan,South,Other,155538.0,557,26.41,20,0.185,276891.06,0,E,0,0.542,290432.69,0.037608432021511644,5920.113198649852,2026
LN103039,Credit Card,South,Healthcare,119092.0,655,30.49,55,0.271,107585.19,0,C,0,0.5734,137023.18,0.016576654469412838,1302.4126803124357,2025
LN103040,Auto Loan,North,Technology,43990.0,762,19.09,28,0.503,105443.33,0,AA,0,0.2702,106757.59,0.0038911449028504854,112.24357993609135,2026
LN103041,SME Loan,Central,Services,63076.0,742,33.65,18,0.771,442123.84,1,A,0,0.3563,456214.28,0.009098712220063133,1478.987918940897,2026
LN103042,Credit Card,South,Services,113240.0,724,32.04,69,0.239,56787.69,0,A,0,0.632,60721.51,0.009070969972389797,348.1074921373214,2022
LN103043,Auto Loan,East,Other,54787.0,699,40.27,42,0.874,209740.43,0,B,0,0.05,211046.89,0.012722553461579715,134.25276704625668,2024
LN103044,Credit Card,South,Technology,78356.0,784,23.73,86,0.116,125488.62,1,AA,0,0.8037,134194.39,0.005239955460922574,565.1398400833499,2025
LN103045,SME Loan,North,Other,93551.0,621,23.13,26,0.782,84511.82,0,D,0,0.05,88469.22,0.01595844942002623,70.59157862995865,2023
LN103046,Auto Loan,Central,Retail,92991.0,627,38.01,14,0.934,76234.3,2,D,0,0.1506,79591.2,0.03859252083153672,462.586731627455,2024
LN103047,Credit Card,South,Retail,86252.0,763,50.16,37,0.024,310547.9,0,AA,0,0.8708,391031.53,0.01171775482852656,3990.015700203368,2024
LN103048,SME Loan,North,Healthcare,52350.0,692,40.18,112,1.427,166202.36,5,B,0,0.268,174201.16,0.04257749232888062,1987.7690123600044,2026
LN103049,Retail Term Loan,South,Healthcare,55393.0,646,56.02,66,0.067,182777.99,2,C,0,0.8008,192022.77,0.06927276787458558,10652.200577294225,2023
LN103050,SME Loan,North,Services,40205.0,726,39.22,60,0.93,223706.08,3,A,0,0.3606,225191.08,0.020405848082793474,1657.034517489717,2022
LN103051,Retail Term Loan,Central,Technology,31777.0,661,38.75,61,0.256,152448.16,0,C,0,0.4302,161298.31,0.020383065616511636,1414.3917865291596,2024
LN103052,Credit Card,North,Services,70413.0,636,40.83,37,0.204,57099.73,4,D,0,0.98,66954.78,0.07608136847609953,4992.131062647855,2023
LN103053,Credit Card,South,Healthcare,117499.0,634,51.35,108,0.168,39936.48,0,D,0,0.5835,46675.44,0.03976688965442396,1083.055981542159,2025
LN103054,Credit Card,South,Manufacturing,35105.0,711,48.09,58,0.003,352567.46,0,B,0,0.7877,424745.23,0.018127702687704337,6065.018438424711,2022
LN103055,Auto Loan,North,Healthcare,87149.0,703,17.9,56,1.13,138809.44,0,B,0,0.05,141312.17,0.005631505486049049,39.7900130300248,2025
LN103056,Credit Card,North,Other,115473.0,789,42.41,70,0.19,126846.31,4,AA,0,0.9069,138456.48,0.019362987209202473,2431.33637039785,2024
LN103057,Retail Term Loan,East,Manufacturing,27311.0,671,35.45,20,0.213,424408.75,5,C,0,0.98,446893.06,0.06023327552573357,26379.47615724782,2026
LN103058,Retail Term Loan,South,Technology,64629.0,670,29.48,29,0.175,56965.2,0,C,0,0.5269,58195.79,0.014259875588325269,437.2557236890717,2026
LN103059,Retail Term Loan,North,Manufacturing,185472.0,784,8.95,43,0.103,20512.85,1,AA,0,0.9697,22097.39,0.003279694576813512,70.27676763334772,2025
LN103060,Auto Loan,South,Retail,101601.0,754,11.98,70,0.99,33764.24,0,A,0,0.05,34813.12,0.0029545084563182213,5.14278287154105,2024
LN103061,Auto Loan,South,Retail,26809.0,699,27.26,19,0.713,82753.42,0,B,0,0.1629,85434.22,0.00877435416509576,122.11474395767944,2024
LN103062,Retail Term Loan,East,Technology,107724.0,589,12.96,47,0.025,130257.51,0,D,0,0.7611,132348.07,0.01903763842104754,1917.6635279840739,2022
LN103063,SME Loan,Central,Other,49711.0,637,27.53,43,1.448,317869.86,0,D,0,0.05,319347.76,0.013285344231973934,212.13224606548982,2026
LN103064,Auto Loan,South,Retail,109695.0,621,41.29,13,1.604,216533.13,0,D,0,0.05,230724.8,0.022936221256160728,264.59775310417166,2026
LN103065,Auto Loan,West,Retail,51313.0,692,24.45,37,0.826,19970.46,0,B,0,0.05,20504.96,0.008337746335948798,8.548257755438835,2023
LN103066,Auto Loan,West,Manufacturing,72844.0,657,33.09,60,1.17,852332.54,0,C,0,0.05,885763.93,0.014044593778894878,622.009729042374,2024
LN103067,Retail Term Loan,North,Other,55804.0,794,18.09,15,0.208,90027.72,0,AA,0,0.5301,95674.9,0.002985476972821256,151.41522525938018,2025
LN103068,Credit Card,East,Services,75130.0,588,35.88,79,0.184,283427.0,0,D,0,0.5998,361271.56,0.0377375079525752,8177.366323449843,2024
LN103069,Auto Loan,East,Retail,54898.0,615,38.61,58,1.228,175862.06,2,D,0,0.0869,184558.57,0.040862641638510805,655.3607564579404,2024
LN103070,Retail Term Loan,East,Manufacturing,66323.0,706,13.5,56,0.0,120449.94,0,B,0,0.8734,123950.49,0.006356743992831976,688.1706666742242,2025
LN103071,SME Loan,North,Services,39287.0,724,22.23,48,0.575,101652.07,0,A,0,0.5315,108444.71,0.006090418216833417,351.04173822665985,2025
LN103072,Credit Card,East,Technology,98234.0,522,15.53,24,0.0,55082.65,1,E,0,0.835,62915.56,0.05017226460788099,2635.7744637679657,2024
LN103073,Credit Card,North,Other,82591.0,577,38.62,34,0.244,48714.97,0,E,1,0.3209,52180.6,0.04479990019556731,750.1633321912726,2022
LN103074,SME Loan,Central,Services,30827.0,673,34.13,56,0.819,106817.9,1,C,0,0.1897,110009.8,0.017653509426249218,368.4086001307764,2023
LN103075,SME Loan,East,Technology,129489.0,778,31.35,34,1.188,45411.09,0,AA,0,0.05,45525.64,0.004135150777118679,9.41276928124126,2022
LN103076,Retail Term Loan,North,Other,68070.0,813,30.33,52,0.054,380326.94,0,AA,0,0.7028,396977.66,0.0038232083753447603,1066.659459456438,2025
LN103077,Credit Card,East,Retail,81979.0,663,36.2,28,0.196,128426.49,0,C,0,0.6053,148893.85,0.01874161846199533,1689.0967489811371,2024
LN103078,Credit Card,Central,Services,114205.0,679,36.46,58,0.076,519253.61,3,C,0,0.98,546615.22,0.036131943741388506,19355.264969682165,2023
LN103079,Retail Term Loan,West,Manufacturing,89839.0,636,25.56,60,0.133,88460.97,0,D,0,0.6103,91871.33,0.017612492807630057,987.5161396416241,2024
LN103080,Retail Term Loan,South,Other,142359.0,731,23.74,12,0.168,79370.61,5,A,0,0.98,81195.22,0.0243035793298643,1933.867781066269,2026
LN103081,Retail Term Loan,Central,Manufacturing,63827.0,789,31.23,49,0.236,181471.79,0,AA,0,0.5769,189357.63,0.004732806086153903,517.0137092341903,2026
LN103082,Credit Card,North,Services,132479.0,772,29.53,15,0.252,100082.53,0,AA,0,0.3048,126454.93,0.005259556395908835,202.72151557491458,2025
LN103083,Credit Card,South,Manufacturing,80246.0,688,58.79,7,0.223,237139.99,0,B,0,0.5795,261197.08,0.029800717735804463,4510.747133380628,2022
LN103084,Credit Card,North,Healthcare,99155.0,635,27.01,35,0.254,328403.77,1,D,0,0.4232,358893.68,0.023358913363599985,3547.8406511118656,2025
LN103085,Retail Term Loan,Central,Retail,93642.0,691,35.77,110,0.088,259017.86,0,B,0,0.7768,269598.26,0.014553876620176981,3047.9300147806543,2022
LN103086,Retail Term Loan,West,Healthcare,148397.0,780,38.06,65,0.215,311869.56,0,AA,0,0.755,330861.97,0.006452064025236199,1611.7306735366126,2026
LN103087,Auto Loan,East,Technology,111527.0,664,50.21,79,1.028,212682.86,1,C,0,0.1046,222598.11,0.03017060485787743,702.485192139067,2025
LN103088,Auto Loan,West,Manufacturing,58784.0,572,21.45,61,1.002,81708.38,1,E,0,0.05,84068.6,0.029473438590543178,123.88953597464693,2023
LN103089,SME Loan,South,Services,52709.0,667,49.42,53,0.772,266508.31,1,C,0,0.3077,268344.63,0.03051662276581428,2519.746636688656,2022
LN103090,SME Loan,North,Manufacturing,72975.0,672,30.08,68,1.288,195549.23,1,C,0,0.05,198521.69,0.013920509228291817,138.17615088305436,2025
LN103091,SME Loan,Central,Manufacturing,49374.0,572,64.52,34,1.469,77873.23,0,E,1,0.05,78102.73,0.07604042250748487,296.94822940940065,2023
LN103092,SME Loan,Central,Retail,42047.0,705,36.71,58,1.097,85102.2,0,B,0,0.05,89286.98,0.010135989496132064,45.25059457106769,2024
LN103093,SME Loan,North,Services,23268.0,723,16.02,74,1.435,112530.49,0,A,0,0.05,117084.76,0.004043509124838409,23.67166477197576,2022
LN103094,Auto Loan,North,Manufacturing,31989.0,811,29.44,63,1.003,261262.97,0,AA,0,0.05,267521.79,0.0029670021200148126,39.68688590400787,2026
LN103095,Retail Term Loan,East,Retail,223511.0,603,49.37,75,0.249,130235.22,0,D,0,0.6567,140129.32,0.048882254166359704,4498.2879818033225,2025
LN103096,Retail Term Loan,North,Retail,52269.0,737,33.06,52,0.284,119526.42,0,A,0,0.3176,124318.07,0.00817525164953763,322.7868865707435,2023
LN103097,Auto Loan,West,Other,213661.0,753,31.22,85,1.278,107349.07,2,A,0,0.05,115849.63,0.00864015640157734,50.04794611324332,2025
LN103098,Retail Term Loan,Central,Technology,93618.0,724,41.35,43,0.231,93704.7,0,A,0,0.6607,96461.41,0.012212710928205412,778.3411473189278,2024
LN103099,Retail Term Loan,South,Retail,72975.0,625,27.52,95,0.0,53130.34,1,D,0,0.7946,55775.57,0.027806945754047706,1232.3834789661605,2022
LN103100,SME Loan,South,Retail,32857.0,621,29.26,61,0.764,209379.65,0,D,0,0.458,214572.69,0.0194458887955459,1911.0309540819242,2024
LN103101,Retail Term Loan,Central,Manufacturing,75193.0,696,19.72,40,0.158,58868.39,3,B,0,0.8323,63258.38,0.017873499928821677,941.0388717507038,2024
LN103102,SME Loan,South,Retail,212340.0,696,54.47,22,1.439,125817.12,0,B,0,0.05,128400.88,0.017754167056952104,113.98253368898303,2023
LN103103,Credit Card,South,Technology,176653.0,654,16.11,30,0.0,90133.78,0,C,0,0.6462,97883.88,0.011380695331819568,719.8581513731812,2026
LN103104,Credit Card,North,Manufacturing,87210.0,774,34.2,27,0.166,205188.4,0,AA,0,0.739,246843.6,0.006121221074110032,1116.6173580372695,2023
LN103105,Credit Card,Central,Other,39874.0,664,38.24,46,0.089,94451.66,0,C,0,0.7635,106951.19,0.02033796461949365,1660.7419271706995,2025
LN103106,Retail Term Loan,Central,Technology,44303.0,567,31.82,20,0.115,59330.41,0,E,0,0.6477,63469.3,0.04118889750757427,1693.2370900424362,2026
LN103107,Credit Card,North,Healthcare,46926.0,675,15.7,76,0.109,239848.62,1,C,0,0.7165,294822.07,0.011591423201192592,2448.5723895050955,2022
LN103108,Retail Term Loan,Central,Services,151483.0,721,19.02,50,0.022,67309.28,1,A,0,0.6386,67639.27,0.008471358702288139,365.9155767338436,2023
LN103109,SME Loan,North,Other,184000.0,712,38.79,50,1.341,133722.66,0,B,0,0.05,134015.92,0.009511889783980414,63.737233016936834,2025
LN103110,Retail Term Loan,North,Retail,83532.0,712,21.86,22,0.149,292701.17,0,B,0,0.654,299804.36,0.007536376920913858,1477.6728833086509,2024
LN103111,Retail Term Loan,South,Other,63484.0,787,5.06,31,0.092,71980.56,0,AA,0,0.7385,76622.23,0.0021697037379083063,122.77380743176697,2025
LN103112,Credit Card,East,Technology,175788.0,618,37.03,6,0.1,111612.31,0,D,0,0.7619,132648.02,0.030157513626124288,3047.854833171783,2024
LN103113,Credit Card,Central,Technology,43784.0,662,20.66,84,0.13,88735.94,0,C,0,0.5664,95167.22,0.011778813553080195,634.910011237948,2026
LN103114,Auto Loan,West,Services,77168.0,790,40.21,17,0.987,131565.71,0,AA,0,0.05,141367.95,0.005146254571355593,36.37577294653345,2023
LN103115,Credit Card,North,Other,96749.0,562,29.38,18,0.141,114384.51,0,E,0,0.6266,128834.93,0.03977088547739961,3210.6227358686774,2024
LN103116,Retail Term Loan,East,Services,46663.0,687,28.75,79,0.0,228553.74,0,B,0,0.7501,238651.69,0.012384770459710709,2217.030364994075,2026
LN103117,Credit Card,Central,Manufacturing,52865.0,770,32.68,57,0.031,77710.33,0,AA,0,0.4713,100632.84,0.006274605490276785,297.5936048535642,2023
LN103118,Retail Term Loan,West,Retail,50650.0,769,17.2,51,0.243,292779.94,0,AA,0,0.469,309309.8,0.0036608904659294196,531.0718206862731,2025
LN103119,Retail Term Loan,South,Other,163480.0,733,21.27,55,0.081,368985.61,2,A,0,0.98,395811.62,0.010368147719503744,4021.756678350961,2024
LN103120,Retail Term Loan,North,Other,214947.0,735,28.62,69,0.141,143605.94,0,A,0,0.6384,145499.8,0.007506400261936305,697.2475439933445,2025
LN103121,Retail Term Loan,East,Other,79888.0,622,17.12,50,0.342,69019.59,0,D,0,0.445,71679.66,0.014623945669454876,466.46655678302415,2023
LN103122,Retail Term Loan,East,Technology,64713.0,779,41.28,14,0.213,116596.06,0,AA,0,0.6075,120781.99,0.0072215751457123,529.8835018479556,2025
LN103123,Auto Loan,South,Other,53924.0,612,28.0,64,1.362,109955.58,0,D,0,0.05,117940.7,0.01749447603925376,103.1655375101408,2025
LN103124,Retail Term Loan,North,Retail,75072.0,616,13.16,57,0.294,414946.02,0,D,0,0.5481,444352.83,0.0138325837267898,3368.922808188146,2025
LN103125,Retail Term Loan,North,Retail,55416.0,715,24.73,74,0.165,111639.25,2,B,0,0.9329,119331.1,0.013453435921799187,1497.690074406115,2023
LN103126,Auto Loan,East,Services,71102.0,658,33.32,21,1.05,315907.66,0,C,0,0.05,334760.26,0.014447552582408901,241.8233229425438,2024
LN103127,Retail Term Loan,Central,Healthcare,94138.0,703,26.2,32,0.18,129736.82,5,B,0,0.98,139254.68,0.03404335373641097,4645.8824040769,2024
LN103128,Credit Card,East,Services,60013.0,718,37.2,57,0.241,123912.27,0,B,0,0.7147,158908.0,0.011312093338519793,1284.7319470513437,2025
LN103129,SME Loan,East,Services,67573.0,806,39.46,27,1.05,93635.87,0,AA,0,0.05,94611.08,0.004236951283849693,20.0431268436203,2026
LN103130,Auto Loan,Central,Retail,67727.0,718,63.22,6,1.619,99955.7,0,B,0,0.05,107247.05,0.018122257959926242,97.17793527705538,2022
LN103131,SME Loan,West,Technology,62981.0,650,46.96,52,1.449,223696.98,0,C,0,0.05,233580.73,0.021648328832696174,252.831622601061,2026
LN103132,Retail Term Loan,West,Services,58832.0,734,10.73,68,0.012,71957.1,0,A,0,0.8648,73504.01,0.00442942076673773,281.56174686994405,2026
LN103133,Retail Term Loan,East,Retail,114057.0,636,27.32,45,0.332,234934.8,0,D,0,0.6815,245633.96,0.01769931623309674,2962.8574619303695,2024
LN103134,Credit Card,West,Services,28320.0,749,28.53,60,0.114,329014.92,0,A,0,0.7642,354906.9,0.006587265793114117,1786.5972599485938,2024
LN103135,Credit Card,East,Technology,178278.0,694,39.48,57,0.145,79298.13,3,B,0,0.98,93197.69,0.0338918651560659,3095.470671490095,2023
LN103136,Credit Card,West,Healthcare,80804.0,716,19.86,48,0.082,279519.51,0,B,0,0.7109,297865.7,0.006922624154927652,1465.8845367793178,2024
LN103137,Retail Term Loan,West,Healthcare,104899.0,574,25.09,51,0.184,249949.34,0,E,0,0.7092,262867.22,0.030799968390169095,5741.897425782805,2025
LN103138,Credit Card,West,Manufacturing,111752.0,544,15.82,78,0.195,220509.21,0,E,0,0.6356,251241.46,0.030520004391532688,4873.7111779873,2022
LN103139,Auto Loan,Central,Retail,50808.0,592,24.17,27,1.188,76880.17,0,D,0,0.05,77260.78,0.01960264712125073,75.7257903326293,2026
LN103140,Retail Term Loan,South,Technology,45358.0,803,24.66,65,0.195,110377.51,0,AA,0,0.5498,117179.43,0.0033877813043644224,218.2586595591017,2024
LN103141,Retail Term Loan,West,Services,42510.0,615,27.93,22,0.157,110272.32,0,D,0,0.3653,115080.45,0.02301921312466659,967.7021312583857,2025
LN103142,SME Loan,North,Manufacturing,65471.0,738,16.58,31,1.107,518513.49,1,A,0,0.05,554770.27,0.005037113853477642,139.7220506257266,2024
LN103143,Retail Term Loan,East,Services,110173.0,648,44.77,74,0.075,119157.69,2,C,0,0.9425,125361.78,0.04833456554030892,5710.89700928935,2023
LN103144,Credit Card,Central,Healthcare,54403.0,674,38.14,21,0.381,105550.47,0,C,0,0.4187,135628.31,0.01711958442601587,972.1796571185143,2024
LN103145,Credit Card,West,Technology,104779.0,687,13.17,43,0.268,53728.14,2,B,0,0.7917,56454.49,0.011879727082785299,530.9646363877433,2024
LN103146,Credit Card,South,Manufacturing,20392.0,797,32.34,100,0.223,60775.88,0,AA,0,0.5705,78347.15,0.004554614799266044,203.57784120051562,2024
LN103147,Credit Card,West,Healthcare,60669.0,728,11.65,71,0.263,74335.45,2,A,0,0.9648,88697.35,0.007648018834162557,654.4807664227294,2025
LN103148,SME Loan,South,Services,142510.0,715,49.45,32,1.149,154536.15,0,B,0,0.05,162362.76,0.013609119191255263,110.48070765305863,2022
LN103149,Retail Term Loan,East,Healthcare,68269.0,774,52.98,36,0.115,44285.18,0,AA,0,0.5503,46047.18,0.011267161374829896,285.5072006560866,2025
LN103150,Retail Term Loan,South,Technology,47535.0,649,31.28,44,0.0,75292.21,0,C,0,0.5216,77895.81,0.01927365285348232,783.0972752351138,2024
LN103151,Auto Loan,West,Manufacturing,52260.0,759,20.92,77,1.227,32615.92,5,A,0,0.0698,34777.43,0.013023658550922634,31.614470277183212,2026
LN103152,Auto Loan,North,Retail,18000.0,749,23.36,26,1.272,320161.23,4,A,0,0.0921,343655.05,0.011800797592478799,373.50267954352097,2024
LN103153,Retail Term Loan,East,Healthcare,42991.0,748,26.1,25,0.266,129279.58,0,A,0,0.4741,134005.95,0.005919818899475092,376.0992419798474,2022
LN103154,Retail Term Loan,Central,Retail,134152.0,680,30.61,64,0.17,149124.26,0,B,0,0.5707,149493.39,0.013449111110685247,1147.4227183298078,2025
LN103155,Retail Term Loan,West,Healthcare,54438.0,662,49.82,11,0.0,55952.39,2,C,0,0.98,59887.72,0.05047890472208861,2962.6051816650584,2026
LN103156,Retail Term Loan,East,Healthcare,58090.0,633,44.42,28,0.213,270533.78,0,D,0,0.69,271476.38,0.0320377440845337,6001.268643330579,2025
LN103157,Retail Term Loan,Central,Manufacturing,20801.0,638,44.62,46,0.122,343653.74,0,D,1,0.62,356005.33,0.031468592935225255,6945.851823775132,2024
LN103158,SME Loan,North,Other,30586.0,630,34.22,47,1.125,125755.25,5,D,0,0.3406,129093.31,0.06752756777810641,2969.1318761909697,2024
LN103159,Retail Term Loan,Central,Retail,144317.0,714,17.0,18,0.039,85807.59,0,B,0,0.6175,88285.15,0.006514264147671419,355.13214622986993,2026
LN103160,SME Loan,South,Healthcare,105320.0,675,21.99,56,1.59,176631.1,0,C,0,0.05,185667.72,0.007463825847192515,69.28957637626515,2022
LN103161,SME Loan,Central,Retail,36741.0,718,32.79,60,1.368,200707.73,0,B,0,0.05,214447.52,0.0073685417618873875,79.00827534265905,2022
LN103162,Retail Term Loan,Central,Technology,53020.0,722,16.39,33,0.343,220682.74,0,A,0,0.3238,233394.8,0.005470780524550634,413.4445889990561,2025
LN103163,Credit Card,West,Retail,73806.0,621,35.95,85,0.084,190988.9,0,D,0,0.6118,232343.18,0.028463464962906453,4046.0120231471033,2023
LN103164,Credit Card,West,Other,38846.0,619,42.47,55,0.05,235635.58,3,D,0,0.98,288674.91,0.07564342922790913,21399.632921968878,2025
LN103165,Credit Card,West,Manufacturing,24908.0,675,39.09,26,0.252,73895.1,1,C,0,0.8002,94713.41,0.023365969784502127,1770.8991551329789,2026
LN103166,Retail Term Loan,South,Other,68712.0,640,38.57,84,0.024,227199.15,0,C,0,0.7359,236124.98,0.026215900713885774,4555.389544463548,2023
LN103167,Retail Term Loan,North,Services,102763.0,633,7.74,36,0.031,87341.95,1,D,0,0.7302,89676.42,0.013734823759525897,899.37990954703,2026
LN103168,Retail Term Loan,South,Other,103856.0,800,49.33,52,0.177,20708.44,0,AA,0,0.5432,21516.4,0.007694869661971195,89.93539340071547,2025
LN103169,Credit Card,East,Manufacturing,121373.0,590,11.62,37,0.359,86782.33,0,D,0,0.4421,104210.68,0.01660870979347799,765.1888646375925,2025
LN103170,SME Loan,West,Manufacturing,31914.0,821,30.01,62,0.868,81431.27,0,AA,0,0.05,85897.49,0.0028404402396973896,12.199334354250206,2024
LN103171,Credit Card,South,Manufacturing,77427.0,709,40.04,37,0.113,142055.48,0,B,0,0.6264,159495.67,0.013936955479418502,1392.4145701414957,2023
LN103172,Credit Card,East,Technology,64705.0,754,36.66,39,0.161,215742.48,0,A,0,0.546,259779.65,0.008034667847533114,1139.6347879089296,2025
LN103173,SME Loan,North,Services,71487.0,746,15.39,44,1.583,137340.09,0,A,0,0.05,148002.34,0.0030551560636379624,22.60851232418037,2022
LN103174,Credit Card,North,Technology,66754.0,730,17.72,37,0.0,489575.28,3,A,0,0.98,550510.63,0.012628426078224423,6813.041140307121,2024
LN103175,Retail Term Loan,Central,Healthcare,52156.0,798,35.73,72,0.23,83093.65,0,AA,0,0.6675,88108.45,0.005017202500202842,295.07367203235555,2025
LN103176,SME Loan,Central,Manufacturing,18000.0,620,38.64,20,0.662,29847.26,0,D,0,0.1196,32218.88,0.027022667038197307,104.12855196340267,2026
LN103177,Auto Loan,Central,Technology,142095.0,680,17.61,47,1.124,145778.39,4,B,0,0.2893,151316.46,0.019736585038232664,863.985823211224,2023
LN103178,Retail Term Loan,South,Healthcare,89926.0,635,37.1,50,0.136,81948.85,0,D,0,0.8722,82889.09,0.025519598294134967,1844.9614152122535,2022
LN103179,Auto Loan,East,Retail,33153.0,580,12.3,45,1.345,56121.12,0,D,0,0.05,59745.4,0.014525840098251362,43.392606350303346,2022
LN103180,SME Loan,West,Other,97291.0,647,40.12,69,1.079,97438.21,0,C,0,0.05,98787.31,0.01973222107993196,97.46465204058867,2025
LN103181,Retail Term Loan,South,Technology,58643.0,812,20.51,15,0.042,69345.65,0,AA,0,0.6902,72191.7,0.002829267984150531,140.9731191497722,2024
LN103182,Auto Loan,West,Manufacturing,59564.0,679,33.05,60,1.034,74302.14,0,C,0,0.05,79661.37,0.011766621939748083,46.86726119961949,2022
LN103183,Retail Term Loan,West,Technology,49149.0,819,30.86,21,0.0,348362.78,0,AA,0,0.6495,370226.11,0.0037210694560026306,894.7752767933176,2025
LN103184,Retail Term Loan,East,Retail,100766.0,826,47.09,37,0.135,130911.15,0,AA,0,0.7936,134217.42,0.005639312869490889,600.6710973796296,2022
LN103185,Retail Term Loan,East,Manufacturing,48307.0,850,35.15,18,0.142,99657.46,0,AA,0,0.6328,101518.85,0.00305019290822043,195.94783389573493,2024
LN103186,Credit Card,South,Other,41027.0,814,24.21,41,0.139,367168.85,0,AA,0,0.6025,455997.23,0.0030464906712522107,836.9877626553889,2025
LN103187,SME Loan,Central,Services,139763.0,843,36.67,35,0.811,97578.59,0,AA,0,0.05,103482.51,0.0028836139492527907,14.920180466984569,2026
LN103188,Retail Term Loan,Central,Manufacturing,67973.0,711,59.85,84,0.031,50724.13,0,B,0,0.9292,53826.23,0.026028370976661337,1301.817639658869,2024
LN103189,Retail Term Loan,Central,Services,69156.0,705,41.62,53,0.246,47416.58,0,B,0,0.4772,50322.0,0.014713987475346456,353.33666893484826,2025
LN103190,Retail Term Loan,West,Healthcare,109765.0,709,31.23,58,0.289,113465.01,0,B,0,0.5636,113490.98,0.010079385582003152,644.7129442506664,2022
LN103191,Retail Term Loan,South,Technology,51952.0,690,21.16,24,0.108,38012.53,1,B,0,0.8394,40144.29,0.011940209475087317,402.3506359969714,2024
LN103192,Auto Loan,West,Healthcare,57975.0,700,23.99,64,1.308,52813.77,5,B,0,0.3646,55591.65,0.024631898367268642,499.25694244795346,2024
LN103193,Credit Card,South,Retail,88733.0,739,40.84,84,0.0,91891.84,0,A,0,0.4821,119148.46,0.011041722681649742,634.2528104993637,2023
LN103194,Credit Card,Central,Manufacturing,32128.0,660,20.48,67,0.244,265031.49,0,C,0,0.5653,282143.49,0.011595688281191618,1849.4625921314223,2026
LN103195,Auto Loan,South,Retail,84698.0,600,32.03,19,0.788,296415.06,1,D,0,0.174,307058.81,0.03321123910828338,1774.417819303402,2025
LN103196,Auto Loan,East,Services,49494.0,714,50.69,38,0.977,190422.4,0,B,0,0.0751,191493.32,0.014928844672247081,214.69392965697318,2024
LN103197,Retail Term Loan,North,Technology,120061.0,645,33.96,50,0.0,119674.88,0,C,0,0.9335,120245.96,0.021777222677069774,2444.4846143166465,2023
LN103198,Retail Term Loan,North,Services,101307.0,652,17.97,35,0.164,80496.04,0,C,0,0.518,83239.31,0.0118003264219899,508.8060330951458,2025
LN103199,SME Loan,South,Other,94207.0,681,60.31,104,0.643,157486.97,0,B,1,0.3845,165247.37,0.030033420614459825,1908.2518790433373,2024
LN103200,Credit Card,East,Retail,30990.0,666,54.91,37,0.102,417743.59,0,C,0,0.5097,531596.78,0.03347318471281797,9069.722705773518,2025
LN103201,SME Loan,North,Services,70854.0,762,38.52,47,0.812,132486.88,2,AA,0,0.0683,137103.32,0.01125783912290488,105.42017028071085,2025
LN103202,SME Loan,Central,Other,39252.0,679,48.58,35,1.111,86842.1,0,C,0,0.05,90825.7,0.018842609862821536,85.5696615308835,2025
LN103203,Credit Card,North,Technology,73495.0,765,28.53,53,0.153,107460.79,0,AA,0,0.6802,137442.39,0.005590405136142534,522.6375489547956,2024
LN103204,SME Loan,Central,Services,20991.0,703,41.42,78,1.394,99564.64,0,B,0,0.05,105217.89,0.011119954015481354,58.50090492029877,2026
LN103205,Auto Loan,South,Retail,32138.0,684,26.49,51,1.119,176200.63,0,B,0,0.05,189042.87,0.008912115481246192,84.23859441731058,2024
LN103206,Retail Term Loan,South,Services,144237.0,700,14.38,43,0.083,70310.44,0,B,0,0.6065,73906.93,0.006780062085936903,303.9132526194721,2025
LN103207,Retail Term Loan,North,Healthcare,91879.0,606,65.69,24,0.074,159464.21,0,D,0,0.5386,171429.43,0.08100294501887206,7479.155089999482,2024
LN103208,Retail Term Loan,Central,Technology,61737.0,712,13.72,75,0.0,178610.03,0,B,0,0.8438,187771.03,0.006042135303153308,957.3231384721007,2026
LN103209,Retail Term Loan,West,Healthcare,45498.0,745,35.87,45,0.132,152676.98,1,A,0,0.8171,154240.94,0.011170576542711972,1407.8308009014322,2024
LN103210,Auto Loan,North,Other,41312.0,754,35.72,44,1.603,56099.2,3,A,0,0.05,57640.94,0.011789092045045912,33.97671736114844,2023
LN103211,Credit Card,North,Healthcare,83728.0,602,38.71,6,0.117,108078.79,3,D,0,0.98,121425.11,0.07754082919077535,9227.095639701485,2026
LN103212,Credit Card,West,Retail,62084.0,591,30.83,45,0.115,82991.17,0,D,0,0.4965,93082.63,0.031929187961781506,1475.624209861117,2023
LN103213,Auto Loan,Central,Services,175589.0,655,30.97,39,1.437,113953.94,3,C,0,0.05,116662.28,0.02714635494414922,158.34778307368603,2026
LN103214,Retail Term Loan,North,Technology,67753.0,780,33.8,8,0.252,75253.65,0,AA,0,0.7584,78220.44,0.005579661322774875,330.9987987240594,2025
LN103215,Credit Card,South,Retail,77462.0,704,38.24,70,0.323,286526.53,0,B,0,0.4168,311092.28,0.013090182745263173,1697.3157989063538,2024
LN103216,Auto Loan,East,Services,34946.0,640,31.98,36,1.165,136771.71,5,C,0,0.05,140868.59,0.05708991406806666,402.1087848994857,2023
LN103217,Retail Term Loan,North,Healthcare,61504.0,596,31.11,90,0.156,38659.61,0,D,0,0.6694,39526.21,0.030417627293585655,804.815285037894,2022
LN103218,Retail Term Loan,South,Other,82668.0,646,14.83,79,0.034,47308.5,0,C,0,0.8018,50864.23,0.011696364423418112,477.0121239835988,2023
LN103219,Retail Term Loan,North,Retail,61097.0,641,58.18,32,0.098,278891.21,0,C,0,0.5999,299069.07,0.046758171144906706,8388.95526324893,2026
LN103220,Retail Term Loan,East,Healthcare,57420.0,751,38.96,78,0.207,105788.41,0,A,0,0.4592,111970.3,0.008792714484969658,452.09290589738606,2023
LN103221,Credit Card,West,Other,89773.0,756,34.72,83,0.294,91343.21,0,A,0,0.4103,99029.98,0.007161343992088961,290.9797347726658,2023
LN103222,Credit Card,East,Manufacturing,172542.0,622,23.88,36,0.045,264401.9,0,D,0,0.7511,296014.17,0.019514930091052145,4338.87624054998,2022
LN103223,Credit Card,South,Retail,81225.0,739,18.95,25,0.176,107924.28,0,A,0,0.6565,122510.92,0.005260206452616961,423.0700884923765,2024
LN103224,Retail Term Loan,East,Healthcare,140723.0,732,43.18,6,0.071,51982.23,0,A,0,0.8989,52208.98,0.012487341738263373,586.0390910469692,2024
LN103225,Credit Card,East,Retail,105569.0,613,29.92,56,0.135,54496.88,0,D,0,0.7866,66045.99,0.025104801203348726,1304.2390019630263,2025
LN103226,Credit Card,North,Healthcare,136167.0,685,40.07,27,0.134,186186.8,0,B,0,0.597,240377.82,0.017444640953365197,2503.4029435424304,2026
LN103227,Retail Term Loan,North,Retail,53632.0,712,14.42,57,0.188,496763.85,0,B,0,0.6599,503165.12,0.005887168349990841,1954.7675059500784,2022
LN103228,Credit Card,North,Manufacturing,66932.0,701,52.11,36,0.353,215980.41,0,B,0,0.4308,244059.63,0.020700279420250992,2176.4457725962834,2024
LN103229,Auto Loan,Central,Retail,67085.0,579,43.72,31,1.061,91851.16,5,E,0,0.4083,93937.7,0.14062988804605983,5393.826014066468,2025
LN103230,Auto Loan,West,Retail,101285.0,699,30.95,36,1.354,102389.99,1,B,0,0.05,109614.97,0.010866807406687525,59.558238393991545,2023
LN103231,Retail Term Loan,North,Other,115968.0,731,38.08,19,0.091,124141.86,0,A,0,0.6735,133129.38,0.010671232410344964,956.8108425400255,2023
LN103232,Auto Loan,South,Manufacturing,80340.0,793,41.63,36,1.627,29180.88,0,AA,0,0.05,31296.39,0.004437360155638157,6.943667700065624,2025
LN103233,Retail Term Loan,East,Manufacturing,121471.0,647,14.62,32,0.063,121987.68,3,C,0,0.8966,129623.51,0.024827792728683778,2885.496971967271,2022
LN103234,Retail Term Loan,North,Manufacturing,55018.0,655,53.81,48,0.164,180612.77,0,C,0,0.6176,190144.72,0.03530848058470369,4146.394184959861,2026
LN103235,Retail Term Loan,Central,Technology,122052.0,676,38.28,50,0.0,415112.04,2,C,0,0.9745,434681.7,0.031067164015806982,13159.967313021278,2025
LN103236,SME Loan,Central,Other,131129.0,709,22.85,24,0.898,257496.48,2,B,0,0.2181,277969.4,0.011134118937887115,675.0073650671692,2024
LN103237,Retail Term Loan,South,Technology,108865.0,696,17.74,72,0.137,463329.54,0,B,0,0.7319,474905.05,0.007733455761921052,2688.0178012312176,2024
LN103238,Auto Loan,North,Healthcare,80744.0,729,44.83,44,1.181,389124.37,0,A,0,0.05,411980.11,0.01019765188627434,210.06148729245052,2023
LN103239,Retail Term Loan,South,Other,111032.0,617,34.75,81,0.112,318549.26,0,D,0,0.7258,320204.36,0.028271672187847558,6570.458876962888,2022
LN103240,SME Loan,East,Technology,45869.0,716,38.27,53,1.164,122221.23,0,B,0,0.05,123079.87,0.009421067752081827,57.977189709371174,2025
LN103241,Auto Loan,Central,Technology,83645.0,642,32.35,50,1.17,152763.51,3,C,0,0.0697,159913.77,0.03423076793229856,381.535789158413,2025
LN103242,SME Loan,South,Services,88479.0,681,18.96,37,0.754,37276.83,0,B,0,0.0949,39832.75,0.007927652494783529,29.967540971609758,2023
LN103243,Retail Term Loan,South,Other,36099.0,801,38.61,62,0.202,131464.38,2,AA,0,0.7518,140951.17,0.009078834423357995,962.0576608580142,2024
LN103244,Retail Term Loan,South,Healthcare,97369.0,599,29.43,49,0.0,178360.01,0,D,0,0.7663,178752.96,0.029185580090025597,3997.793866742525,2024
LN103245,Auto Loan,North,Other,37737.0,672,31.72,67,1.166,98409.65,0,C,0,0.05,100647.97,0.011663149689187694,58.69361700114363,2022
LN103246,Retail Term Loan,North,Other,59272.0,607,62.9,83,0.173,40786.31,0,D,0,0.599,43577.7,0.07219005889113073,1884.3801608746762,2023
LN103247,Credit Card,East,Retail,76658.0,700,43.3,32,0.303,363381.57,0,B,0,0.5319,446004.84,0.01603910565069314,3804.956622848673,2023
LN103248,SME Loan,West,Manufacturing,50178.0,758,44.05,61,1.411,159451.63,0,A,0,0.05,161563.81,0.007098480399704302,57.342876929327495,2026
LN103249,Auto Loan,North,Other,78484.0,701,67.37,61,0.983,400181.79,1,B,0,0.1369,414798.33,0.0367248180131659,2085.451526535732,2022
LN103250,SME Loan,South,Retail,77796.0,682,37.0,58,1.271,201746.74,0,B,0,0.05,214479.41,0.012196766737532802,130.79776668868303,2023
LN103251,Auto Loan,Central,Other,47770.0,776,33.56,38,1.277,312749.33,0,AA,0,0.05,332193.54,0.0044214723287605345,73.43922724515028,2024
LN103252,Retail Term Loan,Central,Healthcare,102501.0,711,23.17,39,0.116,270874.0,0,B,0,0.7031,289487.71,0.008000406418019981,1628.393193047703,2023
LN103253,Auto Loan,West,Services,49264.0,743,26.12,35,0.721,74581.79,0,A,0,0.3596,74709.86,0.005530070553845773,148.5690265537113,2023
LN103254,Retail Term Loan,East,Retail,263980.0,736,5.39,35,0.138,84033.23,2,A,0,0.98,86107.33,0.0059906361149663105,505.52092724409556,2026
LN103255,Credit Card,East,Technology,70617.0,503,42.28,30,0.349,88910.22,0,E,0,0.4093,95114.04,0.09512793950333216,3703.3474817952547,2026
LN103256,Retail Term Loan,South,Retail,39381.0,685,15.53,46,0.089,61010.2,0,B,0,0.6428,62274.48,0.00811155678122338,324.7059078918575,2023
LN103257,Retail Term Loan,South,Services,43645.0,620,43.74,31,0.242,412846.33,0,D,0,0.6249,427263.12,0.03517440751370393,9391.45156382552,2023
LN103258,Auto Loan,South,Services,140986.0,636,31.44,58,1.084,123603.71,1,D,0,0.05,127702.01,0.02155671138762856,137.64176865950282,2026
LN103259,Retail Term Loan,West,Technology,59887.0,786,33.66,49,0.207,165529.17,0,AA,0,0.4442,170824.18,0.005303760926170815,402.4499134635773,2024
LN103260,Retail Term Loan,West,Manufacturing,35425.0,666,31.45,52,0.312,47265.04,0,C,0,0.5003,48913.4,0.015225676513096245,372.5932246595076,2024
LN103261,Credit Card,West,Manufacturing,119945.0,813,50.02,42,0.0,212831.47,0,AA,0,0.967,267951.2,0.0072638111107922124,1882.1174558876728,2023
LN103262,Retail Term Loan,West,Manufacturing,59676.0,599,47.72,50,0.143,90095.88,0,D,0,0.5173,97167.8,0.04950155930305319,2488.1910737466224,2024
LN103263,Auto Loan,North,Healthcare,107433.0,620,31.62,43,1.611,290084.35,0,D,0,0.05,303325.25,0.017056769131623545,258.6874380520997,2023
LN103264,Retail Term Loan,West,Manufacturing,125468.0,740,20.31,65,0.195,74269.77,0,A,0,0.5554,77024.11,0.005414188397756105,231.61459792085074,2024
LN103265,Retail Term Loan,Central,Retail,87221.0,668,44.01,38,0.219,304848.0,0,C,0,0.4746,310692.54,0.022708138313067797,3348.421256631752,2026
LN103266,Retail Term Loan,West,Manufacturing,280125.0,710,19.33,56,0.103,231850.72,0,B,0,0.7137,236589.9,0.007172486550636229,1211.1045619344584,2024
LN103267,Credit Card,East,Technology,29046.0,683,11.79,19,0.098,86618.1,0,B,0,0.5164,98413.34,0.007324450807559871,372.23334196808975,2025
LN103268,SME Loan,South,Manufacturing,47828.0,681,38.48,64,0.834,323752.8,0,B,0,0.1119,334511.3,0.014425273976181494,539.9641791553448,2025
LN103269,Retail Term Loan,West,Manufacturing,65152.0,670,47.84,36,0.023,268178.46,0,C,0,0.6667,275164.68,0.026390979905405135,4841.485755889507,2024
LN103270,SME Loan,East,Retail,260118.0,702,26.73,28,1.723,169056.69,0,B,0,0.05,171572.84,0.006469487730980688,55.49941916747563,2026
LN103271,Auto Loan,South,Healthcare,201621.0,732,37.26,23,1.153,59857.07,0,A,0,0.05,64617.85,0.007845852321460782,25.34910542151523,2026
LN103272,Credit Card,East,Manufacturing,152363.0,795,26.6,21,0.223,210097.22,0,AA,0,0.3575,272494.46,0.003865796084785505,376.5933659322622,2024
LN103273,Credit Card,North,Retail,48459.0,677,41.39,37,0.018,125674.95,1,C,0,0.9337,153901.68,0.026135098837381486,3755.561396563068,2026
LN103274,Credit Card,Central,Healthcare,51669.0,664,46.24,81,0.093,124217.7,1,C,0,0.9095,149490.14,0.03370175808885042,4582.134246535554,2026
LN103275,Credit Card,West,Technology,47550.0,656,28.58,34,0.075,126364.74,0,C,0,0.7272,156718.21,0.016249292132046494,1851.8584150572651,2023
LN103276,Auto Loan,South,Healthcare,48745.0,786,18.64,6,1.77,117496.32,0,AA,0,0.05,124608.68,0.00219470107535034,13.67394019969932,2024
LN103277,Auto Loan,West,Services,170456.0,735,13.06,56,0.751,65467.6,5,A,0,0.4723,67417.13,0.014423468342306268,459.2592492662023,2022
LN103278,Retail Term Loan,North,Other,65590.0,567,44.03,23,0.235,41543.43,0,E,0,0.6236,43978.46,0.05802819007871081,1591.4212360448641,2022
LN103279,Retail Term Loan,South,Manufacturing,70539.0,564,17.22,66,0.102,35956.06,1,E,0,0.8081,36873.88,0.03489494300013223,1039.791919355402,2023
LN103280,Credit Card,West,Technology,114824.0,636,36.84,39,0.102,147973.24,0,D,0,0.6682,174347.04,0.025290858469099085,2946.3519344443957,2023
LN103281,Retail Term Loan,North,Retail,30041.0,705,42.11,42,0.239,21995.17,0,B,0,0.5216,22175.3,0.014970151534103204,173.15430084548606,2026
LN103282,Retail Term Loan,West,Manufacturing,77203.0,688,25.48,74,0.034,199506.68,0,B,0,0.6455,204063.47,0.01096364871419611,1444.164369409773,2024
LN103283,Retail Term Loan,Central,Other,41026.0,723,29.84,62,0.152,171024.69,0,A,0,0.5432,177978.04,0.00873250801028174,844.2385392871454,2025
LN103284,Retail Term Loan,East,Healthcare,63788.0,679,44.99,21,0.089,97084.65,0,C,0,0.5331,97655.02,0.021804005389949085,1135.1141474964109,2026
LN103285,Credit Card,South,Services,54323.0,781,21.49,24,0.133,246179.46,0,AA,0,0.4007,307593.18,0.0038467834159214985,474.1260085103947,2024
LN103286,Credit Card,West,Manufacturing,52805.0,740,20.17,9,0.231,100027.12,0,A,0,0.5767,107942.31,0.005340425518785632,332.4432518300821,2025
LN103287,Auto Loan,South,Healthcare,84907.0,695,28.95,105,0.889,160852.61,0,B,0,0.05,167674.22,0.009196884023073866,77.10401774996863,2024
LN103288,Retail Term Loan,West,Technology,84703.0,764,48.61,29,0.247,30470.88,1,AA,1,0.6908,31591.16,0.013538989367551584,295.4637116540273,2023
LN103289,Auto Loan,West,Manufacturing,66459.0,583,52.94,74,1.371,24983.52,0,D,0,0.05,26404.27,0.04973944461033939,65.66668625707231,2025
LN103290,Auto Loan,North,Other,91961.0,684,30.72,36,0.946,101774.79,0,B,0,0.05,106954.27,0.010654522810970988,56.97733547228751,2025
LN103291,Credit Card,North,Healthcare,46514.0,699,22.74,24,0.142,161336.28,5,B,0,0.98,195679.18,0.032051051354168116,6146.288978179076,2025
LN103292,Auto Loan,North,Retail,109110.0,729,45.83,48,0.584,233381.5,0,A,1,0.0643,237718.29,0.01226081738867854,187.41010095598304,2024
LN103293,Auto Loan,North,Services,66959.0,579,10.3,41,1.491,105996.78,0,E,0,0.05,111320.64,0.013263850667503194,73.82701725854415,2024
LN103294,Auto Loan,South,Services,57482.0,673,35.22,66,1.423,142606.48,0,C,0,0.05,148550.27,0.012086927864326387,89.7758198858104,2024
LN103295,SME Loan,North,Retail,48442.0,716,31.43,66,1.464,208066.82,1,B,0,0.05,209304.67,0.009113427680783538,95.3741486647632,2026
LN103296,Credit Card,Central,Manufacturing,65675.0,721,48.82,35,0.367,109734.08,0,A,0,0.4006,116790.36,0.015374369192708778,719.3085919834207,2026
LN103297,Auto Loan,Central,Retail,209839.0,767,50.14,16,1.392,181013.66,0,AA,0,0.05,189426.83,0.00794078084727652,75.20984718121527,2022
LN103298,Auto Loan,North,Services,72433.0,739,19.75,22,1.458,54452.27,0,A,0,0.05,56996.49,0.0038803165859318846,11.05822127434504,2025
LN103299,Retail Term Loan,South,Manufacturing,39967.0,686,34.18,6,0.0,37637.09,0,B,0,0.4557,39963.61,0.014846468240257673,270.37522524376675,2023
LN103300,SME Loan,West,Manufacturing,124317.0,734,24.58,42,1.043,82581.6,0,A,1,0.05,87635.24,0.005285952061075796,23.161783875043607,2025
LN103301,Retail Term Loan,West,Retail,57854.0,677,28.19,48,0.042,206400.22,0,C,0,0.7708,213924.37,0.013245644600620814,2184.1128087935617,2023
LN103302,Retail Term Loan,East,Retail,87668.0,700,40.03,23,0.006,72948.98,0,B,0,0.7863,75451.91,0.015601672574366723,925.61348481392,2024
LN103303,SME Loan,Central,Retail,53752.0,742,27.65,20,1.318,189247.75,0,A,0,0.05,195130.09,0.0050287646770933855,49.06316520150266,2024
LN103304,Credit Card,West,Healthcare,151701.0,687,34.52,48,0.027,58475.56,0,B,0,0.7462,73792.46,0.014762398348804532,812.8757232229672,2025
LN103305,Retail Term Loan,West,Technology,54194.0,714,44.44,34,0.076,79816.63,0,B,0,0.5956,84218.34,0.015413487261818775,773.147353913387,2024
LN103306,Retail Term Loan,East,Services,161792.0,752,51.7,43,0.065,142155.27,0,A,0,0.98,146123.51,0.013526163561934482,1936.9606865738897,2026
LN103307,Retail Term Loan,East,Other,42115.0,736,35.75,40,0.264,75211.01,0,A,0,0.6511,79442.66,0.009037187620179453,467.44957729879434,2022
LN103308,Auto Loan,South,Healthcare,63841.0,770,33.53,53,0.738,84683.59,0,AA,0,0.05,88342.45,0.0053761221422914535,23.74699007746378,2023
LN103309,Retail Term Loan,East,Retail,161982.0,841,17.61,36,0.277,19328.92,0,AA,0,0.6917,20219.31,0.001833721184871954,25.64586837349425,2023
LN103310,SME Loan,Central,Manufacturing,82268.0,736,52.62,37,0.824,215932.12,0,A,0,0.1169,231735.28,0.013371870333196468,362.24201813549763,2023
LN103311,SME Loan,South,Other,261594.0,660,38.44,7,1.105,110440.01,0,C,0,0.05,115797.84,0.016429606679857336,95.12564827885255,2025
LN103312,Auto Loan,North,Healthcare,64681.0,723,33.77,47,1.245,61915.0,2,A,0,0.05,66403.86,0.012595721842583962,41.820227491694375,2024
LN103313,Credit Card,East,Retail,86389.0,720,33.11,50,0.075,432817.11,4,A,0,0.98,504229.14,0.02861420480803923,14139.553564498658,2024
LN103314,Retail Term Loan,West,Manufacturing,213860.0,730,36.69,44,0.08,69068.46,0,A,0,0.6309,73301.94,0.010338257422624612,478.10505783037195,2026
LN103315,Retail Term Loan,Central,Manufacturing,32617.0,787,42.03,90,0.084,83647.76,3,AA,0,0.881,87181.38,0.015465152290616504,1187.828793691981,2025
LN103316,Credit Card,East,Services,30469.0,581,43.64,52,0.141,61205.8,0,D,0,0.7061,71620.43,0.05161761846411791,2610.3641647660984,2024
LN103317,Retail Term Loan,West,Services,48422.0,788,52.94,45,0.066,259856.95,0,AA,0,0.6469,268800.35,0.009963762862487454,1732.5682989611228,2025
LN103318,Retail Term Loan,South,Services,117313.0,810,35.15,59,0.173,327387.77,0,AA,0,0.5047,344608.1,0.004451830249258136,774.2788246491675,2023
LN103319,Retail Term Loan,East,Retail,30941.0,727,54.8,94,0.0,305276.23,0,A,0,0.6203,306929.57,0.019244206008501685,3663.873827374674,2024
LN103320,Retail Term Loan,East,Manufacturing,104153.0,728,45.75,54,0.173,303245.97,1,A,0,0.6639,319822.49,0.01776933447285445,3772.965473763087,2026
LN103321,Auto Loan,South,Services,100201.0,674,31.22,6,1.138,78994.22,0,C,0,0.05,82293.08,0.011342832882783597,46.67183269247706,2026
LN103322,Credit Card,West,Other,227103.0,690,10.32,58,0.083,386909.9,2,B,0,0.8762,496214.09,0.01105661598775894,4807.226299108611,2026
LN103323,Credit Card,Central,Other,133287.0,735,33.11,29,0.085,104644.43,0,A,0,0.7979,135829.61,0.00878373997711423,951.9680871978588,2025
LN103324,Credit Card,South,Manufacturing,91626.0,731,52.26,6,0.244,40757.74,0,A,0,0.5759,49769.7,0.016073805813964812,460.7133732449859,2025
LN103325,Credit Card,North,Healthcare,158382.0,737,21.92,85,0.2,89028.21,0,A,0,0.4402,106602.03,0.005858945499091023,274.9381279962576,2023
LN103326,Auto Loan,Central,Other,100875.0,731,33.07,81,0.948,150755.41,0,A,0,0.0801,156350.9,0.007307108480665913,91.51208628671483,2024
LN103327,Credit Card,Central,Technology,58233.0,748,34.15,28,0.078,76410.04,0,A,0,0.9547,84079.02,0.008027496012759506,644.3690347060821,2025
LN103328,Auto Loan,Central,Retail,39963.0,741,44.25,28,1.103,132996.12,0,A,0,0.05,133568.12,0.009102641542727911,60.79113589480334,2025
LN103329,Retail Term Loan,South,Retail,54835.0,623,26.96,52,0.329,174706.02,0,D,0,0.5331,180348.32,0.019817135206289502,1905.2924919127659,2023
LN103330,SME Loan,West,Services,73365.0,744,20.7,29,0.975,159959.57,1,A,0,0.05,165286.49,0.005608816387244096,46.35307868510287,2025
LN103331,Retail Term Loan,West,Retail,82578.0,811,39.41,45,0.0,189821.61,0,AA,0,0.718,195590.08,0.005280856843206566,741.6101465256875,2023
LN103332,Retail Term Loan,West,Other,23176.0,688,22.34,32,0.08,105790.19,0,B,0,0.5362,113738.92,0.009807899297742822,598.1524802211173,2025
LN103333,Retail Term Loan,Central,Technology,66469.0,787,8.14,39,0.206,72124.48,0,AA,0,0.64,73311.53,0.0023250218289404346,109.08858084033379,2024
LN103334,Auto Loan,Central,Retail,76188.0,630,55.92,17,1.018,42878.54,0,D,0,0.05,45333.14,0.0384748864966154,87.20937080175878,2024
LN103335,Auto Loan,East,Manufacturing,101355.0,688,44.05,66,1.211,112830.73,0,B,0,0.05,114470.74,0.01461631240426637,83.65700484937753,2026
LN103336,Auto Loan,North,Other,183503.0,648,56.48,74,1.328,82387.23,0,C,0,0.05,82682.29,0.030618418566659297,126.58004816349542,2026
LN103337,SME Loan,North,Manufacturing,83063.0,780,43.36,46,0.726,110454.0,0,AA,0,0.1321,115944.24,0.00669950647303832,102.61120952231828,2025
LN103338,Retail Term Loan,Central,Healthcare,45478.0,797,40.84,47,0.0,28164.98,0,AA,0,0.8128,30065.12,0.00632508202297386,154.56558370483253,2024
LN103339,Auto Loan,Central,Services,27593.0,684,36.8,62,0.851,41454.11,0,B,0,0.05,42549.08,0.013235005670038017,28.156865752745063,2024
LN103340,Retail Term Loan,North,Services,109436.0,766,29.58,48,0.159,171481.87,3,AA,0,0.98,178932.27,0.012509321592421348,2193.554882518127,2024
LN103341,Credit Card,South,Services,46502.0,797,38.66,86,0.105,38193.09,0,AA,0,0.7619,49490.98,0.0057435474154698156,216.5729628052413,2025
LN103342,Retail Term Loan,South,Retail,120814.0,688,24.81,19,0.046,105053.23,5,B,1,0.98,110673.67,0.038787378996941194,4206.886751606952,2025
LN103343,Retail Term Loan,South,Healthcare,161753.0,698,18.1,67,0.252,67083.27,0,B,0,0.5826,70322.33,0.007450560190469716,305.2478823477006,2023
LN103344,Auto Loan,West,Retail,32080.0,738,27.68,45,1.61,64165.28,0,A,0,0.05,68769.1,0.004853053072094639,16.687004601009175,2024
LN103345,Credit Card,East,Manufacturing,101710.0,635,48.79,23,0.167,127384.1,0,D,0,0.693,161151.77,0.0364159646323421,4066.868529634214,2025
LN103346,Credit Card,East,Services,152693.0,697,15.98,97,0.223,122423.2,2,B,0,0.6329,139778.79,0.011936719177936164,1055.9937533283373,2022
LN103347,Auto Loan,East,Manufacturing,131362.0,829,16.19,100,1.588,175894.96,3,AA,0,0.05,189219.32,0.003086424930069111,29.200561324936242,2022
LN103348,Credit Card,West,Retail,23676.0,657,39.69,43,0.273,55483.63,0,C,0,0.4264,61404.85,0.02171159159251828,568.4752114599344,2025
LN103349,Auto Loan,West,Other,46898.0,745,26.6,58,1.43,64610.18,0,A,0,0.05,68632.94,0.0045902824351196836,15.752228947631158,2026
LN103350,Retail Term Loan,North,Other,37092.0,724,38.31,38,0.071,263420.89,0,A,0,0.9136,276359.49,0.011553856615160124,2917.1411732640036,2023
LN103351,Retail Term Loan,North,Other,100023.0,679,44.87,41,0.104,102539.61,0,C,0,0.6509,104804.73,0.021639874513055397,1476.2159487085412,2026
LN103352,Retail Term Loan,South,Manufacturing,94143.0,704,38.0,23,0.479,155029.33,0,B,0,0.2542,160049.64,0.012484254461321164,507.9171298659635,2026
LN103353,Retail Term Loan,East,Retail,18000.0,804,23.78,20,0.201,84733.2,0,AA,0,0.4245,90674.83,0.0032571486584905664,125.37242467923139,2023
LN103354,Auto Loan,Central,Manufacturing,63563.0,726,48.68,89,0.917,165035.9,0,A,1,0.05,171384.79,0.012684376608726018,108.69546106837106,2023
LN103355,Auto Loan,Central,Retail,116499.0,736,41.65,47,1.047,21017.74,0,A,0,0.05,21510.7,0.008920014519160952,9.593787815865776,2024
LN103356,Auto Loan,West,Technology,81359.0,794,32.35,49,1.483,268667.14,4,AA,0,0.05,290085.23,0.009660845601250585,140.1234309116632,2025
LN103357,Auto Loan,North,Healthcare,81283.0,671,31.72,30,1.608,87251.12,0,C,0,0.05,89357.83,0.010517711105545209,46.991992047921045,2024
LN103358,Credit Card,North,Retail,61359.0,622,36.86,52,0.0,50061.26,0,D,0,0.7619,64352.05,0.02962507334413995,1452.5122178148606,2025
LN103359,Credit Card,East,Manufacturing,41891.0,805,27.94,15,0.178,57039.51,1,AA,0,0.8051,64276.31,0.004817468367363025,249.29848251665442,2023
LN103360,Retail Term Loan,East,Retail,74300.0,699,10.79,31,0.193,99781.23,0,B,0,0.6653,107495.54,0.005935743411130169,424.50527206476914,2023
LN103361,Retail Term Loan,West,Retail,77180.0,748,41.75,22,0.252,111076.03,0,A,0,0.4172,113839.0,0.00977495600404621,464.24815154241406,2025
LN103362,Auto Loan,North,Technology,105202.0,640,40.98,76,1.547,132466.16,0,C,0,0.05,141589.78,0.01924407756164059,136.2382354127814,2024
LN103363,Auto Loan,Central,Manufacturing,110009.0,715,5.0,12,1.208,52072.4,0,B,0,0.05,55704.85,0.003256766379579694,9.070884132976497,2024
LN103364,Retail Term Loan,East,Technology,78627.0,619,38.64,22,0.048,220811.98,0,D,0,0.7917,221193.62,0.03181982351604154,5572.255322823908,2025
LN103365,Retail Term Loan,East,Retail,136960.0,694,54.83,6,0.202,83137.82,0,B,0,0.5316,88022.04,0.025022453217233308,1170.863554137059,2023
LN103366,Credit Card,North,Healthcare,61025.0,648,17.34,28,0.204,80276.11,1,C,1,0.7051,97105.72,0.015425077418148506,1056.143376690136,2024
LN103367,Credit Card,Central,Other,33895.0,633,31.05,38,0.055,102422.24,0,D,0,0.6213,114479.2,0.021964240759118167,1562.2269839648936,2026
LN103368,Retail Term Loan,East,Services,97501.0,670,29.63,70,0.341,190847.33,0,C,0,0.5692,197520.9,0.013734281806816418,1544.1301447388541,2026
LN103369,Auto Loan,South,Healthcare,80399.0,541,53.59,43,1.497,117185.86,0,E,0,0.05,118361.97,0.07210783651927363,426.74127914295855,2024
LN103370,SME Loan,South,Manufacturing,98573.0,615,46.57,39,1.172,82092.87,3,D,0,0.2232,83002.94,0.06768540291660556,1253.9571159747452,2024
LN103371,Retail Term Loan,South,Other,37414.0,741,20.58,55,0.129,95666.79,1,A,0,0.8104,95865.89,0.007146549523564415,555.2134118417209,2022
LN103372,SME Loan,North,Retail,200823.0,713,36.45,38,1.206,281716.41,0,B,0,0.05,287608.71,0.009053719922295747,130.196435377639,2023
LN103373,Retail Term Loan,Central,Healthcare,110860.0,620,61.93,101,0.189,251200.6,0,D,1,0.6834,264370.27,0.062111086864213884,11221.649971248833,2022
LN103374,Auto Loan,Central,Healthcare,64013.0,726,23.88,35,0.812,155023.88,4,A,0,0.541,158512.83,0.01680148117079229,1440.8184277585335,2024
LN103375,Auto Loan,Central,Technology,44835.0,633,31.86,57,1.177,133155.58,0,D,0,0.05,137199.29,0.016954818921546346,116.30945590573623,2026
LN103376,Retail Term Loan,South,Retail,135629.0,737,38.68,66,0.0,606082.69,1,A,0,0.872,634623.5,0.013633136763443748,7544.464620789539,2023
LN103377,SME Loan,East,Healthcare,40916.0,682,24.07,34,1.003,165994.05,0,B,0,0.05,174427.76,0.008666111364139169,75.58051965786699,2026
LN103378,Auto Loan,East,Retail,260145.0,669,54.92,52,0.916,136172.04,0,C,0,0.05,145549.35,0.02654372537700957,193.17109876011241,2024
LN103379,SME Loan,East,Technology,53529.0,684,25.86,37,0.989,104170.95,0,B,0,0.05,107174.51,0.00903120643660344,48.39575622759099,2022
LN103380,Retail Term Loan,East,Technology,193208.0,850,13.94,54,0.277,154046.85,0,AA,0,0.5091,163030.57,0.0014945454217774041,124.04557098885998,2023
LN103381,SME Loan,East,Retail,67764.0,641,25.18,50,1.405,14236.58,0,C,0,0.05,14629.74,0.01200080314289942,8.77843148859007,2024
LN103382,SME Loan,West,Manufacturing,178913.0,705,40.49,45,0.855,246384.33,1,B,0,0.2527,260389.37,0.015759690942059156,1036.9938701380258,2023
LN103383,Auto Loan,North,Services,50064.0,741,21.62,23,1.207,49266.95,0,A,0,0.05,52938.62,0.004309962728065108,11.408173953760105,2025
LN103384,Retail Term Loan,North,Other,75781.0,627,35.93,89,0.268,72590.68,4,D,0,0.98,74541.95,0.0702226673940994,5129.843870522435,2023
LN103385,Credit Card,Central,Technology,116758.0,586,39.31,61,0.287,45031.58,0,D,0,0.4226,54788.85,0.04165057563906614,964.3677658298949,2025
LN103386,Auto Loan,Central,Technology,107946.0,651,16.28,13,1.561,71664.94,1,C,0,0.05,73089.7,0.010252399683556582,37.46724085756228,2023
LN103387,SME Loan,Central,Services,137401.0,739,24.67,39,1.111,94562.78,0,A,0,0.05,98516.41,0.004964181718176197,24.452668073117533,2025
LN103388,Auto Loan,South,Healthcare,57362.0,668,36.54,13,0.949,223639.99,1,C,0,0.05,232899.36,0.01932406509627231,225.02811967600798,2024
LN103389,Retail Term Loan,East,Retail,78581.0,675,41.13,65,0.202,295845.4,2,C,0,0.6952,315065.81,0.03257236703351032,7134.447733946613,2025
LN103390,Retail Term Loan,North,Services,149023.0,749,25.0,48,0.278,466970.0,1,A,0,0.8559,496162.22,0.007331294996582405,3113.3461792781127,2025
LN103391,Credit Card,South,Manufacturing,50886.0,638,33.97,48,0.247,128902.73,0,D,0,0.1606,159923.69,0.021869210261100173,561.6832112559651,2024
LN103392,SME Loan,West,Retail,102759.0,684,28.31,29,1.531,102940.1,0,B,0,0.05,104354.74,0.00849703536921519,44.33529583626276,2026
LN103393,Retail Term Loan,South,Technology,66483.0,592,41.46,41,0.216,207097.41,5,D,0,0.8487,211293.21,0.14305861040968462,25653.920552946343,2026
LN103394,Credit Card,East,Services,83992.0,711,38.75,65,0.023,65995.8,0,B,0,0.7846,77358.59,0.013431150168103203,815.2110427443073,2026
LN103395,SME Loan,North,Services,78570.0,705,27.14,71,1.189,61031.9,0,B,0,0.05,65767.72,0.00730334871136824,24.016229655581363,2023
LN103396,Retail Term Loan,East,Services,48615.0,742,38.22,67,0.04,92799.63,0,A,0,0.7715,97840.31,0.009772355231781386,737.654499684823,2025
LN103397,Retail Term Loan,West,Services,64982.0,616,26.64,14,0.148,117190.73,1,D,0,0.8069,119699.59,0.028372950931040166,2740.4184659238967,2025
LN103398,Credit Card,East,Healthcare,81223.0,678,37.95,44,0.262,28238.69,2,C,0,0.8012,32346.58,0.02825820655675694,732.3419388425839,2025
LN103399,Credit Card,East,Retail,70880.0,607,38.13,54,0.149,253244.74,1,D,0,0.7204,276975.88,0.04401563059080797,8782.589479190308,2025
LN103400,Retail Term Loan,Central,Retail,178126.0,674,62.82,32,0.0,141959.79,0,C,0,0.6926,146988.76,0.040679793686549705,4141.38260573953,2023
LN103401,Credit Card,South,Manufacturing,130708.0,786,27.63,12,0.045,209815.81,0,AA,0,0.5424,222278.71,0.0045616560293825804,549.971371186856,2023
LN103402,Auto Loan,South,Technology,87968.0,669,30.16,20,1.271,39970.89,3,C,0,0.05,40339.18,0.024181242888563565,48.77257547527428,2024
LN103403,SME Loan,West,Other,49292.0,601,23.59,81,0.849,75334.94,0,D,0,0.05,81259.27,0.01925615635869056,78.23706043565267,2024
LN103404,SME Loan,East,Healthcare,47669.0,646,18.57,22,1.148,72707.75,0,C,0,0.05,73645.06,0.00990586979787447,36.475918780832664,2024
LN103405,Credit Card,Central,Retail,222090.0,585,26.07,49,0.029,104122.87,4,D,0,0.98,118024.2,0.08085781307586574,9352.315127988022,2026
LN103406,Auto Loan,North,Services,43037.0,606,40.65,45,1.626,117213.6,5,D,0,0.05,121682.55,0.08979925490460594,546.3501162446229,2026
LN103407,Retail Term Loan,North,Retail,79847.0,734,41.59,45,0.193,220567.15,0,A,0,0.7564,233773.48,0.011291411763613311,1996.61811535101,2025
LN103408,Auto Loan,South,Manufacturing,91470.0,596,35.84,41,1.04,128589.26,0,D,0,0.05,131975.85,0.028232971583686213,186.3035211391417,2024
LN103409,Retail Term Loan,East,Manufacturing,63197.0,710,28.16,65,0.084,71416.82,4,B,0,0.98,74324.09,0.02688389903409842,1958.158904734019,2025
LN103410,Credit Card,Central,Healthcare,43219.0,692,25.59,49,0.228,554957.39,1,B,0,0.6325,617255.04,0.013071297603495348,5103.215135624122,2026
LN103411,Retail Term Loan,East,Other,48706.0,655,20.08,34,0.301,99642.96,0,C,0,0.3573,102933.71,0.011837526797057305,435.3631006741863,2025
LN103412,Auto Loan,East,Other,55529.0,705,24.76,49,1.055,63606.59,4,B,0,0.5948,65976.79,0.019831139191581332,778.2332900315392,2025
LN103413,Retail Term Loan,North,Technology,50768.0,629,15.16,20,0.155,32068.86,0,D,0,0.3541,34572.17,0.013483677126567043,165.0672481548392,2023
LN103414,Retail Term Loan,East,Other,155669.0,745,49.65,58,0.0,127839.88,1,A,0,0.9531,132477.91,0.01785772781920317,2254.800574717444,2024
LN103415,Retail Term Loan,East,Retail,74624.0,645,55.88,33,0.064,194616.1,0,C,0,0.8035,197115.97,0.04234687070032087,6707.010951377617,2025
LN103416,Credit Card,East,Services,56227.0,665,6.83,34,0.072,54028.54,0,C,0,0.756,58085.8,0.007486706077502741,328.7627117787162,2026
LN103417,Credit Card,West,Services,79544.0,657,35.76,59,0.143,185858.39,0,C,0,0.5143,206082.38,0.01983308150231027,2102.0719748988777,2025
LN103418,Retail Term Loan,East,Services,108296.0,735,35.54,39,0.188,127235.6,0,A,0,0.3387,129807.3,0.009241795404729714,406.32230467649384,2024
LN103419,SME Loan,North,Healthcare,62050.0,725,34.71,40,1.652,34678.97,0,A,0,0.05,35526.02,0.006808264451121471,12.09352695279152,2025
LN103420,SME Loan,North,Manufacturing,123172.0,520,24.29,74,1.374,185948.89,0,E,0,0.05,189956.71,0.03700624157001068,351.47919490522315,2024
LN103421,Retail Term Loan,North,Other,37276.0,707,45.29,27,0.217,99679.16,0,B,0,0.7876,102645.12,0.016329067628852716,1320.0956560838408,2024
LN103422,Credit Card,West,Healthcare,142837.0,577,37.34,59,0.042,54555.31,0,E,0,0.7652,64205.76,0.04527988280526897,2224.6118513484125,2024
LN103423,Auto Loan,Central,Retail,74632.0,668,45.44,69,0.733,234468.83,0,C,0,0.2256,240746.28,0.020855979154839412,1132.7374640275257,2025
LN103424,Retail Term Loan,Central,Healthcare,73045.0,683,22.41,74,0.0,231365.19,1,B,0,0.98,234816.47,0.013653303654825984,3141.9001567030496,2026
LN103425,Auto Loan,South,Manufacturing,51230.0,667,14.02,96,1.548,53733.58,1,C,0,0.05,55193.87,0.00821086377461323,22.659467388185597,2024
LN103426,Retail Term Loan,North,Retail,38175.0,723,37.65,34,0.285,147364.56,0,A,0,0.516,152258.35,0.010815619696208494,849.7324991328587,2023
LN103427,SME Loan,West,Manufacturing,29989.0,737,19.48,29,1.231,138349.56,0,A,0,0.05,143767.49,0.0041579326762138605,29.88877722241247,2024
LN103428,SME Loan,North,Manufacturing,49302.0,640,45.71,66,1.446,114428.22,0,C,0,0.05,120427.82,0.022902008755768664,137.90194940390666,2025
LN103429,Credit Card,West,Manufacturing,103618.0,637,5.0,69,0.0,83640.88,0,D,0,0.6678,104270.24,0.009415751703699878,655.6344803320453,2022
LN103430,Auto Loan,South,Healthcare,44203.0,688,25.91,31,1.07,108158.32,1,B,0,0.05,115304.76,0.011065971797034198,63.79796111118985,2024
LN103431,Auto Loan,Central,Healthcare,32003.0,590,23.99,59,1.431,231468.57,1,D,0,0.05,236115.8,0.02417043345473865,285.35106157561904,2022
LN103432,SME Loan,West,Other,45490.0,659,27.68,108,0.643,159795.9,2,C,0,0.4813,167660.98,0.022283489071362676,1798.1712685516802,2025
LN103433,Retail Term Loan,West,Other,60693.0,778,35.39,50,0.034,31124.16,1,AA,0,0.899,31582.05,0.008219317193025755,233.36501501384316,2023
LN103434,Retail Term Loan,East,Other,62020.0,592,37.15,68,0.189,26764.32,0,D,0,0.6224,28091.85,0.03776202948374256,660.2451987738684,2024
LN103435,Auto Loan,Central,Other,69867.0,668,40.32,83,1.314,32704.5,0,C,0,0.05,35109.04,0.015317239455742373,26.88867863706186,2024
LN103436,Retail Term Loan,East,Manufacturing,132346.0,652,41.81,103,0.081,46374.18,0,C,0,0.6017,49606.18,0.025532781791881433,762.1034540893727,2024
LN103437,Retail Term Loan,West,Healthcare,149094.0,820,29.77,53,0.143,70730.14,0,AA,0,0.6735,74170.98,0.003430521451909574,171.36880044243154,2025
LN103438,Retail Term Loan,South,Healthcare,225990.0,655,59.41,76,0.019,87409.15,0,C,0,0.7731,89343.39,0.04349408032959847,3004.1959244184504,2022
LN103439,Auto Loan,East,Manufacturing,30685.0,659,50.03,31,1.13,114617.4,0,C,0,0.05,115891.29,0.02372380513944166,137.4691190659262,2025
LN103440,Retail Term Loan,Central,Manufacturing,46841.0,623,27.94,49,0.246,117190.98,0,D,0,0.7051,121371.55,0.020870609452270455,1786.0875539819017,2023
LN103441,Retail Term Loan,South,Other,110129.0,691,30.22,38,0.248,115985.77,0,B,0,0.2169,119684.66,0.011721575811928966,304.287451728571,2025
LN103442,Retail Term Loan,North,Other,58427.0,708,27.67,7,0.227,267209.48,2,B,0,0.8,281633.41,0.015536339399879839,3500.44179528441,2022
LN103443,Auto Loan,South,Services,120412.0,632,36.72,13,1.19,37106.95,0,D,0,0.05,37422.63,0.01988024692213805,37.19855624379055,2025
LN103444,SME Loan,South,Manufacturing,84049.0,754,19.36,57,1.541,151602.39,0,A,0,0.05,152161.31,0.0032455263871188447,24.692177335178528,2025
LN103445,Retail Term Loan,East,Retail,178761.0,708,21.74,58,0.086,151087.83,0,B,0,0.6159,159858.45,0.007929035132483692,780.6675796983955,2022
LN103446,Credit Card,North,Manufacturing,133084.0,745,5.0,25,0.184,49581.25,0,A,0,0.6777,60281.77,0.0031733597663186805,129.64112541093488,2026
LN103447,Credit Card,North,Healthcare,134430.0,669,26.82,82,0.259,174363.28,5,C,0,0.98,199904.07,0.04668061733393497,9145.012487262828,2022
LN103448,Retail Term Loan,South,Retail,59797.0,706,45.84,24,0.012,155756.19,0,B,0,0.8522,165032.91,0.01767021968972194,2485.1581784806076,2023
LN103449,Credit Card,East,Manufacturing,71086.0,676,30.02,54,0.011,116421.23,2,C,0,0.98,130831.57,0.02394576653913536,3070.204986545175,2023
LN103450,Credit Card,North,Other,63409.0,785,30.75,39,0.006,22089.57,4,AA,0,0.98,23868.28,0.01459474004892332,341.3843151746172,2023
LN103451,Auto Loan,South,Healthcare,32761.0,698,35.62,50,1.158,235601.28,1,B,0,0.05,251387.78,0.013373134852263768,168.09213410756087,2026
LN103452,Retail Term Loan,South,Other,168504.0,691,18.97,68,0.045,140635.66,0,B,0,0.7343,149034.98,0.008639075315902398,945.4291793472987,2024
LN103453,Retail Term Loan,North,Other,113007.0,660,32.33,65,0.097,159173.78,0,C,0,0.9117,171056.15,0.017506439333343372,2730.162335430328,2023
LN103454,SME Loan,South,Manufacturing,62037.0,656,43.57,64,1.421,11178.43,0,C,0,0.05,11242.82,0.018514228219399773,10.407606765481608,2024
LN103455,Credit Card,South,Healthcare,153702.0,705,35.99,61,0.106,82717.39,1,B,0,0.7663,94522.73,0.016542462059002627,1198.216316451997,2025
LN103456,SME Loan,North,Healthcare,53026.0,743,44.72,20,1.081,43987.66,4,A,0,0.1603,46772.38,0.025696571084483047,192.66293292991062,2026
LN103457,SME Loan,West,Healthcare,27290.0,646,48.43,73,0.7,296749.13,0,C,0,0.3298,314059.47,0.028429086713034995,2944.594204093202,2025
LN103458,Retail Term Loan,North,Services,130522.0,698,40.61,25,0.131,55366.63,0,B,0,0.6786,57254.12,0.015689006782769806,609.5594239868011,2022
LN103459,Credit Card,East,Retail,37125.0,702,22.73,46,0.072,337977.11,0,B,0,0.8232,438601.52,0.008699312866545902,3140.945815810436,2023
LN103460,Auto Loan,West,Other,67344.0,713,27.53,40,1.221,233804.74,0,B,0,0.05,237616.79,0.006790867244316603,80.68120379553285,2026
LN103461,Credit Card,Central,Manufacturing,84003.0,579,57.11,56,0.257,140111.22,5,E,0,0.98,159184.72,0.23631712704176783,36865.71418536127,2025
LN103462,Retail Term Loan,East,Technology,92712.0,630,36.08,37,0.009,265672.5,0,D,0,0.6804,267323.29,0.026755325598606952,4866.43966021338,2023
LN103463,Retail Term Loan,East,Healthcare,119595.0,601,34.35,45,0.0,61954.46,0,D,0,0.793,62124.16,0.033372301548707795,1644.0683773772757,2025
LN103464,Credit Card,West,Healthcare,103230.0,692,20.82,84,0.197,70232.13,0,B,0,0.7932,87511.91,0.008728160637907753,605.8604441122719,2022
LN103465,Credit Card,Central,Technology,101487.0,631,30.81,20,0.089,228867.93,0,D,0,0.6857,257752.69,0.02202651966007044,3892.9895414845178,2024
LN103466,Credit Card,South,Healthcare,48549.0,658,41.31,48,0.305,62154.45,0,C,0,0.6418,70575.8,0.022445283757155477,1016.6714376717812,2022
LN103467,Retail Term Loan,West,Other,88175.0,612,32.19,23,0.135,47437.84,0,D,0,0.5053,48900.35,0.027204282407186444,672.2000499405441,2026
LN103468,Retail Term Loan,East,Healthcare,32767.0,664,25.25,63,0.14,95830.83,0,C,0,0.417,102003.48,0.013328985789548779,566.954424063686,2024
LN103469,SME Loan,North,Manufacturing,177091.0,617,28.26,32,0.801,64715.03,0,D,1,0.05,66665.24,0.01939121010099981,64.63598376367884,2023
LN103470,Auto Loan,West,Services,34677.0,739,47.49,49,1.274,442863.5,0,A,0,0.05,453775.31,0.009844246365094334,223.35379730185275,2025
LN103471,Auto Loan,Central,Services,61988.0,721,40.68,19,1.405,206488.13,0,A,0,0.05,216369.62,0.00911399096124631,98.59953804841494,2024
LN103472,Auto Loan,North,Retail,36311.0,700,38.94,76,0.685,80182.26,1,B,0,0.2533,83682.83,0.016435487626821732,348.3807440468467,2025
LN103473,Auto Loan,North,Retail,50194.0,670,37.73,50,0.618,59533.25,0,C,0,0.1128,62973.84,0.016530132072915836,117.420952655802,2026
LN103474,Auto Loan,Central,Services,75556.0,558,16.62,51,0.914,152102.84,0,E,0,0.05,157678.41,0.022884085379516812,180.4163098473229,2023
LN103475,Auto Loan,East,Healthcare,56074.0,660,35.54,66,1.347,275551.03,0,C,0,0.05,296440.71,0.014096614933256243,208.9405269705542,2024
LN103476,Credit Card,South,Manufacturing,140727.0,641,45.88,20,0.114,147102.32,1,C,0,0.9579,187795.69,0.041088789192317905,7391.4413921434125,2023
LN103477,SME Loan,West,Healthcare,84969.0,706,28.61,34,0.925,61668.4,0,B,0,0.05,61748.79,0.008110712305372643,25.041333544743562,2026
LN103478,SME Loan,South,Technology,58142.0,730,44.71,52,1.372,43894.97,0,A,0,0.05,45924.54,0.009581996264740208,22.002438536995616,2024
LN103479,Auto Loan,South,Other,69687.0,711,39.09,9,1.187,92095.75,0,B,0,0.05,97709.58,0.010085178524691223,49.27092789362996,2024
LN103480,Auto Loan,South,Manufacturing,146690.0,772,42.76,12,1.118,149693.62,0,AA,0,0.05,155677.39,0.006419143055839897,49.965771848488984,2025
LN103481,Credit Card,East,Services,123639.0,653,32.66,30,0.121,86327.87,0,C,0,0.6011,95016.82,0.018792450611756713,1073.3234970685562,2026
LN103482,Credit Card,North,Other,40091.0,650,43.53,23,0.19,242958.52,0,C,0,0.5174,312577.21,0.026711915569548546,4320.049948381763,2024
LN103483,Auto Loan,South,Retail,51580.0,757,12.96,40,1.737,173558.15,2,A,0,0.05,182935.44,0.004129368480765467,37.77039199754812,2022
LN103484,Credit Card,South,Technology,97380.0,701,32.43,59,0.189,141689.26,2,B,0,0.899,173953.48,0.019480698306237058,3046.473001616838,2024
LN103485,Credit Card,North,Manufacturing,91089.0,674,41.27,64,0.0,171178.27,0,C,0,0.6811,184609.16,0.020806771427323754,2616.187237602024,2022
LN103486,Credit Card,West,Healthcare,42089.0,810,35.85,88,0.083,45380.74,0,AA,0,0.4948,49440.91,0.004659036787053158,113.97570474162018,2024
LN103487,Credit Card,North,Services,113240.0,728,46.24,48,0.03,84667.4,0,A,1,0.4951,104409.25,0.01444277031843815,746.5904102325293,2024
LN103488,Retail Term Loan,Central,Other,45948.0,678,29.96,51,0.242,57934.83,0,C,0,0.5039,59147.2,0.013185394954872294,392.98112508806304,2024
LN103489,Auto Loan,North,Retail,153637.0,645,24.88,47,1.336,157049.78,0,C,0,0.05,161882.99,0.011644030479327126,94.24852348223042,2024
LN103490,Auto Loan,South,Services,100352.0,776,10.69,55,0.947,58556.04,0,AA,0,0.1313,61658.62,0.00231771291713658,18.763686477520928,2025
LN103491,Retail Term Loan,North,Technology,40243.0,703,28.45,57,0.211,127083.95,0,B,0,0.4192,131298.95,0.009971706670969851,548.8479188621766,2023
LN103492,SME Loan,South,Retail,56064.0,692,38.72,68,1.394,106947.03,5,B,0,0.3853,110342.82,0.041043894361501784,1744.9848030519186,2024
LN103493,Credit Card,West,Retail,55531.0,734,41.89,68,0.028,182634.37,0,A,0,0.5843,224896.16,0.011889961650320417,1562.4221251546371,2024
LN103494,Retail Term Loan,North,Other,81894.0,747,13.81,59,0.2,51926.14,0,A,0,0.5824,54060.96,0.0041075101797824545,129.32538151118015,2025
LN103495,Credit Card,East,Retail,67041.0,726,47.28,81,0.287,164633.96,0,A,0,0.8068,184707.05,0.014249177797499322,2123.4359571734085,2024
LN103496,Credit Card,West,Retail,39944.0,747,19.33,49,0.005,56761.48,0,A,0,0.7053,66204.2,0.005150778113117533,240.50951771460825,2023
LN103497,Credit Card,East,Technology,34836.0,719,30.43,35,0.118,61097.31,0,B,0,0.6718,74345.16,0.009326957834822952,465.8356411144989,2025
LN103498,Auto Loan,North,Services,101438.0,726,24.61,38,1.171,108600.33,0,A,0,0.05,112813.44,0.005530053757425167,31.193219388002934,2023
LN103499,SME Loan,West,Healthcare,87787.0,642,37.42,46,1.141,276862.97,0,C,0,0.05,295084.37,0.018711582253675984,276.0747730514579,2024
LN103500,Auto Loan,North,Services,79482.0,808,33.22,24,0.979,66577.76,0,AA,0,0.05,71439.22,0.0034677789861586425,12.386771295178212,2024
LN103501,Auto Loan,North,Services,87042.0,610,40.81,35,0.977,34571.41,0,D,0,0.05,35174.39,0.029351314434548016,51.620729046671066,2026
LN103502,Retail Term Loan,East,Manufacturing,53361.0,710,55.97,23,0.191,61917.3,1,B,0,0.8708,64376.96,0.028890338902863622,1619.5767047379518,2025
LN103503,Credit Card,South,Retail,82987.0,603,37.17,56,0.232,91640.97,0,D,0,0.5116,114289.0,0.03373185805053719,1972.3102541358815,2025
LN103504,Credit Card,North,Technology,302980.0,684,24.5,56,0.226,443999.68,3,B,0,0.9099,572342.72,0.022877597336454496,11914.07253818746,2022
LN103505,Auto Loan,West,Healthcare,143094.0,653,37.99,9,0.979,157483.92,0,C,0,0.05,168614.15,0.017877824835006054,150.7227119201718,2023
LN103506,Auto Loan,East,Other,63999.0,699,57.29,34,1.191,70825.27,0,B,0,0.05,76253.79,0.020079322534134678,76.55622219300867,2022
LN103507,Credit Card,Central,Healthcare,56240.0,712,40.53,88,0.249,108701.16,0,B,0,0.4291,119612.58,0.013285929739353667,681.9104156433718,2024
LN103508,Credit Card,East,Services,18000.0,628,44.29,62,0.076,360383.84,2,D,0,0.6645,409540.48,0.05721883385303716,15571.513358666094,2022
LN103509,Retail Term Loan,East,Healthcare,134999.0,688,11.28,58,0.143,101415.76,0,B,0,0.5446,102708.23,0.006789214932923906,379.7540723238097,2022
LN103510,SME Loan,Central,Services,115598.0,781,37.03,33,1.178,102271.3,0,AA,0,0.05,106569.88,0.004828157396932215,25.726807720608928,2024
LN103511,Credit Card,North,Services,55611.0,605,28.52,54,0.223,90349.48,0,D,0,0.874,102961.71,0.025347669382458523,2280.9996217318694,2025
LN103512,SME Loan,South,Retail,34126.0,634,23.16,48,0.937,195339.27,5,D,0,0.453,201896.0,0.0487955149243172,4462.783534365455,2024
LN103513,SME Loan,West,Technology,39729.0,746,31.71,30,1.193,83072.43,5,A,0,0.0642,86532.8,0.02089383128681065,116.07371067921609,2022
LN103514,SME Loan,South,Services,95766.0,695,33.41,37,1.487,220984.46,0,B,0,0.05,233292.78,0.009092390949602748,106.05945807398325,2024
LN103515,Credit Card,Central,Other,71404.0,700,23.88,38,0.102,252505.05,0,B,0,0.7273,313709.75,0.009127649277114252,2082.5745102055803,2024
LN103516,Credit Card,South,Services,109713.0,756,34.45,15,0.258,184368.16,0,A,0,0.5316,208395.36,0.007165938524864117,793.8639768140741,2026
LN103517,Retail Term Loan,East,Retail,78652.0,638,29.74,19,0.292,102570.15,0,D,0,0.5775,102796.06,0.018931430953533005,1123.859185786974,2023
LN103518,Auto Loan,Central,Technology,127639.0,656,41.13,44,0.762,45085.63,0,C,0,0.0885,47302.65,0.02026344723376206,84.82855557785217,2025
LN103519,Credit Card,South,Retail,91905.0,648,34.96,29,0.0,102586.86,4,C,0,0.98,127448.32,0.06016736279449216,7514.864720848761,2025
LN103520,Auto Loan,Central,Retail,118312.0,667,36.89,41,1.491,75150.36,0,C,0,0.05,80354.26,0.013263749035434024,53.289936928400735,2025
LN103521,SME Loan,North,Other,23764.0,777,44.73,13,1.084,69559.2,0,AA,0,0.05,72476.51,0.006570836408099289,23.81156453199861,2025
LN103522,Retail Term Loan,South,Retail,38038.0,579,39.21,66,0.155,101487.35,1,E,0,0.6921,102649.22,0.058753771202480244,4174.075022785796,2024
LN103523,Auto Loan,East,Manufacturing,61381.0,612,31.92,94,1.56,167830.85,0,D,0,0.05,169141.84,0.0188224998648249,159.18361302681174,2025
LN103524,Auto Loan,East,Healthcare,135809.0,601,5.0,71,0.831,77596.68,0,D,0,0.1186,82015.4,0.010751719131875536,104.58225627120717,2024
LN103525,Auto Loan,Central,Healthcare,210983.0,781,38.68,73,0.771,45838.44,0,AA,0,0.2566,46295.94,0.005650352088274687,67.12357349871033,2026
LN103526,Retail Term Loan,Central,Services,68522.0,650,20.14,62,0.114,61336.14,0,C,0,0.4861,61629.03,0.013049324671307103,390.92999144295936,2025
LN103527,Retail Term Loan,West,Other,53577.0,669,30.88,54,0.199,391793.04,0,C,0,0.6485,405839.18,0.014956074564940618,3936.2400327891505,2022
LN103528,Credit Card,West,Retail,25591.0,585,36.82,50,0.238,176198.27,0,D,0,0.5358,201055.48,0.039415475937084714,4246.052885115242,2023
LN103529,Auto Loan,South,Manufacturing,120596.0,673,49.33,28,1.057,61379.62,3,C,0,0.3694,65342.57,0.04451026968755942,1074.368653480278,2026
LN103530,Retail Term Loan,Central,Services,55417.0,746,55.95,63,0.19,295832.89,3,A,0,0.98,308658.89,0.034308903928751786,10377.953239689861,2024
LN103531,Retail Term Loan,West,Healthcare,381676.0,706,20.02,62,0.136,101445.34,0,B,0,0.6689,108385.19,0.007555044835960787,547.7320894357618,2025
LN103532,Auto Loan,North,Services,49940.0,683,14.89,38,1.245,591173.67,1,B,0,0.05,609592.66,0.007822726208943684,238.43382390808483,2026
LN103533,Retail Term Loan,Central,Retail,238743.0,588,36.23,60,0.053,144160.65,0,D,0,0.6773,154793.03,0.039408862061272615,4131.677087423421,2022
LN103534,Credit Card,South,Healthcare,113193.0,669,35.15,33,0.292,178279.94,0,C,0,0.2693,195242.94,0.01671335566454096,878.7702529588228,2022
LN103535,Credit Card,East,Other,42604.0,700,16.38,34,0.171,215636.4,0,B,0,0.8517,261079.51,0.00706452020550415,1570.8767350975893,2026
LN103536,Retail Term Loan,East,Retail,85214.0,626,31.78,65,0.127,339568.61,0,D,0,0.5283,344650.52,0.023579558623285878,4293.339382530054,2025
LN103537,Auto Loan,Central,Other,114634.0,733,39.77,57,0.835,88251.22,0,A,0,0.05,88628.71,0.009130819124459517,40.462636012208826,2025
LN103538,Retail Term Loan,South,Services,66261.0,748,16.01,43,0.213,319634.65,1,A,0,0.7498,343115.53,0.005652405354442776,1454.1831586115604,2024
LN103539,Retail Term Loan,South,Other,118911.0,656,19.07,40,0.122,77543.34,1,C,0,0.802,80701.56,0.015412226027591744,997.520128166404,2023
LN103540,SME Loan,North,Services,117480.0,737,23.63,52,1.376,93175.02,0,A,0,0.05,94679.35,0.004573102862207046,21.648920323845136,2022
LN103541,Auto Loan,South,Manufacturing,104113.0,683,29.24,8,1.288,120751.7,0,B,0,0.05,124371.62,0.00940371172342432,58.47774305276374,2023
LN103542,SME Loan,North,Healthcare,74324.0,765,41.02,31,1.188,228558.7,0,AA,0,0.05,245579.31,0.006380599965183427,78.3471668417885,2022
LN103543,Retail Term Loan,East,Healthcare,39302.0,822,27.76,20,0.093,95234.59,4,AA,0,0.98,102555.17,0.009110223934753792,915.6145530794091,2026
LN103544,Retail Term Loan,Central,Other,71899.0,619,32.72,48,0.192,381075.18,0,D,0,0.693,387361.48,0.025522188688286214,6851.214758711727,2026
LN103545,Auto Loan,East,Other,82626.0,740,61.2,72,0.969,303689.88,0,A,0,0.1013,315966.63,0.016266250332199507,520.6407000104078,2025
LN103546,Auto Loan,Central,Manufacturing,26727.0,775,19.57,58,0.995,123372.65,3,AA,0,0.1284,131329.19,0.006740395129973082,113.66104523859134,2022
LN103547,SME Loan,Central,Technology,82316.0,627,23.51,37,1.226,61023.24,0,D,0,0.05,64549.55,0.013621886094341316,43.96433087704948,2024
LN103548,Retail Term Loan,North,Healthcare,71111.0,653,40.82,32,0.005,241839.62,1,C,0,0.98,254523.31,0.03228318799770182,8052.487389196794,2023
LN103549,SME Loan,East,Technology,36758.0,652,44.84,31,1.15,27675.6,0,C,0,0.05,29510.09,0.021435793777912417,31.628610180381774,2022
LN103550,SME Loan,East,Manufacturing,62448.0,681,37.39,92,0.756,201622.61,3,B,0,0.5284,214764.76,0.030796957138637934,3494.8910257894513,2022
LN103551,Auto Loan,South,Manufacturing,63179.0,667,55.52,49,1.272,67411.66,3,C,0,0.05,70673.64,0.05388741576702262,190.42099112244404,2025
LN103552,Retail Term Loan,Central,Healthcare,216814.0,677,36.13,52,0.179,289129.99,0,C,0,0.5979,300489.26,0.01643815432762966,2953.3203712628224,2024
LN103553,Auto Loan,South,Other,84652.0,744,6.31,6,0.709,45486.79,0,A,0,0.1437,48465.57,0.002918496243330082,20.325874117329803,2025
LN103554,Retail Term Loan,North,Services,132597.0,567,33.26,22,0.08,75486.63,0,E,0,0.6595,80098.76,0.04342557366692063,2293.9616706844326,2025
LN103555,Credit Card,East,Manufacturing,70294.0,627,24.58,47,0.052,163072.13,0,D,0,0.6388,185560.42,0.018989937714302997,2250.991186563891,2024
LN103556,Auto Loan,South,Retail,26758.0,734,49.99,37,1.646,182841.6,0,A,0,0.05,190224.76,0.010165806967643829,96.68940953131877,2023
LN103557,SME Loan,South,Services,108557.0,726,44.54,51,0.823,77418.24,0,A,0,0.0714,81084.4,0.011395584961953411,65.97389768723568,2026
LN103558,Credit Card,East,Other,52221.0,621,11.33,51,0.0,95107.16,0,D,0,0.8719,119366.4,0.013414140131900273,1396.0842019488177,2025
LN103559,Auto Loan,West,Other,62359.0,726,49.55,61,0.827,233769.86,2,A,0,0.2903,242708.24,0.02238302553603976,1577.0677362010254,2023
LN103560,Credit Card,South,Technology,42029.0,776,44.21,7,0.031,242802.58,0,AA,0,0.7172,312977.66,0.008548675947162129,1918.900582846267,2025
LN103561,Auto Loan,South,Other,78063.0,687,27.78,24,0.787,93808.82,0,B,0,0.3009,95246.22,0.009821604425265987,281.48313237881496,2024
LN103562,SME Loan,North,Services,134739.0,624,30.98,46,1.332,78452.98,0,D,0,0.05,84301.12,0.017273129949231344,72.80721003128727,2025
LN103563,Retail Term Loan,South,Other,125273.0,747,50.1,34,0.104,46024.69,0,A,0,0.8102,48048.03,0.013354611682814169,519.8751866036614,2025
LN103564,SME Loan,East,Retail,179449.0,802,6.37,41,1.056,143313.91,0,AA,0,0.1185,146196.44,0.0015262306036030087,26.440843482598606,2023
LN103565,Credit Card,West,Retail,194001.0,632,37.79,50,0.097,211946.12,0,D,0,0.7287,265692.23,0.027088301608902594,5244.564124169004,2025
LN103566,SME Loan,South,Manufacturing,24343.0,693,46.21,32,1.162,133411.86,0,B,0,0.05,133728.09,0.015106394346651262,101.00746313822356,2024
LN103567,Auto Loan,North,Services,38900.0,761,30.85,52,1.183,62802.47,3,AA,0,0.0692,62820.64,0.010517405837428478,45.721143476611914,2025
LN103568,Credit Card,East,Services,27743.0,697,40.42,60,0.181,419077.41,0,B,0,0.5161,480336.45,0.015545656837385607,3853.7938535468425,2024
LN103569,Retail Term Loan,West,Retail,106171.0,576,33.34,49,0.195,27525.4,0,E,0,0.5558,29083.56,0.03891598203775515,629.0629429362988,2022
LN103570,Credit Card,North,Services,51228.0,719,21.81,64,0.421,221905.2,4,B,0,0.753,272055.84,0.018581071636457044,3806.482056273842,2022
LN103571,Retail Term Loan,East,Manufacturing,57308.0,626,21.48,6,0.243,139657.09,0,D,0,0.4373,139711.7,0.01656534936766536,1012.0753659228229,2025
LN103572,Retail Term Loan,North,Technology,66577.0,607,41.26,35,0.268,166595.2,2,D,0,0.7697,175702.06,0.0603545923257879,8162.226847757237,2023
LN103573,Auto Loan,East,Other,92564.0,578,23.74,68,0.988,69179.95,1,E,0,0.3525,73379.06,0.03001927571374209,776.4821473987163,2025
LN103574,Retail Term Loan,West,Manufacturing,33134.0,767,12.18,29,0.0,107856.36,0,AA,0,0.9593,109854.94,0.0033844768096977754,356.66917593850843,2025
LN103575,Auto Loan,West,Technology,37529.0,636,33.59,26,1.026,147353.89,4,D,0,0.2491,149158.33,0.05014573908095584,1863.181985254639,2026
LN103576,Credit Card,West,Other,75053.0,712,25.33,45,0.329,113003.41,0,B,0,0.4569,141311.88,0.008036399272300498,518.8733172779728,2026
LN103577,Retail Term Loan,West,Retail,145009.0,728,16.41,48,0.397,34187.42,2,A,0,0.5407,35739.79,0.00859758392471833,166.14404883826057,2025
LN103578,Credit Card,South,Services,73960.0,701,32.93,36,0.081,397916.65,0,B,0,0.3423,494311.38,0.012112042668525872,2049.3913560833134,2024
LN103579,Retail Term Loan,Central,Manufacturing,48525.0,709,41.97,89,0.091,189166.96,0,B,0,0.6487,197924.28,0.014896658778781826,1912.6338674752922,2023
LN103580,Credit Card,South,Other,23011.0,715,32.26,54,0.204,122941.27,0,B,0,0.5939,149476.13,0.010048113746873706,892.0099797537256,2022
LN103581,Credit Card,South,Retail,126654.0,699,18.14,28,0.13,128619.08,0,B,0,0.6016,142367.37,0.0076235040087105355,652.9394706881928,2023
LN103582,Auto Loan,West,Manufacturing,50035.0,641,38.26,16,1.189,389985.03,0,C,0,0.05,405972.04,0.019161465256201857,388.95095697246956,2023
LN103583,Credit Card,South,Other,39901.0,635,45.46,57,0.213,71348.88,0,D,0,0.4844,76978.55,0.03247378706889958,1210.8958741377864,2024
LN103584,SME Loan,North,Healthcare,29197.0,683,60.77,28,1.146,60930.19,0,B,0,0.05,62317.58,0.02635055849567447,82.10515185494367,2025
LN103585,Credit Card,West,Healthcare,33987.0,682,50.74,95,0.28,217575.44,0,B,0,0.3181,247522.52,0.024181789358149998,1903.9994596762372,2026
LN103586,Auto Loan,West,Manufacturing,44204.0,718,18.93,57,0.882,165898.29,0,B,0,0.2185,174518.71,0.005367868941968267,204.68939355949863,2024
LN103587,Auto Loan,East,Manufacturing,65767.0,762,43.16,60,1.136,59179.32,0,AA,0,0.05,63381.66,0.00712514146517853,22.580164689892374,2026
LN103588,Credit Card,North,Services,38578.0,712,35.33,53,0.257,257126.88,0,B,0,0.6142,309725.17,0.01124559430096634,2139.2853831846714,2025
LN103589,Retail Term Loan,West,Manufacturing,83065.0,637,17.02,73,0.055,147519.78,0,D,0,0.8329,153481.46,0.01359014718099597,1737.2924970217077,2025
LN103590,Credit Card,North,Technology,65493.0,548,35.69,6,0.318,64002.44,0,E,0,0.4148,78599.56,0.052559201741469753,1713.5927782685976,2023
LN103591,Retail Term Loan,East,Retail,254572.0,640,56.94,22,0.286,169138.59,0,C,0,0.5538,180677.37,0.0433748512348945,4340.04977026609,2025
LN103592,Credit Card,East,Healthcare,29372.0,603,47.55,71,0.21,152319.0,0,D,0,0.4178,165012.63,0.04668600888633424,3218.639747982519,2025
LN103593,Retail Term Loan,West,Manufacturing,81966.0,643,18.83,81,0.076,112827.54,1,C,0,0.8516,121046.04,0.01751679336725839,1805.6802415671275,2025
LN103594,Retail Term Loan,Central,Healthcare,82532.0,706,32.18,21,0.102,157041.38,0,B,0,0.7138,164983.28,0.011214342017803799,1320.657719619482,2025
LN103595,SME Loan,North,Other,42550.0,695,38.39,8,0.681,186014.6,0,B,0,0.05,188009.96,0.013083597778712014,122.99233475158674,2026
LN103596,SME Loan,North,Manufacturing,79034.0,811,9.51,52,1.505,227562.74,0,AA,0,0.05,237818.13,0.0013776850622161806,16.381924261259286,2023
LN103597,SME Loan,East,Technology,114522.0,721,9.96,59,1.095,129359.91,0,A,0,0.05,139186.02,0.0037076066781539844,25.8023508628837,2023
LN103598,SME Loan,Central,Technology,79088.0,814,34.01,51,1.098,99291.6,0,AA,0,0.2202,100624.33,0.003254949624738903,72.1214729631174,2025
LN103599,Auto Loan,North,Manufacturing,160604.0,736,34.18,47,1.262,141859.12,0,A,0,0.05,145583.6,0.006655938247836391,48.449772574885706,2026
LN103600,Retail Term Loan,East,Services,22641.0,761,8.1,7,0.065,276195.04,3,AA,0,0.9134,290462.83,0.006795516905288691,1802.910088420444,2023
LN103601,Retail Term Loan,East,Healthcare,47194.0,667,37.04,40,0.198,186502.45,0,C,0,0.5389,195000.49,0.018516082700036383,1945.7766979499872,2022
LN103602,Auto Loan,South,Other,168809.0,620,46.13,43,1.465,95467.17,1,D,0,0.05,96865.33,0.03599501688544684,174.33345944821903,2025
LN103603,Retail Term Loan,West,Retail,123854.0,661,29.16,36,0.14,124767.08,0,C,0,0.7399,126373.65,0.015520294918620177,1451.2075396456444,2025
LN103604,SME Loan,South,Manufacturing,100965.0,689,32.78,6,1.289,385080.95,3,B,0,0.05,389608.51,0.021623576152803543,421.236464288266,2024
LN103605,Retail Term Loan,East,Services,147785.0,649,39.43,61,0.199,202754.59,1,C,0,0.7344,211443.52,0.030580335732518785,4748.640556800141,2023
LN103606,Retail Term Loan,Central,Other,26138.0,625,37.71,67,0.093,133454.43,0,D,0,0.6748,143193.01,0.02889109268927293,2791.6493034421674,2024
LN103607,Retail Term Loan,South,Technology,116172.0,717,10.31,31,0.136,266601.92,0,B,0,0.6177,277302.38,0.004987315070612176,854.2756031327388,2023
LN103608,Retail Term Loan,North,Retail,134679.0,625,20.23,44,0.115,82049.98,3,D,0,0.98,84739.94,0.03587866949654419,2979.5491744086453,2023
LN103609,Retail Term Loan,Central,Manufacturing,52206.0,590,26.85,37,0.077,151067.35,0,D,0,0.6838,153597.41,0.028751643991573955,3019.78255082784,2024
LN103610,Credit Card,South,Healthcare,318483.0,617,20.81,37,0.141,446048.16,0,D,0,0.6457,512327.96,0.0181339701149562,5998.901623565215,2022
LN103611,Retail Term Loan,West,Retail,83553.0,675,51.07,59,0.02,189611.32,0,C,0,0.8143,204577.72,0.027865903630683204,4642.115049740133,2025
LN103612,Credit Card,West,Technology,22454.0,626,40.25,59,0.197,373189.75,0,D,0,0.5786,482373.99,0.030177136576117456,8422.4868185703,2025
LN103613,SME Loan,East,Other,92498.0,675,17.57,72,1.117,113166.49,1,C,0,0.0873,117834.33,0.009505281713073098,97.78023423518258,2026
LN103614,Credit Card,North,Technology,50479.0,729,29.21,71,0.155,85982.99,0,A,0,0.6011,95662.09,0.008073707785670068,464.2582390327916,2026
LN103615,Credit Card,Central,Other,142342.0,727,46.7,44,0.245,270330.19,2,A,0,0.8827,340915.19,0.02348830091705533,7068.2366416640525,2023
LN103616,Auto Loan,West,Technology,101378.0,647,23.6,111,1.46,33370.42,0,C,0,0.05,34292.5,0.010626616333846976,18.22066203142237,2023
LN103617,Retail Term Loan,East,Retail,53981.0,605,43.07,82,0.048,136131.98,0,D,0,0.655,138168.26,0.041580476908887866,3763.041904628646,2024
LN103618,Retail Term Loan,Central,Other,171372.0,653,49.98,34,0.351,246930.07,5,C,0,0.98,249649.45,0.10500544061707967,25690.25948712037,2025
LN103619,SME Loan,West,Technology,125736.0,733,47.81,51,0.649,177905.07,0,A,0,0.0941,184295.5,0.012357284263874065,214.3025761011687,2022
LN103620,Credit Card,West,Healthcare,47567.0,748,34.35,6,0.151,27542.81,1,A,0,0.5116,31838.66,0.010292959370806234,167.65849969254742,2026
LN103621,Retail Term Loan,North,Services,68983.0,713,48.26,49,0.073,46772.49,0,B,0,0.768,47547.37,0.017566571630892504,641.467607781542,2025
LN103622,Auto Loan,West,Healthcare,99663.0,768,25.21,85,0.813,110766.27,0,AA,0,0.1004,115271.7,0.004122493315779636,47.71076399995497,2026
LN103623,Credit Card,South,Technology,61384.0,802,64.32,109,0.172,167318.26,1,AA,0,0.5639,187695.76,0.015772153326303894,1669.350559624724,2025
LN103624,Credit Card,North,Manufacturing,62400.0,659,35.13,45,0.406,171980.79,0,C,0,0.6332,206520.76,0.017847007929349092,2333.834402468121,2026
LN103625,Auto Loan,South,Services,76530.0,787,46.91,55,1.056,119483.35,4,AA,0,0.2803,126873.97,0.018253648153094323,649.1503601289984,2025
LN103626,SME Loan,North,Other,41733.0,673,27.29,61,0.761,200068.49,1,C,0,0.2622,213019.95,0.014438232623855875,806.430603323327,2024
LN103627,Credit Card,North,Technology,21965.0,756,38.49,92,0.0,162929.62,0,A,0,0.6419,171213.15,0.008705828483453705,956.7855329317948,2025
LN103628,Credit Card,West,Healthcare,85542.0,736,39.07,26,0.261,109668.74,2,A,0,0.7657,117748.06,0.016899068420428515,1523.6147623348513,2026
LN103629,Retail Term Loan,East,Services,25118.0,561,19.93,106,0.067,174829.62,3,E,0,0.9412,177117.85,0.06487342615710158,10814.615547410514,2026
LN103630,Retail Term Loan,South,Services,43437.0,627,19.54,41,0.108,76268.85,4,D,0,0.98,80775.7,0.04447050544216995,3520.293482316185,2026
LN103631,SME Loan,North,Other,28307.0,611,29.34,22,0.996,187403.95,3,D,0,0.119,195936.82,0.04347958329964074,1013.790903112149,2025
LN103632,Auto Loan,West,Retail,30291.0,574,46.37,41,0.324,66331.17,0,E,0,0.6187,69081.87,0.05717113798970029,2443.5489200019892,2025
LN103633,Auto Loan,West,Other,94820.0,747,8.19,30,1.345,168798.25,1,A,0,0.05,180976.38,0.0033229377596564144,30.0686623353964,2024
LN103634,Auto Loan,East,Healthcare,66368.0,824,27.28,57,0.985,165917.48,0,AA,0,0.05,176397.44,0.0024535003799829812,21.639559303401256,2023
LN103635,Retail Term Loan,North,Retail,65064.0,673,49.03,12,0.0,97346.82,0,C,0,0.98,97790.52,0.026780031181437153,2566.4565113519748,2024
LN103636,Credit Card,North,Other,36370.0,746,15.98,51,0.0,187158.69,1,A,0,0.8424,214199.7,0.0060806263184239925,1097.1993239032845,2023
LN103637,Retail Term Loan,North,Healthcare,52288.0,787,48.3,63,0.226,353322.25,0,AA,0,0.4915,367305.35,0.008332557296555984,1504.2813976725188,2023
LN103638,Credit Card,North,Manufacturing,92253.0,704,17.34,81,0.237,58761.19,0,B,0,0.7029,63680.01,0.006891107832343646,308.45066583776185,2023
LN103639,Auto Loan,Central,Manufacturing,72882.0,688,20.08,63,1.337,234025.54,0,B,0,0.05,234657.46,0.006613525640855938,77.59565642640634,2024
LN103640,Retail Term Loan,South,Manufacturing,117914.0,674,30.09,79,0.169,256733.13,0,C,0,0.601,274768.0,0.014013977150388355,2314.206076668402,2022
LN103641,Retail Term Loan,West,Healthcare,127522.0,725,56.35,35,0.079,103794.19,1,A,0,0.8463,106510.39,0.026106219287389633,2353.2078987549994,2026
LN103642,Credit Card,Central,Manufacturing,65285.0,747,23.68,57,0.297,210213.33,0,A,0,0.4671,221477.53,0.005489425544440761,567.8928982387383,2026
LN103643,Retail Term Loan,Central,Services,27079.0,720,9.47,6,0.0,100412.92,0,A,0,0.7751,106960.06,0.004884894916565892,404.98095522676357,2025
LN103644,Retail Term Loan,South,Retail,49468.0,718,13.77,45,0.103,289117.68,0,B,0,0.8238,307687.09,0.005562772455154314,1410.0105350504634,2024
LN103645,Credit Card,East,Manufacturing,71077.0,687,44.12,57,0.166,17641.0,0,B,0,0.3344,21908.34,0.01928574538167383,141.29024223648682,2026
LN103646,Auto Loan,East,Services,48931.0,586,14.39,58,1.399,329941.1,0,D,0,0.05,351839.19,0.014453411915019296,254.2638370458369,2024
LN103647,Auto Loan,North,Healthcare,41991.0,748,47.44,13,1.011,55086.08,0,A,0,0.05,56192.36,0.00964323573129988,27.09380868890331,2025
LN103648,Retail Term Loan,West,Other,77933.0,606,32.91,39,0.098,127800.53,0,D,0,0.4569,133859.24,0.029712525423481538,1817.226575145071,2025
LN103649,SME Loan,East,Retail,285475.0,730,31.58,42,0.846,67878.99,5,A,0,0.4525,71047.12,0.02642479207359517,849.5259314760636,2025
LN103650,Retail Term Loan,South,Healthcare,57339.0,739,35.86,39,0.028,342081.46,0,A,0,0.661,353873.35,0.009360236956479915,2189.4556880735954,2025
LN103651,Retail Term Loan,East,Technology,74884.0,616,21.59,64,0.136,102222.39,3,D,0,0.8119,106858.11,0.04047703663256765,3511.7107719977425,2023
LN103652,Retail Term Loan,West,Retail,36447.0,650,33.79,43,0.193,82106.62,0,C,0,0.5254,87071.38,0.019673001096105928,899.986743085886,2025
LN103653,Retail Term Loan,North,Technology,148615.0,828,16.49,50,0.117,262858.74,0,AA,0,0.5881,266792.67,0.002090645218984232,328.02384303937583,2022
LN103654,Retail Term Loan,West,Other,121340.0,685,49.54,37,0.15,200334.36,3,B,0,0.8586,215980.97,0.05013285988645738,9296.700746959983,2024
LN103655,Retail Term Loan,Central,Manufacturing,116821.0,611,18.65,71,0.172,95006.7,0,D,0,0.6296,98571.0,0.017796344784347627,1104.4465246942007,2022
LN103656,Retail Term Loan,West,Technology,158440.0,742,37.71,73,0.0,59958.9,0,A,0,0.621,63282.29,0.009714315904231337,381.75612100217455,2024
LN103657,Auto Loan,West,Manufacturing,59291.0,640,18.55,41,1.451,54550.15,0,C,0,0.05,58506.5,0.009703816739888804,28.386817704615215,2025
LN103658,SME Loan,North,Other,63508.0,565,25.07,111,0.849,292961.2,0,E,0,0.3294,315660.83,0.028353217838034586,2948.1300908896305,2025
LN103659,Retail Term Loan,West,Technology,192082.0,724,27.14,31,0.089,160893.48,0,A,0,0.5748,168444.48,0.00806671277432475,781.0343535360656,2024
LN103660,Retail Term Loan,West,Manufacturing,106217.0,630,70.76,70,0.095,135487.48,0,D,0,0.7672,145887.47,0.07556553605449659,8457.662571474188,2026
LN103661,SME Loan,East,Technology,22130.0,711,31.81,27,0.913,169364.41,0,B,0,0.05,177165.79,0.008584594877241617,76.04482666282321,2024
LN103662,SME Loan,East,Retail,96317.0,637,21.32,65,1.766,30674.56,0,D,0,0.05,31300.49,0.010060699156240808,15.745240666646191,2022
LN103663,Credit Card,West,Manufacturing,54465.0,736,26.22,63,0.0,95614.42,0,A,0,0.82,111167.08,0.0071414870935948074,650.9965789831496,2023
LN103664,Retail Term Loan,North,Other,122914.0,702,12.44,26,0.316,97408.52,2,B,0,0.7348,98329.43,0.009931091391668872,717.5458348170555,2025
LN103665,Auto Loan,South,Retail,93878.0,522,29.88,45,1.156,238522.14,0,E,0,0.05,252372.36,0.0455306458771523,574.5338276170597,2026
LN103666,Retail Term Loan,West,Manufacturing,28795.0,715,56.06,89,0.27,42911.0,0,B,0,0.5994,43715.86,0.02095442976418369,549.0749262197618,2025
LN103667,Retail Term Loan,Central,Technology,86951.0,671,36.37,30,0.038,250897.91,0,C,1,0.9788,259232.26,0.01817592372407474,4611.895925946425,2025
LN103668,Auto Loan,South,Retail,84212.0,782,43.74,57,1.015,421402.2,5,AA,0,0.4764,434095.14,0.022659723070629273,4686.097003807559,2025
LN103669,Auto Loan,East,Technology,91596.0,716,20.17,55,1.035,36021.94,0,B,0,0.05,36702.06,0.005473517795531253,10.044468927132787,2025
LN103670,Auto Loan,Central,Manufacturing,102928.0,739,29.36,47,0.909,121407.06,0,A,0,0.05,128400.2,0.006072132653902231,38.98315235937886,2026
LN103671,Credit Card,North,Healthcare,170762.0,644,34.65,10,0.115,170209.65,4,C,0,0.98,186479.08,0.06011623014606219,10986.210904891823,2024
LN103672,Retail Term Loan,South,Retail,94172.0,639,22.57,66,0.042,221103.9,0,D,0,0.8074,237762.81,0.015940954114992797,3060.1800642984176,2025
LN103673,Retail Term Loan,North,Retail,75951.0,688,37.2,48,0.2,26372.44,0,B,0,0.5525,26386.48,0.015228138747215124,222.00388061606583,2025
LN103674,Credit Card,South,Healthcare,141016.0,667,40.0,72,0.124,151991.36,0,C,0,0.4282,197346.76,0.020706237003156366,1749.7574214651013,2024
LN103675,SME Loan,West,Technology,257494.0,777,39.06,53,0.765,102963.24,0,AA,0,0.05,106787.73,0.005953032022189571,31.785538813346694,2024
LN103676,Retail Term Loan,South,Manufacturing,124061.0,680,30.04,49,0.159,98415.51,0,B,0,0.8491,103017.59,0.013245868535517668,1158.6457341793932,2024
LN103677,Auto Loan,Central,Technology,84007.0,610,46.18,56,1.227,510724.05,0,D,0,0.05,515625.95,0.03257624561866693,839.8578797279237,2026
LN103678,Retail Term Loan,Central,Technology,95143.0,636,28.65,26,0.0,103192.88,5,D,0,0.98,110299.29,0.07100817349310073,7675.508098076114,2023
LN103679,Retail Term Loan,Central,Services,86342.0,753,27.47,82,0.36,164414.51,5,A,0,0.7649,167335.41,0.0211303204409417,2704.572303245074,2023
LN103680,Credit Card,West,Services,75768.0,679,50.74,40,0.114,110306.15,0,C,0,0.8388,139612.53,0.025939293642482993,3037.6726054513633,2025
LN103681,Retail Term Loan,West,Manufacturing,246739.0,676,17.61,40,0.174,142074.42,0,C,0,0.657,148491.18,0.009244844438080569,901.9150537092524,2024
LN103682,Auto Loan,East,Other,49675.0,759,9.86,76,0.962,176679.58,0,A,0,0.05,176746.42,0.002649733446165144,23.4165450281976,2025
LN103683,Auto Loan,Central,Manufacturing,141555.0,631,20.72,53,0.821,224265.24,4,D,0,0.6111,235435.41,0.0372332479976376,5356.9178823615985,2025
LN103684,Retail Term Loan,North,Technology,69984.0,545,37.03,43,0.0,69659.0,0,E,0,0.6867,70792.56,0.060789716153382065,2955.1857266652105,2024
LN103685,Retail Term Loan,West,Other,33224.0,635,48.69,57,0.283,133530.54,0,D,0,0.322,141654.16,0.03526933519166982,1608.7274722076857,2024
LN103686,Retail Term Loan,North,Retail,67621.0,706,23.41,62,0.276,136874.63,5,B,0,0.98,140023.57,0.029632232123827606,4066.226710466083,2025
LN103687,SME Loan,South,Services,55521.0,674,55.59,45,1.455,37858.79,3,C,0,0.05,39680.54,0.04841460595896614,96.05588541694974,2022
LN103688,Credit Card,South,Healthcare,103044.0,589,32.35,68,0.191,61554.8,0,D,0,0.5088,77331.41,0.033461933907596615,1316.6006602681591,2025
LN103689,Auto Loan,West,Technology,78862.0,756,30.5,20,1.244,223886.27,0,A,0,0.05,239667.79,0.0049045658928733235,58.77332342271632,2025
LN103690,Retail Term Loan,West,Manufacturing,42750.0,701,20.95,54,0.0,86864.61,2,B,0,0.98,89338.5,0.014232388565310075,1246.070240925115,2025
LN103691,Credit Card,North,Technology,168434.0,715,57.37,66,0.208,746871.83,0,B,0,0.4464,821569.61,0.022178499882728415,8133.935421170666,2025
LN103692,Retail Term Loan,West,Manufacturing,136601.0,717,30.05,62,0.175,235483.53,3,B,0,0.98,245564.53,0.020172902775525286,4854.674401031411,2024
LN103693,Auto Loan,South,Retail,179436.0,606,14.68,6,0.725,164643.98,0,D,0,0.05,166102.83,0.014307522592681667,118.82599964666811,2025
LN103694,Credit Card,North,Services,85440.0,710,63.95,45,0.198,345422.95,0,B,0,0.5141,446627.2,0.028631337976601653,6574.0713901813115,2023
LN103695,Auto Loan,East,Other,73540.0,749,37.12,21,0.673,206107.53,4,A,0,0.5609,214172.51,0.021212185428530053,2548.2062779519083,2024
LN103696,Retail Term Loan,East,Other,110437.0,764,42.38,76,0.299,136517.5,4,AA,0,0.9738,138384.86,0.02385160465353151,3214.222605320543,2024
LN103697,Retail Term Loan,South,Healthcare,54591.0,737,53.86,39,0.151,44592.95,0,A,0,0.5902,46810.91,0.016348176295304055,451.6641300437755,2025
LN103698,Retail Term Loan,South,Healthcare,80562.0,723,39.99,74,0.204,191182.4,2,A,0,0.5807,199004.6,0.01997143115611952,2307.9379524856954,2023
LN103699,Auto Loan,Central,Manufacturing,68092.0,577,44.67,21,0.97,319000.07,0,E,1,0.05,322602.64,0.045073304606845305,727.038352984623,2025
LN103700,SME Loan,South,Manufacturing,33580.0,689,32.71,57,1.283,79240.06,2,B,0,0.05,83222.39,0.016689750920657442,69.44804800609064,2023
LN103701,Retail Term Loan,Central,Healthcare,80446.0,628,41.54,48,0.16,33424.0,0,D,0,0.3777,34679.85,0.031114194380055943,407.5517438429158,2023
LN103702,Auto Loan,Central,Retail,58848.0,773,31.56,109,0.838,56769.01,5,AA,0,0.5314,60881.16,0.01760450286885576,569.5452501942423,2024
LN103703,Credit Card,South,Technology,65633.0,763,31.74,74,0.271,411091.16,1,AA,0,0.6869,454790.86,0.007955011523294293,2485.1125208231897,2023
LN103704,Retail Term Loan,East,Healthcare,91613.0,628,33.56,73,0.0,126929.43,1,D,0,0.9102,129403.52,0.03261977811389726,3842.0580625190246,2024
LN103705,Retail Term Loan,West,Retail,151015.0,687,26.84,93,0.122,333395.47,0,B,0,0.9,353155.72,0.011299949307503674,3591.5775602894646,2024
LN103706,Retail Term Loan,East,Healthcare,47024.0,706,38.56,54,0.089,121610.47,0,B,0,0.8226,125734.03,0.013770467003475824,1424.2630576992676,2024
LN103707,Credit Card,East,Healthcare,62326.0,749,38.52,46,0.187,84768.66,0,A,0,0.5557,105222.9,0.008884145395733265,519.4769970009819,2026
LN103708,Auto Loan,South,Services,49239.0,581,42.65,43,0.771,534701.11,0,D,0,0.05,553971.59,0.04288343567869411,1187.8102523794453,2025
LN103709,Credit Card,North,Healthcare,47508.0,546,40.31,55,0.149,92513.92,3,E,0,0.9791,107444.3,0.13116838626462246,13798.745569545436,2024
LN103710,SME Loan,North,Services,54081.0,692,58.0,6,1.117,100800.5,0,B,1,0.05,104820.16,0.022355448759001847,117.16508578951876,2026
LN103711,Credit Card,South,Services,67319.0,525,45.68,48,0.148,165656.35,0,E,0,0.5217,203907.27,0.09072987330418789,9651.700819223408,2023
LN103712,SME Loan,West,Healthcare,103515.0,700,29.31,53,1.921,97946.54,0,B,0,0.05,101036.88,0.006805229344436876,34.378957032317366,2025
LN103713,Credit Card,South,Other,89455.0,728,37.89,45,0.132,206895.03,1,A,1,0.8131,232835.98,0.01401142248100174,2652.627586674168,2024
LN103714,SME Loan,North,Manufacturing,41939.0,770,50.37,14,0.394,163963.91,0,AA,0,0.5886,172061.14,0.01003528898889338,1016.3257689893593,2026
LN103715,Credit Card,South,Technology,152822.0,650,19.65,45,0.211,168571.57,1,C,0,0.5875,194519.25,0.01624909876664242,1856.947971842135,2024
LN103716,Credit Card,East,Technology,126080.0,700,58.19,14,0.152,77932.35,0,B,0,0.625,92756.14,0.026593946285895342,1541.7198780293677,2022
LN103717,Credit Card,South,Technology,45688.0,732,21.93,87,0.0,37480.17,0,A,0,0.6435,45777.41,0.006474010340180615,190.7098644293834,2023
LN103718,SME Loan,South,Healthcare,147047.0,614,43.7,42,0.934,67017.94,0,D,0,0.05,69746.43,0.031261536858659206,109.01902961024471,2023
LN103719,Auto Loan,North,Manufacturing,89775.0,749,32.09,6,0.754,71285.26,0,A,0,0.2449,74399.99,0.006260280527372009,114.06580163438633,2024
LN103720,Credit Card,South,Healthcare,68816.0,708,31.34,43,0.122,147279.76,0,B,0,0.5563,180494.31,0.010657657943956183,1070.12461293162,2025
LN103721,Auto Loan,South,Services,91326.0,651,15.06,68,1.245,67825.18,0,C,0,0.05,68113.57,0.008238037111218578,28.056105871879222,2025
LN103722,SME Loan,Central,Manufacturing,73944.0,699,43.8,52,1.092,43025.04,0,B,0,0.05,44870.93,0.013456736455087128,30.190813975233134,2022
LN103723,Auto Loan,Central,Retail,101218.0,681,15.25,28,1.788,53778.59,1,B,0,0.05,54575.66,0.007017752109482009,19.14992265456865,2022
LN103724,Credit Card,South,Manufacturing,83139.0,741,13.24,33,0.29,157405.17,4,A,0,0.7291,184257.54,0.011880283594572837,1596.0231069893198,2023
LN103725,Credit Card,North,Technology,62296.0,667,47.08,42,0.229,194160.38,1,C,0,0.4525,221925.69,0.032508693042127855,3264.567645803522,2024
LN103726,SME Loan,North,Technology,24613.0,705,55.26,38,0.775,84170.47,0,B,0,0.0635,85992.72,0.019772418090862356,107.96803480076429,2025
LN103727,Retail Term Loan,South,Technology,100227.0,650,23.33,20,0.0,90689.5,0,C,0,0.8195,94905.58,0.014859523187880768,1155.7012408354694,2024
LN103728,Credit Card,East,Manufacturing,61067.0,629,45.04,47,0.194,184430.98,0,D,0,0.3842,239517.63,0.034067944610532905,3135.023341871485,2025
LN103729,Credit Card,East,Healthcare,115049.0,701,42.35,19,0.267,134738.13,0,B,0,0.615,148566.19,0.015559511176749618,1421.6446356821461,2024
LN103730,SME Loan,South,Manufacturing,97750.0,632,30.81,69,1.736,275267.18,0,D,0,0.05,282257.71,0.014364371457618754,202.7227296608416,2025
LN103731,SME Loan,South,Services,61947.0,742,49.37,72,1.178,107461.19,0,A,0,0.05,111570.75,0.010405576400129854,58.047898157239395,2026
LN103732,Auto Loan,South,Retail,131648.0,728,29.87,26,0.492,67053.11,0,A,0,0.3341,68388.17,0.007635571561487546,174.4612621186541,2025
LN103733,Auto Loan,East,Healthcare,83944.0,640,38.73,32,1.161,256718.33,0,C,0,0.05,259458.51,0.01977210203121273,256.50200662932144,2025
LN103734,Retail Term Loan,West,Retail,82063.0,704,15.7,39,0.403,96504.09,0,B,0,0.2496,97978.47,0.006267510007313111,153.27462789006634,2025
LN103735,SME Loan,North,Healthcare,69514.0,640,16.26,47,1.42,69086.94,1,C,0,0.05,70920.76,0.011802486053007478,41.852064038434534,2024
LN103736,Retail Term Loan,East,Other,189321.0,586,47.2,54,0.085,224182.94,0,D,0,0.8344,237808.74,0.05568651181507261,11049.741596604994,2026
LN103737,Credit Card,West,Healthcare,50663.0,651,39.17,58,0.08,330949.25,0,C,0,0.5508,421368.8,0.02373861490476212,5509.493591185816,2025
LN103738,Credit Card,West,Manufacturing,62804.0,687,30.15,58,0.022,136423.49,0,B,0,0.6268,169395.83,0.012873558600498242,1366.8797739751817,2026
LN103739,Auto Loan,East,Healthcare,37976.0,724,56.8,82,0.952,59411.79,0,A,0,0.05,63277.41,0.01656213265321815,52.40044291860364,2024
LN103740,Retail Term Loan,East,Services,111854.0,700,56.67,49,0.128,351369.87,0,B,0,0.8491,363900.15,0.025514780708296957,7883.751298647143,2023
LN103741,Retail Term Loan,West,Other,54451.0,749,37.71,19,0.164,156209.19,0,A,0,0.8443,157677.02,0.008709522938592628,1159.4701169433893,2025
LN103742,SME Loan,South,Other,57915.0,626,13.08,13,1.293,139953.15,0,D,0,0.05,146649.33,0.009714203199598427,71.22906953524827,2023
LN103743,Auto Loan,East,Manufacturing,56440.0,666,30.55,84,0.745,90442.23,0,C,0,0.4755,93272.56,0.013253122854512255,587.7906072498786,2026
LN103744,Retail Term Loan,South,Manufacturing,77632.0,797,21.18,59,0.295,264640.0,0,AA,0,0.6543,271145.87,0.003130340974722975,555.356117358189,2026
LN103745,Credit Card,East,Healthcare,37697.0,564,33.16,53,0.247,55233.28,0,E,0,0.5407,69239.65,0.042712696999032344,1599.072771548825,2024
LN103746,Retail Term Loan,North,Manufacturing,21839.0,661,19.83,58,0.124,51670.27,5,C,0,0.98,53785.36,0.04195290591901781,2211.3231049424935,2026
LN103747,SME Loan,South,Other,96469.0,620,16.45,52,1.261,451984.01,0,D,0,0.05,470022.27,0.01154428054615523,271.30344739103606,2026
LN103748,Retail Term Loan,North,Technology,23454.0,677,5.0,58,0.0,65614.4,0,C,0,0.8878,67693.83,0.006410166610997814,385.24192546109987,2024
LN103749,Retail Term Loan,South,Technology,119973.0,662,34.17,40,0.177,234925.8,0,C,0,0.4501,236954.72,0.017835308508687087,1902.1948562586838,2026
LN103750,Retail Term Loan,East,Other,176740.0,729,5.0,71,0.144,314944.73,3,A,0,0.846,327974.96,0.008207537386079183,2277.31926702956,2025
LN103751,Auto Loan,East,Services,68523.0,707,27.84,36,0.579,139018.4,0,B,0,0.2419,149011.87,0.008565670155107128,308.75790103023854,2023
LN103752,Auto Loan,Central,Technology,153271.0,605,41.03,28,1.437,64765.9,0,D,0,0.05,66816.76,0.027598589409283458,92.20241624493173,2024
LN103753,Credit Card,North,Other,74006.0,652,22.61,11,0.137,186482.28,0,C,0,0.7616,212488.97,0.013761706866204645,2227.0790347236393,2026
LN103754,Auto Loan,Central,Manufacturing,180742.0,690,17.9,43,1.075,317899.13,3,B,0,0.1843,334032.79,0.014152723326627472,871.2733953336951,2025
LN103755,Retail Term Loan,South,Services,58356.0,738,31.12,76,0.318,152510.07,0,A,0,0.6371,157739.06,0.007546386229480772,758.3782733268721,2025
LN103756,Retail Term Loan,West,Manufacturing,20426.0,848,21.23,38,0.245,71163.08,0,AA,0,0.319,75689.11,0.0019401408305803637,46.84436294447104,2025
LN103757,Retail Term Loan,West,Retail,71775.0,736,34.41,18,0.111,148671.5,0,A,0,0.6205,149073.8,0.009006551864017307,833.1086854406419,2025
LN103758,SME Loan,Central,Manufacturing,191880.0,624,18.57,54,1.313,45524.64,0,D,0,0.05,45952.67,0.0117257760754104,26.941535924361464,2024
LN103759,Retail Term Loan,North,Services,100657.0,684,30.64,34,0.0,60698.94,0,B,0,0.5621,60831.21,0.013530820421563958,462.6623619553361,2025
LN103760,SME Loan,Central,Other,56490.0,702,27.5,82,1.135,100127.32,0,B,0,0.05,107643.92,0.007709746371139955,41.495366079763976,2025
LN103761,Retail Term Loan,North,Retail,89872.0,656,31.85,72,0.133,125280.88,0,C,0,0.4734,126253.76,0.017749911620171317,1060.8861248835594,2026
LN103762,Retail Term Loan,Central,Retail,127946.0,721,53.26,20,0.226,51731.65,0,A,0,0.4002,55084.95,0.018329150342548416,404.0660641307373,2024
LN103763,Retail Term Loan,West,Retail,71550.0,542,34.6,44,0.055,142923.13,0,E,0,0.6524,144013.1,0.05728743634599068,5382.392183623387,2023
LN103764,Retail Term Loan,East,Other,317985.0,726,38.56,31,0.119,172889.49,3,A,0,0.98,178950.81,0.024532872928167793,4302.373932480245,2022
LN103765,Credit Card,South,Retail,56425.0,659,23.88,22,0.124,103253.24,0,C,0,0.7177,114881.66,0.013443217363372336,1108.4008990496031,2025
LN103766,Auto Loan,North,Retail,130174.0,683,34.9,47,1.101,26489.59,0,B,0,0.05,28160.54,0.011804470690287358,16.62101345263324,2024
LN103767,Retail Term Loan,Central,Other,114040.0,785,28.43,66,0.159,129102.98,0,AA,0,0.6858,130715.68,0.004588429986037941,411.3289496403837,2026
LN103768,Credit Card,West,Manufacturing,51039.0,608,32.39,46,0.058,427474.15,0,D,0,0.7335,483507.78,0.02898013867177823,10277.89186349355,2026
LN103769,Credit Card,Central,Retail,59385.0,708,40.44,37,0.057,165322.48,0,B,0,0.7601,177851.43,0.014454470467132299,1954.0257391031553,2024
LN103770,SME Loan,West,Healthcare,131294.0,742,25.5,6,1.155,121319.59,0,A,0,0.05,130526.58,0.00489636913024516,31.955315849423766,2026
LN103771,SME Loan,Central,Technology,81217.0,701,26.83,33,1.062,92460.07,0,B,0,0.05,99733.87,0.0077640260270496345,38.716818122919236,2025
LN103772,Credit Card,Central,Other,90326.0,585,25.68,60,0.068,179733.32,5,D,0,0.98,198847.92,0.10065157422666689,19614.069056104352,2022
LN103773,Credit Card,East,Other,30499.0,778,25.43,18,0.135,138850.98,0,AA,0,0.7393,157190.25,0.004488277741897842,521.5861307853615,2024
LN103774,Credit Card,West,Retail,107586.0,676,34.25,76,0.19,196883.09,1,C,0,0.6574,208973.6,0.020199671016471334,2775.015546219333,2025
LN103775,Auto Loan,South,Healthcare,87839.0,656,27.27,35,0.902,55704.29,2,C,0,0.2402,57585.63,0.02119878164843354,293.2229961890876,2022
LN103776,Credit Card,West,Services,72410.0,670,51.47,52,0.102,130637.56,0,C,0,0.6465,160606.56,0.028972326767744656,3008.25871920543,2023
LN103777,Retail Term Loan,West,Services,91467.0,665,66.83,39,0.154,86891.03,1,C,0,0.7278,93342.28,0.06173406702516595,4193.873679101755,2024
LN103778,Credit Card,East,Other,59885.0,613,24.62,22,0.0,155649.72,0,D,0,0.8907,185427.72,0.02200320252535366,3634.0592750812507,2026
LN103779,SME Loan,West,Manufacturing,54160.0,701,35.82,58,0.507,30740.78,0,B,0,0.1581,31502.79,0.01190532708101184,59.29556609037122,2026
LN103780,Retail Term Loan,South,Retail,65657.0,651,45.49,35,0.059,91156.7,0,C,0,0.5644,97866.11,0.029069579111970518,1605.6765882933666,2022
LN103781,Credit Card,West,Technology,58101.0,734,28.55,30,0.119,175424.25,0,A,0,0.7669,210736.68,0.0076048469008241845,1229.0494220146004,2025
LN103782,SME Loan,East,Retail,248832.0,724,19.07,6,0.811,196389.35,0,A,0,0.05,204193.46,0.0051826903745165066,52.91357398406106,2023
LN103783,Retail Term Loan,South,Other,123843.0,796,54.6,77,0.202,117466.02,0,AA,0,0.6434,121775.37,0.009394308547803789,736.0466399115303,2026
LN103784,Auto Loan,Central,Services,44028.0,676,40.92,48,1.337,26448.68,0,C,0,0.05,28222.77,0.014378306568996678,20.28978196431412,2025
LN103785,SME Loan,North,Technology,229856.0,638,36.14,72,1.614,187997.75,0,D,0,0.05,195289.14,0.01655713256094101,161.67140893460842,2023
LN103786,SME Loan,West,Manufacturing,59111.0,594,50.86,62,1.122,363722.2,0,D,0,0.05,373967.59,0.044836779330333684,838.3751154763352,2026
LN103787,Retail Term Loan,South,Services,76225.0,833,42.01,72,0.277,66709.22,0,AA,0,0.6368,67372.89,0.004321893925579065,185.42245863648515,2022
LN103788,Retail Term Loan,South,Services,122863.0,733,31.38,36,0.296,89066.24,1,A,0,0.7697,92909.98,0.010422375640909932,745.3333856953556,2023
LN103789,Credit Card,North,Healthcare,25381.0,645,19.3,18,0.311,211044.73,5,C,0,0.98,273925.61,0.04570979552665868,12270.661950162943,2022
LN103790,Retail Term Loan,North,Services,65833.0,800,25.59,65,0.008,215027.3,0,AA,0,0.4228,219474.95,0.0037697135655245092,349.8068339989435,2024
LN103791,Retail Term Loan,North,Healthcare,54716.0,778,47.66,51,0.19,258634.59,5,AA,0,0.98,272377.68,0.032716489380416096,8733.016645678726,2023
LN103792,Retail Term Loan,Central,Retail,83955.0,602,40.87,38,0.0,244138.44,5,D,0,0.98,253161.85,0.13586158468065263,33707.07071925197,2026
LN103793,Retail Term Loan,Central,Technology,91929.0,641,29.57,64,0.28,41056.28,0,C,0,0.6923,41199.49,0.01835670442151593,523.5773933491375,2024
LN103794,Auto Loan,East,Other,71880.0,681,54.97,55,0.809,85791.86,3,B,0,0.31,86093.86,0.05219870299559981,1393.1362266442727,2025
LN103795,Credit Card,North,Other,70069.0,620,29.96,62,0.248,186046.84,1,D,0,0.8534,208679.02,0.02954985493502715,5262.435431850629,2023
LN103796,Credit Card,Central,Manufacturing,134735.0,684,44.84,26,0.108,112975.93,2,B,0,0.8072,139613.1,0.03438564352351496,3875.1139715225304,2023
LN103797,Credit Card,West,Healthcare,88527.0,736,34.86,70,0.204,155029.58,0,A,0,0.5799,200817.64,0.008921231345772586,1038.9144082937282,2024
LN103798,Auto Loan,East,Other,76728.0,601,57.13,48,0.956,109529.69,1,D,0,0.102,112353.65,0.06789942065619013,778.1322698480523,2025
LN103799,Retail Term Loan,Central,Healthcare,81355.0,709,41.79,72,0.151,88446.64,0,B,0,0.6909,92896.57,0.01458763509164489,936.2670995915406,2025
LN103800,Retail Term Loan,East,Services,205866.0,766,32.6,69,0.141,101309.55,1,AA,0,0.5935,108156.89,0.008212409092216488,527.1636900187731,2024
LN103801,Retail Term Loan,South,Technology,82472.0,716,29.68,63,0.0,54719.14,0,B,0,0.8128,57170.01,0.009660856943667421,448.91861494982754,2023
LN103802,Retail Term Loan,West,Technology,56517.0,685,31.8,46,0.069,72317.66,1,B,0,0.631,77660.74,0.017702954135783246,867.514271092093,2024
LN103803,Retail Term Loan,East,Technology,26247.0,647,22.57,64,0.377,114507.03,3,C,0,0.7465,117312.75,0.02940077632375938,2574.7426412769646,2025
LN103804,Retail Term Loan,West,Retail,34084.0,744,14.23,72,0.141,115974.1,0,A,0,0.5893,120695.74,0.0043507594684879785,309.4521161370585,2022
LN103805,Retail Term Loan,West,Technology,58010.0,614,36.01,61,0.166,178534.95,0,D,0,0.5478,186319.32,0.029837242839196358,3045.3597775084213,2025
LN103806,Credit Card,Central,Technology,70660.0,706,25.06,52,0.149,98285.21,0,B,0,0.5726,122035.72,0.008838870250445385,617.6395106768184,2026
LN103807,Credit Card,South,Retail,55252.0,692,25.03,64,0.109,387816.21,0,B,0,0.6332,428218.1,0.010204108029588894,2766.82043216234,2023
LN103808,SME Loan,North,Healthcare,90978.0,763,30.85,36,1.008,283848.13,5,AA,0,0.1653,298665.07,0.01813424014249108,895.2753959868612,2023
LN103809,Credit Card,East,Healthcare,54861.0,652,32.68,81,0.109,84422.77,1,C,0,0.6249,101910.87,0.024636704456839797,1568.9664159073752,2024
LN103810,Auto Loan,West,Services,45355.0,658,32.1,11,1.348,137821.57,1,C,0,0.0513,144896.66,0.01670047493786248,124.13794789608201,2025
LN103811,Retail Term Loan,Central,Technology,105051.0,609,54.6,49,0.229,280474.02,1,D,0,0.6875,292260.35,0.06977379295553666,14019.577790633715,2024
LN103812,Auto Loan,South,Healthcare,159279.0,718,40.61,39,1.323,76630.75,0,B,0,0.05,78906.11,0.009557946857703179,37.70902030640407,2023
LN103813,Retail Term Loan,West,Retail,40794.0,662,59.4,34,0.034,71099.09,0,C,0,0.82,73268.43,0.040594685684562634,2438.9332868901306,2025
LN103814,Auto Loan,Central,Healthcare,85758.0,634,26.29,55,0.99,297983.26,0,D,0,0.05,318385.0,0.014773186777753002,235.1780536117445,2024
LN103815,Auto Loan,Central,Manufacturing,26304.0,640,42.19,23,1.437,194699.46,0,C,0,0.05,209704.37,0.020554670323984173,215.52020954243986,2025
LN103816,Auto Loan,Central,Retail,33331.0,725,27.02,95,1.297,254462.91,1,A,0,0.05,261662.46,0.00758260343832854,99.20413344387521,2023
LN103817,Retail Term Loan,Central,Healthcare,54253.0,618,24.71,18,0.189,149649.18,2,D,0,0.9208,155140.4,0.033502354859210264,4785.921290082877,2026
LN103818,Credit Card,West,Other,140007.0,624,59.89,27,0.583,100390.65,0,D,0,0.3806,114350.07,0.05114047711843634,2225.7172628471017,2023
LN103819,Credit Card,South,Technology,48872.0,748,22.01,25,0.213,46907.18,0,A,0,0.5145,53287.9,0.005267313969012502,144.41196947538612,2026
LN103820,Credit Card,East,Technology,47877.0,679,5.0,52,0.157,132064.39,0,C,0,0.58,149739.27,0.006039435146865712,524.5175538603283,2022
LN103821,Credit Card,West,Retail,76503.0,752,22.8,70,0.238,284279.25,0,A,0,0.4921,345538.9,0.005164151224459983,878.1106872118628,2023
LN103822,Auto Loan,South,Healthcare,76545.0,667,5.89,60,1.321,286619.1,0,C,0,0.05,289819.14,0.005171593116300758,74.94133346981029,2023
LN103823,Retail Term Loan,West,Retail,48699.0,690,19.63,80,0.084,253920.49,0,B,0,0.6955,254085.02,0.00881879966147678,1558.4241598559943,2025
LN103824,Credit Card,East,Manufacturing,223611.0,700,20.84,30,0.0,208210.1,0,B,0,0.6828,255034.3,0.008506426978618094,1481.287247815207,2025
LN103825,Auto Loan,West,Services,64815.0,780,32.46,62,1.226,564104.85,1,AA,0,0.05,566140.06,0.005408456343747732,153.0971899478361,2024
LN103826,Retail Term Loan,East,Technology,79835.0,775,5.36,41,0.224,40499.36,0,AA,0,0.5959,41284.47,0.002377735373238768,58.49565627744274,2026
LN103827,Retail Term Loan,West,Other,60130.0,765,47.55,53,0.12,141055.31,0,AA,0,0.659,145120.77,0.010325782349140547,987.5019348520324,2023
LN103828,SME Loan,North,Retail,95533.0,649,7.61,72,1.294,62287.16,0,C,0,0.05,62606.28,0.006542472357267085,20.47999281456616,2024
LN103829,Credit Card,West,Other,147926.0,626,30.34,11,0.294,355739.9,2,D,0,0.7935,413976.05,0.03604807382109233,11841.431613582701,2022
LN103830,Auto Loan,Central,Healthcare,187261.0,739,27.79,92,1.46,81503.96,4,A,0,0.05,82383.17,0.014239713021731484,58.65563493102593,2024
LN103831,Credit Card,Central,Technology,49316.0,779,42.73,45,0.122,243092.81,0,AA,0,0.8067,311331.78,0.007741200496433903,1944.2129315035947,2022
LN103832,Auto Loan,Central,Healthcare,137404.0,766,36.57,13,0.816,87615.23,0,AA,0,0.05,92623.22,0.006033779911462664,27.943406208549348,2023
LN103833,Auto Loan,South,Retail,101475.0,691,47.43,33,0.763,161043.96,4,B,0,0.5557,170952.91,0.049148513520000964,4669.0366386581645,2023
LN103834,Retail Term Loan,North,Retail,128186.0,737,27.3,50,0.0,111222.19,0,A,0,0.7624,113198.55,0.0073205137166056046,631.7791805520374,2024
LN103835,Auto Loan,West,Healthcare,71304.0,738,25.96,33,0.873,118847.65,0,A,0,0.0552,127775.84,0.005552286725094942,39.16153513213601,2023
LN103836,Credit Card,North,Technology,67668.0,700,37.37,6,0.215,151567.87,0,B,0,0.5135,161443.62,0.013600577856116415,1127.5055696546106,2022
LN103837,Retail Term Loan,South,Technology,125478.0,703,45.38,50,0.267,228411.12,0,B,0,0.3533,228812.72,0.016796807812822397,1357.8461158729983,2025
LN103838,Credit Card,West,Retail,126795.0,696,42.73,32,0.0,111160.04,3,B,0,0.8336,127057.72,0.03813278192390959,4038.845624245241,2023
LN103839,Retail Term Loan,East,Other,177440.0,639,36.18,62,0.124,223954.99,0,D,0,0.5223,230231.73,0.023948551506269074,2879.8140988487157,2023
LN103840,Credit Card,West,Manufacturing,83654.0,645,35.02,24,0.148,248135.61,1,C,0,0.719,296398.54,0.028036634950525514,5974.902701745239,2024
LN103841,Credit Card,West,Manufacturing,70717.0,644,31.53,98,0.121,89614.45,1,C,0,0.655,116458.24,0.025554867889519762,1949.329084289121,2026
LN103842,Credit Card,North,Retail,19386.0,586,37.33,59,0.012,449046.47,0,D,0,0.98,477842.02,0.04195418631286852,19646.5236724935,2025
LN103843,Credit Card,West,Manufacturing,30917.0,699,58.45,52,0.283,202171.88,0,B,0,0.4449,228094.54,0.026187267246818687,2657.464523783826,2025
LN103844,SME Loan,East,Retail,60380.0,687,28.85,62,1.463,88721.31,0,B,0,0.05,92890.91,0.008546222972748022,39.69332145007345,2025
LN103845,Auto Loan,East,Technology,40932.0,740,27.26,8,1.126,184437.02,3,A,0,0.3116,185375.04,0.01164604138660279,672.7086868643888,2023
LN103846,Credit Card,East,Retail,117362.0,772,26.27,37,0.013,248238.43,0,AA,0,0.8094,320743.5,0.005040489347126386,1308.56037536018,2025
LN103847,Credit Card,East,Services,36488.0,776,37.06,87,0.198,181320.67,0,AA,0,0.5542,221835.56,0.006523500503054548,802.0074194169357,2025
LN103848,Retail Term Loan,East,Services,56927.0,782,5.0,41,0.123,138213.93,0,AA,0,0.6031,148594.3,0.002254688445036577,202.05891566372486,2023
LN103849,Retail Term Loan,South,Technology,58170.0,641,30.24,47,0.073,10713.8,0,C,0,0.5753,11276.51,0.01975765752454109,128.17535725173175,2026
LN103850,Auto Loan,South,Other,145488.0,597,43.45,38,1.416,60967.64,0,D,0,0.05,62664.68,0.03224926729618742,101.0445007675025,2025
LN103851,Retail Term Loan,North,Healthcare,53676.0,750,25.16,80,0.183,192965.01,0,A,0,0.6176,202368.94,0.005756920422262443,719.5175152604718,2025
LN103852,Auto Loan,South,Technology,96189.0,780,34.43,43,0.832,60125.34,0,AA,0,0.2044,63742.14,0.004904361734221143,63.8984063086762,2024
LN103853,Auto Loan,South,Manufacturing,83523.0,791,59.42,20,1.107,171948.75,0,AA,0,0.05,184876.37,0.009111225918496722,84.22251870307949,2025
LN103854,Credit Card,East,Services,123260.0,722,36.31,105,0.268,222918.52,0,A,0,0.3756,272199.17,0.010510935904707546,1074.617151761733,2026
LN103855,Retail Term Loan,Central,Retail,119714.0,560,5.0,18,0.138,110903.67,5,E,0,0.98,116891.33,0.06729820118101647,7709.244717803454,2023
LN103856,Credit Card,North,Services,73633.0,714,13.67,46,0.127,34890.87,1,B,0,0.6898,36958.94,0.007440047866336756,189.67863979891922,2022
LN103857,Auto Loan,South,Healthcare,29504.0,726,28.74,29,1.448,71648.01,0,A,0,0.05,72936.93,0.005874902032817033,21.424865916221684,2025
LN103858,Credit Card,North,Retail,66025.0,771,21.55,33,0.079,193801.61,0,AA,0,0.7181,214819.81,0.004303973274869513,663.9399796596435,2024
LN103859,Retail Term Loan,Central,Other,74181.0,783,33.34,25,0.133,289271.27,0,AA,0,0.4487,304585.45,0.005507652451244265,752.7170440972293,2023
LN103860,Auto Loan,West,Services,87776.0,749,28.17,36,1.204,27948.06,0,A,0,0.05,29897.65,0.00492141965468182,7.356944116939897,2024
LN103861,Retail Term Loan,South,Retail,49990.0,652,47.16,70,0.155,126983.78,2,C,0,0.98,133743.99,0.04913211466097356,6439.702550858178,2025
LN103862,Credit Card,East,Healthcare,140469.0,623,17.81,6,0.123,42958.78,0,D,0,0.7906,51017.51,0.01565271225963031,631.3434367864611,2023
LN103863,Retail Term Loan,West,Services,75564.0,725,29.3,76,0.159,127843.49,0,A,0,0.6886,134717.82,0.008405473814849016,779.7479908466798,2024
LN103864,SME Loan,Central,Healthcare,45205.0,638,34.82,72,0.973,107509.12,0,D,0,0.05,112919.3,0.018689617937904843,105.52092874078292,2024
LN103865,Retail Term Loan,East,Technology,58292.0,786,36.43,59,0.231,626259.7,0,AA,0,0.6727,626886.2,0.005757895005073587,2428.1408675020757,2023
LN103866,Auto Loan,South,Technology,216629.0,579,33.91,51,1.505,82297.1,0,E,0,0.05,86312.7,0.02776095020085309,119.80612832005863,2022
LN103867,Retail Term Loan,West,Retail,108083.0,727,5.0,54,0.064,250046.74,1,A,0,0.7202,251500.6,0.0050612757813375455,916.7525877348946,2023
LN103868,Credit Card,West,Other,133505.0,711,33.08,79,0.077,243170.17,0,B,0,0.6446,282028.06,0.01106974573693328,2012.4276085320112,2022
LN103869,Auto Loan,West,Healthcare,42293.0,677,30.04,10,1.076,104696.86,0,C,0,0.05,109607.37,0.010786245897286896,59.11260224874533,2022
LN103870,Auto Loan,North,Services,51348.0,630,43.23,64,1.524,130410.41,0,D,0,0.05,137152.25,0.022839645150282153,156.62543607813927,2025
LN103871,Retail Term Loan,West,Technology,51558.0,556,41.4,32,0.39,120040.07,0,E,1,0.526,128406.22,0.05706231187844038,3854.083936477877,2026
LN103872,Retail Term Loan,North,Other,83005.0,655,35.13,66,0.147,71297.32,0,C,0,0.6586,73995.08,0.019797015538034098,964.7711195608329,2024
LN103873,Retail Term Loan,Central,Services,68155.0,657,36.07,35,0.012,67107.79,0,C,0,0.806,69689.04,0.020702531596514657,1162.8480793398037,2025
LN103874,SME Loan,Central,Technology,57298.0,762,49.58,64,0.612,90071.94,0,AA,0,0.1701,94025.72,0.009994055954004207,159.84268198592008,2024
LN103875,Auto Loan,East,Healthcare,61390.0,639,46.95,14,0.995,54087.7,2,D,0,0.1852,55535.2,0.044756963650076274,460.3306990099873,2025
LN103876,Retail Term Loan,West,Services,48461.0,719,35.58,11,0.108,84539.46,0,B,0,0.6133,86376.07,0.011011231592470055,583.3138684043145,2024
LN103877,SME Loan,North,Technology,67937.0,606,59.89,46,1.641,104654.58,0,D,0,0.05,105550.03,0.046543717782668394,245.63454041360916,2026
LN103878,Retail Term Loan,Central,Technology,138346.0,721,23.83,80,0.126,134392.57,0,A,0,0.7074,143420.97,0.007402297433368896,751.0074453036991,2025
LN103879,Auto Loan,South,Services,32631.0,545,16.59,60,1.031,163705.73,1,E,0,0.1964,164252.52,0.03241795339666245,1045.7770777897538,2024
LN103880,Credit Card,South,Services,90745.0,826,31.86,60,0.09,104590.78,5,AA,0,0.98,129121.89,0.012965670169667634,1640.6688006756235,2024
LN103881,SME Loan,West,Technology,160219.0,681,27.14,67,1.32,70044.6,0,B,0,0.05,71664.77,0.008894148423206951,31.869855054749447,2025
LN103882,Credit Card,Central,Services,67812.0,508,5.0,39,0.1,161641.72,0,E,0,0.7453,188840.57,0.03131100948902239,4406.80155165464,2026
LN103883,Auto Loan,East,Other,56070.0,643,23.52,61,1.035,208756.51,0,C,0,0.1979,220969.3,0.0122767525974911,536.8602361499023,2023
LN103884,SME Loan,East,Technology,124688.0,633,36.47,35,1.083,85403.74,0,D,0,0.0566,88117.68,0.02007498561187026,100.12320155136854,2023
LN103885,Retail Term Loan,East,Healthcare,43648.0,647,31.25,41,0.239,60319.62,1,C,0,0.5582,62300.64,0.023902584292397368,831.2414641410433,2026
LN103886,SME Loan,South,Retail,74070.0,666,21.91,44,1.692,87803.93,1,C,0,0.05,92003.34,0.010265994333267922,47.225288354086096,2025
LN103887,Credit Card,East,Services,42333.0,647,32.55,36,0.28,105677.74,1,C,0,0.4817,114308.46,0.024638713532959367,1356.6663349407647,2022
LN103888,SME Loan,Central,Retail,26814.0,637,33.6,47,1.153,267478.37,0,D,0,0.05,267947.84,0.01734652672502537,232.39821837364113,2023
LN103889,Retail Term Loan,South,Healthcare,68986.0,615,41.3,42,0.182,195027.26,0,D,0,0.542,206299.83,0.034692733200351336,3879.1508891155677,2025
LN103890,Retail Term Loan,West,Retail,37436.0,743,23.66,32,0.186,119724.82,3,A,0,0.9275,124700.27,0.012835090393855797,1484.500142863078,2026
LN103891,Credit Card,West,Services,74520.0,768,43.36,45,0.265,453944.7,0,AA,0,0.4546,518541.92,0.008462511116196695,1994.860610102474,2022
LN103892,Auto Loan,Central,Manufacturing,138484.0,673,17.82,51,1.451,117113.55,0,C,0,0.05,119913.28,0.006904855578487467,41.39919401713648,2022
LN103893,Auto Loan,West,Technology,207956.0,689,25.46,24,1.212,322833.21,0,B,0,0.05,332464.49,0.008026958670317094,133.43393602890254,2023
LN103894,SME Loan,Central,Healthcare,78959.0,617,54.09,57,1.003,282132.21,0,D,0,0.05,296460.46,0.04119514127098191,610.6365265480141,2026
LN103895,Credit Card,West,Technology,131375.0,695,18.69,37,0.093,268524.21,1,B,0,0.7172,295660.17,0.010564953242243009,2240.2716471428034,2026
LN103896,Retail Term Loan,Central,Services,93402.0,705,23.44,52,0.114,150250.64,0,B,0,0.739,154894.71,0.008552627908743648,978.9952897307751,2025
LN103897,Auto Loan,West,Services,60751.0,676,15.71,33,1.22,130219.49,5,C,0,0.4746,131490.04,0.02438746033085949,1521.9036805877242,2024
LN103898,Retail Term Loan,Central,Retail,26020.0,716,21.25,71,0.041,120433.61,0,B,0,0.7292,121088.07,0.007312352239228253,645.6618415642324,2024
LN103899,Retail Term Loan,Central,Retail,183471.0,710,33.8,69,0.055,217587.62,0,B,0,0.6531,217618.12,0.0114987756723934,1634.2795237099888,2025
LN103900,Retail Term Loan,Central,Services,42118.0,621,41.19,25,0.085,69059.6,1,D,0,0.7614,71105.88,0.043141079894177044,2335.6588002496183,2025
LN103901,Credit Card,East,Other,160455.0,768,31.76,60,0.155,99825.45,2,AA,0,0.9284,115033.57,0.010146138669930783,1083.578859728319,2025
LN103902,Credit Card,West,Services,100759.0,677,27.78,80,0.056,385432.95,0,C,0,0.6856,440624.35,0.013028318772286227,3935.7515827768993,2025
LN103903,Auto Loan,Central,Services,43846.0,799,15.84,27,1.199,185650.02,0,AA,0,0.05,195444.27,0.0020503763522048257,20.03671546909675,2026
LN103904,Auto Loan,South,Technology,89040.0,717,22.55,29,1.089,234011.38,0,B,0,0.05,240654.69,0.005767811576357348,69.40254534433444,2023
LN103905,Credit Card,North,Healthcare,242400.0,818,11.9,64,0.216,51043.82,0,AA,0,0.6002,59425.13,0.0019381914023440228,69.12940108471534,2025
LN103906,Credit Card,Central,Retail,174530.0,766,41.58,19,0.156,88682.18,0,AA,0,0.327,99448.15,0.008382933724599424,272.60919090827525,2026
LN103907,SME Loan,West,Healthcare,56571.0,705,42.48,31,0.786,151589.24,0,B,0,0.05,155998.86,0.013175876304550978,102.77108415054826,2023
LN103908,Auto Loan,East,Manufacturing,50699.0,643,31.47,26,0.923,116566.21,0,C,0,0.05,118584.11,0.016240844161023706,96.29530252418465,2024
LN103909,Credit Card,West,Technology,79250.0,644,37.74,64,0.028,50894.03,2,C,0,0.8955,58374.45,0.040911549752118206,2138.623442415359,2024
LN103910,Auto Loan,North,Manufacturing,68474.0,725,43.39,33,1.385,204245.09,1,A,0,0.05,204893.69,0.012466603662529736,127.71642130916162,2026
LN103911,Auto Loan,East,Manufacturing,145088.0,699,33.32,42,1.279,255109.19,0,B,0,0.05,259706.25,0.009202169546991908,119.49304724567337,2025
LN103912,SME Loan,South,Technology,112647.0,652,50.12,32,1.039,98272.72,0,C,0,0.05,105366.03,0.02600676862521324,137.01149815836385,2025
LN103913,Auto Loan,South,Services,29570.0,744,18.69,73,1.215,209453.94,0,A,0,0.05,211562.28,0.00380516608384013,40.25148062379446,2025
LN103914,Auto Loan,Central,Manufacturing,96521.0,693,27.47,29,0.812,496635.61,0,B,0,0.1147,509765.55,0.009122655568651272,533.4026616825947,2024
LN103915,Retail Term Loan,East,Services,67965.0,745,25.92,17,0.086,349051.81,0,A,0,0.7831,352640.86,0.006345121266303869,1752.224637682351,2023
LN103916,Auto Loan,North,Healthcare,76546.0,627,40.41,16,0.76,101400.4,1,D,0,0.2694,101877.46,0.03367482451164974,924.2320851896907,2022
LN103917,Auto Loan,South,Technology,86005.0,755,13.36,63,1.194,55424.69,2,A,0,0.05,57104.32,0.004903106961123287,13.999429445110586,2023
LN103918,Credit Card,South,Retail,145008.0,723,50.82,65,0.247,140977.8,0,A,0,0.7132,159838.27,0.016564337416550088,1888.2790439302655,2026
LN103919,Auto Loan,Central,Other,128416.0,768,39.3,75,0.855,620404.88,0,AA,0,0.05,622297.56,0.006392274714329523,198.894847878848,2025
LN103920,Retail Term Loan,South,Retail,49657.0,754,54.75,20,0.163,306166.39,0,A,0,0.4733,322963.59,0.014253171303595734,2178.7207680855126,2023
LN103921,SME Loan,South,Other,72621.0,684,31.47,43,1.467,119488.82,5,B,0,0.1021,119964.88,0.03472280831085819,425.2993400452882,2023
LN103922,Retail Term Loan,South,Retail,58604.0,679,24.85,101,0.1,358190.19,0,C,0,0.4902,378990.02,0.01151859376047995,2139.9348054474553,2024
LN103923,SME Loan,North,Manufacturing,29739.0,806,40.54,41,1.052,271941.98,0,AA,0,0.05,292944.54,0.004383327516647868,64.2035931516876,2025
LN103924,Retail Term Loan,West,Manufacturing,70621.0,671,45.4,36,0.117,31749.83,2,C,0,0.7218,32451.54,0.03940920124712869,923.1022755474081,2022
LN103925,Auto Loan,East,Services,206873.0,739,22.71,48,1.148,252304.15,0,A,0,0.05,261540.42,0.004619056278239036,60.403495950713726,2022
LN103926,Auto Loan,East,Services,29250.0,665,6.03,60,0.738,130402.33,0,C,0,0.1849,136117.42,0.006151631325431385,154.82493977116573,2025
LN103927,Credit Card,South,Manufacturing,74014.0,569,8.26,59,0.044,65423.67,0,E,0,0.6384,73268.62,0.019763484841309954,924.4308176396255,2025
LN103928,Retail Term Loan,West,Retail,72720.0,610,35.4,34,0.027,127915.27,0,D,0,0.7476,128387.38,0.03147465153526686,3021.0127599565553,2024
LN103929,SME Loan,North,Other,87860.0,716,52.02,35,1.099,160369.47,0,B,0,0.05,161241.18,0.014807866215027244,119.38189108965634,2023
LN103930,Auto Loan,Central,Services,44168.0,736,15.09,41,1.112,68827.94,1,A,0,0.05,70865.8,0.004890483294371646,17.328400552114115,2024
LN103931,Auto Loan,East,Services,34250.0,717,28.46,32,1.62,110339.68,1,B,0,0.05,112162.27,0.007891240333583844,44.25497144651606,2025
LN103932,Auto Loan,South,Other,35137.0,764,27.47,21,1.087,95195.88,4,AA,0,0.2449,99106.49,0.012207111157257922,296.2809848657558,2023
LN103933,Retail Term Loan,East,Services,155945.0,715,56.97,88,0.201,209384.22,0,B,0,0.3982,210461.22,0.02194084757728554,1838.7671639917146,2022
LN103934,Auto Loan,Central,Healthcare,43685.0,640,61.36,39,1.177,97175.57,0,C,0,0.05,102516.74,0.0398463431956945,204.24586026718916,2024
LN103935,Retail Term Loan,North,Technology,56982.0,729,37.52,40,0.153,36508.44,0,A,0,0.6134,36955.33,0.010518183967005651,238.43039535816055,2025
LN103936,Retail Term Loan,East,Other,238659.0,701,43.67,41,0.302,87728.07,0,B,0,0.4182,87964.17,0.0160775562080369,591.4388847392486,2023
LN103937,Credit Card,East,Technology,50081.0,653,43.31,46,0.027,61870.89,0,C,0,0.8772,79332.66,0.02686843950741564,1869.7910776584054,2024
LN103938,Auto Loan,Central,Technology,90541.0,721,15.36,58,1.058,48505.47,2,A,0,0.1233,51165.12,0.007507615979973888,47.362991342860425,2024
LN103939,Retail Term Loan,East,Services,134637.0,695,41.08,38,0.048,274169.86,0,B,0,0.6902,276682.36,0.016734629746339852,3195.7480632114116,2025
LN103940,Retail Term Loan,West,Technology,131123.0,651,18.75,73,0.274,210605.53,4,C,0,0.7448,223650.01,0.033304747249971185,5547.722534939028,2026
LN103941,Retail Term Loan,West,Healthcare,36058.0,678,29.77,61,0.192,60985.44,2,C,0,0.7762,64041.26,0.022272197109175607,1107.1247710049797,2024
LN103942,Retail Term Loan,Central,Other,50660.0,782,46.82,44,0.269,49349.41,0,AA,0,0.4387,50564.14,0.008249315806066495,182.99035067463117,2024
LN103943,Credit Card,South,Manufacturing,88570.0,780,33.05,33,0.01,111680.15,0,AA,0,0.6433,140486.68,0.005797337468365898,523.9348447024532,2025
LN103944,Retail Term Loan,West,Manufacturing,216686.0,702,46.33,72,0.09,47515.76,1,B,0,0.98,50973.44,0.023651028208445307,1181.4627819750644,2026
LN103945,SME Loan,South,Manufacturing,49336.0,694,48.89,44,0.975,101293.56,0,B,0,0.05,103181.67,0.017076114303199205,88.09709954574902,2025
LN103946,Retail Term Loan,Central,Healthcare,57168.0,597,9.16,21,0.186,126071.86,0,D,0,0.6497,132451.26,0.015022552932122235,1292.7445149603022,2022
LN103947,Retail Term Loan,Central,Manufacturing,94467.0,802,5.0,70,0.107,148507.01,0,AA,0,0.4817,156718.03,0.0018659528933122058,140.86278991066234,2024
LN103948,SME Loan,South,Other,105457.0,757,47.11,32,0.917,152259.56,2,A,0,0.1144,158737.98,0.015088177090194122,273.9956365637569,2023
LN103949,Retail Term Loan,East,Retail,109031.0,739,47.63,67,0.153,69475.63,0,A,0,0.5194,72722.58,0.013166816797344383,497.3384267701806,2023
LN103950,Auto Loan,Central,Services,47087.0,542,35.34,6,1.29,126075.85,0,E,0,0.05,129063.7,0.043268494231571863,279.21959794776603,2025
LN103951,SME Loan,North,Other,55973.0,693,37.1,40,0.794,294087.26,5,B,0,0.5863,307908.64,0.044882626496765506,8102.518536314035,2025
LN103952,SME Loan,West,Healthcare,84438.0,682,43.61,74,1.242,27647.03,1,B,0,0.05,29468.96,0.019616811041422953,28.904350995362567,2024
LN103953,Credit Card,Central,Technology,150169.0,734,43.37,48,0.197,150728.34,0,A,0,0.5914,169696.37,0.01193446266828863,1197.7239746881585,2024
LN103954,Retail Term Loan,Central,Other,65780.0,661,28.05,61,0.0,52597.51,2,C,0,0.7959,53536.15,0.026014940131495443,1108.4815567744126,2024
LN103955,Auto Loan,North,Healthcare,74086.0,675,44.43,28,0.951,320607.41,5,C,0,0.5983,340683.7,0.06362881483817494,12969.528629298942,2026
LN103956,SME Loan,West,Technology,42659.0,730,27.5,56,1.56,212596.95,1,A,0,0.05,224161.2,0.006859064193987344,76.87680303006181,2023
LN103957,SME Loan,West,Services,208985.0,640,35.17,48,0.635,207907.82,1,C,0,0.3725,215163.82,0.02612463768338364,2093.8511229271085,2023
LN103958,Retail Term Loan,North,Other,81641.0,653,34.6,53,0.084,66030.99,0,C,0,0.5992,68599.48,0.020162442782609348,828.7733477777191,2026
LN103959,Auto Loan,West,Healthcare,135674.0,703,20.83,93,1.142,144339.87,2,B,0,0.2021,150302.03,0.010392374978331183,315.6792007699817,2024
LN103960,Retail Term Loan,West,Other,76243.0,777,22.34,77,0.079,156040.76,2,AA,0,0.8526,165764.03,0.007033227262020108,994.0089064762029,2023
LN103961,Retail Term Loan,Central,Other,78601.0,743,61.04,65,0.0,22820.39,0,A,0,0.7681,23937.47,0.020113375725241488,369.811982253465,2025
LN103962,Credit Card,North,Technology,32862.0,760,20.41,66,0.162,132960.04,0,AA,0,0.623,158183.86,0.004517209078437583,445.1643811470287,2025
LN103963,Retail Term Loan,Central,Retail,22979.0,694,36.81,28,0.115,184339.67,0,B,0,0.8679,196439.87,0.014515255573631397,2474.7082912462147,2025
LN103964,Retail Term Loan,East,Other,149312.0,787,39.54,38,0.056,44596.43,0,AA,0,0.7,47856.86,0.006586281868662204,220.6391385163738,2025
LN103965,Retail Term Loan,South,Other,78290.0,577,31.3,14,0.119,182889.16,0,E,0,0.6367,195689.57,0.03689402539482279,4596.831356967679,2026
LN103966,Auto Loan,South,Manufacturing,84017.0,821,40.73,20,1.232,128669.54,0,AA,0,0.05,128884.65,0.003642991991001867,23.476287385653936,2025
LN103967,Retail Term Loan,West,Technology,37732.0,830,36.28,28,0.154,315569.69,0,AA,1,0.7615,324729.11,0.0038240978108553714,945.6275616087379,2025
LN103968,Auto Loan,Central,Technology,45641.0,720,20.69,47,1.136,89866.18,0,A,0,0.05,92552.39,0.005217398201695391,24.144133657430526,2026
LN103969,Retail Term Loan,South,Healthcare,134526.0,744,38.98,21,0.167,135889.91,3,A,0,0.8646,143357.43,0.02070966272709282,2566.8971277753485,2023
LN103970,SME Loan,Central,Other,195306.0,688,24.92,47,0.892,152380.38,0,B,0,0.05,159289.48,0.008647304689525211,68.87123336980162,2022
LN103971,Retail Term Loan,West,Services,53292.0,676,54.63,45,0.232,16813.91,4,C,1,0.9544,18146.25,0.07950325369686241,1376.8994395634006,2022
LN103972,Auto Loan,North,Other,108506.0,650,37.58,23,0.631,93624.14,0,C,0,0.229,98255.58,0.019834340142392798,446.28312216525194,2023
LN103973,Retail Term Loan,East,Technology,83263.0,687,22.9,82,0.148,127472.4,4,B,0,0.98,133254.81,0.027886307195949225,3641.6648756578898,2024
LN103974,Retail Term Loan,Central,Manufacturing,70189.0,726,36.45,19,0.088,23056.33,0,A,0,0.6994,24624.56,0.010639118783284088,183.23134300697856,2022
LN103975,Retail Term Loan,North,Technology,207694.0,717,19.98,73,0.006,192374.21,0,B,0,0.913,204532.62,0.007018136607947963,1310.5547734305983,2025
LN103976,Retail Term Loan,North,Manufacturing,58453.0,819,35.35,6,0.215,127434.23,0,AA,0,0.6442,129069.9,0.0040636046244337904,337.87584118829625,2026
LN103977,Retail Term Loan,North,Other,148395.0,697,29.07,45,0.06,126931.92,0,B,0,0.7061,131846.26,0.011195855974074881,1042.2966199761515,2024
LN103978,Auto Loan,East,Healthcare,92506.0,593,21.25,22,1.267,198805.04,1,D,0,0.05,214578.29,0.022473366056714347,241.1148229496904,2024
LN103979,Credit Card,North,Other,74307.0,797,21.09,34,0.428,90008.64,0,AA,0,0.4137,103950.36,0.0030162107863731134,129.70992473173465,2026
LN103980,Retail Term Loan,Central,Technology,159509.0,611,63.65,88,0.129,123694.36,0,D,0,0.3971,123927.0,0.07196698571915122,3541.5969630331715,2023
LN103981,Auto Loan,North,Retail,87976.0,654,33.19,40,1.011,219873.52,3,C,0,0.05,220955.82,0.032671425311921895,360.94707851822295,2024
LN103982,Auto Loan,North,Retail,71126.0,708,26.39,24,0.571,124751.57,0,B,0,0.2736,132051.67,0.008118143349403742,293.30313617051996,2026
LN103983,Retail Term Loan,South,Other,160161.0,717,24.14,59,0.36,33011.08,0,B,0,0.5046,35053.33,0.007316264940441431,129.40943812925568,2023
LN103984,Auto Loan,West,Manufacturing,149095.0,596,38.13,40,0.943,124410.2,1,D,0,0.05,132566.2,0.04004781795136694,265.449352205225,2026
LN103985,Retail Term Loan,Central,Other,145266.0,641,23.7,51,0.34,125492.58,0,C,0,0.3818,128430.63,0.015024304352984318,736.7139774509549,2024
LN103986,Retail Term Loan,South,Retail,18000.0,594,17.77,28,0.0,225404.02,0,D,0,0.6974,239939.32,0.021250947083908102,3555.999216607286,2024
LN103987,Auto Loan,East,Technology,95544.0,730,31.58,29,0.61,94370.42,0,A,0,0.3368,101860.74,0.0076732323387757205,263.2432586371699,2025
LN103988,SME Loan,West,Healthcare,84281.0,767,31.48,31,0.65,60516.49,0,AA,0,0.2686,63305.72,0.005302178916576577,90.15780699289326,2026
LN103989,SME Loan,West,Manufacturing,73576.0,611,26.58,66,1.219,60655.3,0,D,0,0.05,63556.69,0.017513606078971997,55.65534161716694,2022
LN103990,SME Loan,North,Manufacturing,104885.0,755,20.41,43,1.034,329416.16,0,A,0,0.05,335851.88,0.0037875854564203624,63.60338480997184,2024
LN103991,Auto Loan,Central,Manufacturing,86556.0,751,26.92,25,0.994,146932.08,0,A,1,0.05,149467.79,0.004896079894891654,36.59031207764439,2023
LN103992,Retail Term Loan,Central,Healthcare,108884.0,647,25.89,52,0.26,317845.81,0,C,0,0.5737,318045.99,0.015516918234730438,2831.263210777261,2024
LN103993,Retail Term Loan,West,Manufacturing,64723.0,561,24.09,50,0.272,351731.38,0,E,0,0.5836,357782.8,0.03299606348756986,6889.645436805913,2023
LN103994,Retail Term Loan,East,Technology,170970.0,620,35.59,61,0.088,71308.19,1,D,1,0.897,72174.15,0.0366211785913321,2370.8628858343495,2023
LN103995,Retail Term Loan,South,Manufacturing,115112.0,651,60.94,37,0.064,67593.87,2,C,0,0.9062,71177.8,0.07671573459795152,4948.2663273866765,2025
LN103996,Retail Term Loan,Central,Healthcare,101077.0,790,49.31,46,0.255,109739.59,0,AA,0,0.5201,110100.47,0.008298128637185655,475.1778515850996,2025
LN103997,Auto Loan,Central,Other,98399.0,682,57.24,57,1.2,184485.98,0,B,0,0.05,198779.46,0.02349917127624701,233.55762883699458,2026
LN103998,Retail Term Loan,East,Retail,141740.0,625,24.62,26,0.209,44987.98,0,D,0,0.6944,48298.93,0.01862251314101704,624.57631526716,2023
LN103999,Retail Term Loan,West,Services,131554.0,700,53.77,67,0.084,164995.95,0,B,0,0.7624,169159.26,0.023562282675595115,3038.7573769221667,2026
LN104000,Credit Card,South,Retail,70489.0,606,34.95,48,0.214,159248.4,0,D,0,0.4444,203737.81,0.03075122244264164,2784.2489762733912,2023
LN104001,Auto Loan,West,Healthcare,129303.0,723,44.82,24,1.435,54582.11,0,A,0,0.05,56671.55,0.010118928766867067,28.672768877897273,2026
LN104002,SME Loan,North,Healthcare,82535.0,626,37.95,24,1.164,55938.61,0,D,0,0.05,59784.99,0.02201731871345791,65.81525895554469,2025
LN104003,Retail Term Loan,Central,Technology,215250.0,636,27.54,46,0.161,163799.02,3,D,0,0.98,172818.72,0.04011160616149512,6793.395705294225,2024
LN104004,Auto Loan,East,Technology,137172.0,714,41.35,36,1.079,512141.64,1,B,0,0.05,515948.34,0.014037034341424887,362.11922834905823,2026
LN104005,Retail Term Loan,East,Technology,53165.0,804,38.3,65,0.228,97620.61,0,AA,0,0.6077,103191.67,0.00514248291518246,322.48293275821175,2022
LN104006,Auto Loan,North,Services,270259.0,833,9.01,42,0.869,151156.58,2,AA,0,0.3624,158894.12,0.0021845908450178093,125.79579509220802,2025
LN104007,Retail Term Loan,East,Services,23603.0,622,30.39,55,0.218,78569.83,0,D,0,0.7723,83635.49,0.02291361668285189,1480.029200971287,2025
LN104008,Retail Term Loan,North,Other,106488.0,651,43.34,29,0.152,141603.87,0,C,0,0.6224,150278.48,0.026557392687233512,2484.0012666502735,2022
LN104009,Credit Card,Central,Technology,51139.0,724,35.61,47,0.071,77457.1,0,A,0,0.6763,82071.54,0.0106058725500183,588.6787703072079,2023
LN104010,Retail Term Loan,West,Other,211175.0,766,38.1,77,0.018,100106.66,0,AA,0,0.6825,105277.65,0.007774843494424066,558.6380246338393,2024
LN104011,Retail Term Loan,East,Technology,86188.0,549,22.23,45,0.339,666386.26,0,E,0,0.1449,712139.65,0.0342735446368992,3536.6540068790146,2023
LN104012,SME Loan,Central,Retail,48468.0,696,35.33,36,1.683,129339.69,0,B,0,0.05,137400.89,0.009103416827952897,62.54087871008526,2026
LN104013,Retail Term Loan,Central,Technology,64775.0,658,30.75,29,0.115,40147.92,1,C,0,0.8004,42511.26,0.021878404998749677,744.4348820550327,2023
LN104014,Auto Loan,North,Healthcare,50644.0,565,29.36,48,1.362,188195.8,0,E,0,0.05,190041.59,0.02849080318370643,270.72187687043163,2024
LN104015,Auto Loan,North,Services,63390.0,603,23.17,79,1.426,264547.89,0,D,0,0.05,285122.34,0.01610436059240838,229.58564881556322,2024
LN104016,Retail Term Loan,South,Retail,62598.0,653,43.89,18,0.251,192547.45,2,C,0,0.98,206041.19,0.04301641815885837,8685.890907249011,2024
LN104017,Auto Loan,North,Healthcare,49618.0,694,36.49,47,1.563,106033.02,0,B,0,0.05,110575.4,0.009928370850820836,54.891678908892715,2023
LN104018,Retail Term Loan,East,Manufacturing,87010.0,756,35.18,10,0.144,63139.1,0,A,0,0.7078,67685.12,0.007552023656235095,361.79878428441566,2024
LN104019,Credit Card,East,Manufacturing,93006.0,713,58.66,39,0.225,64235.0,0,B,0,0.6931,78270.36,0.02343388909298262,1271.2694202004723,2026
LN104020,Retail Term Loan,East,Manufacturing,43359.0,752,38.16,54,0.068,105075.1,0,A,0,0.8018,109700.67,0.008797782425672073,773.83532201626,2023
LN104021,Retail Term Loan,North,Technology,30128.0,692,47.61,13,0.172,92825.26,1,B,0,0.523,99081.24,0.026501860676914447,1373.3128651060078,2022
LN104022,Retail Term Loan,Central,Services,88989.0,644,35.55,38,0.145,81185.6,2,C,0,0.6756,83698.82,0.03714679211272148,2100.5367855685363,2026
LN104023,SME Loan,Central,Retail,100489.0,678,27.41,54,1.076,280960.41,1,C,0,0.099,297132.83,0.012750821187565467,375.0800708442436,2026
LN104024,Credit Card,East,Manufacturing,112068.0,735,18.23,51,0.0,228676.62,0,A,0,0.9578,251553.82,0.0055900456551640455,1346.8558108449135,2024
LN104025,SME Loan,North,Services,101558.0,757,35.14,55,1.03,291309.83,2,A,0,0.05,312266.21,0.010034553647651984,156.67260182969804,2026
LN104026,Credit Card,South,Manufacturing,178124.0,680,5.0,27,0.312,69105.37,1,B,0,0.3473,88974.54,0.007466724320378342,230.72818602274276,2026
LN104027,Credit Card,West,Healthcare,129785.0,630,35.54,54,0.035,62987.31,2,D,0,0.6414,80222.83,0.0434682396247928,2236.6549298811174,2023
LN104028,Auto Loan,West,Retail,327469.0,712,36.1,35,1.328,126679.36,0,B,0,0.05,134605.79,0.008761871484573412,58.96993165297385,2023
LN104029,SME Loan,South,Services,412751.0,721,29.17,64,1.657,160449.16,0,A,0,0.05,161634.61,0.005923099870329894,47.86889687659115,2024
LN104030,Auto Loan,Central,Technology,28518.0,770,30.8,6,1.648,126160.35,0,AA,0,0.05,132715.34,0.003899155947661552,25.873890365346256,2025
LN104031,Auto Loan,Central,Other,22400.0,646,15.73,42,1.197,152976.42,0,C,0,0.05,161636.46,0.008938632960183377,72.24044944616811,2025
LN104032,Credit Card,East,Healthcare,74696.0,647,50.01,50,0.121,363954.83,2,C,0,0.9541,451744.02,0.05655867583537433,24377.296587071185,2024
LN104033,Auto Loan,South,Other,98970.0,739,27.62,78,1.228,102988.7,1,A,0,0.05,106244.52,0.006875760265115886,36.525592450115504,2022
LN104034,Retail Term Loan,East,Retail,71934.0,664,19.36,50,0.266,211132.97,1,C,0,0.5751,223875.5,0.013891608160552831,1788.5556646522857,2022
LN104035,Auto Loan,North,Retail,110438.0,661,39.08,52,1.067,172443.12,0,C,0,0.05,180232.49,0.016766689479123815,151.0951096939644,2025
LN104036,Retail Term Loan,East,Services,64641.0,772,33.44,56,0.319,128280.18,0,AA,0,0.3751,134728.35,0.005856188910662633,295.95190042512496,2024
LN104037,Credit Card,North,Services,51204.0,601,27.34,76,0.266,204428.3,5,D,0,0.975,249320.37,0.08762705709719988,21301.030040047874,2022
LN104038,Auto Loan,North,Other,55640.0,824,25.97,40,1.5,70100.05,0,AA,0,0.05,70980.71,0.002060240684811752,7.31186732894122,2025
LN104039,Credit Card,East,Manufacturing,67181.0,650,31.93,17,0.189,60894.33,0,C,0,0.6744,64157.98,0.018574025549941326,803.66356965717,2025
LN104040,Auto Loan,East,Other,119274.0,746,49.5,13,1.295,162471.21,0,A,0,0.05,163708.12,0.009758861713990515,79.88024522686825,2024
LN104041,Credit Card,Central,Other,57385.0,683,38.1,63,0.032,38125.1,1,B,0,0.9481,44387.75,0.022199678803895978,934.2518549798797,2026
LN104042,Retail Term Loan,East,Other,63979.0,708,31.55,53,0.265,171669.47,0,B,0,0.4518,173623.85,0.010343679375308359,811.3918833233364,2023
LN104043,SME Loan,Central,Technology,102628.0,673,43.08,42,1.377,54476.79,0,C,0,0.05,58774.88,0.01567995359342904,46.079369542968024,2025
LN104044,Auto Loan,Central,Other,67232.0,746,32.36,35,1.103,347249.07,0,A,0,0.05,354212.1,0.0059421988884473045,105.23993734472927,2024
LN104045,Retail Term Loan,South,Manufacturing,138612.0,667,37.22,52,0.0,90931.44,1,C,0,0.8539,93896.46,0.02532869312841704,2030.808699029603,2024
LN104046,Retail Term Loan,Central,Healthcare,45230.0,653,33.96,53,0.195,331873.38,0,C,0,0.7988,347020.21,0.019212970454272966,5325.830486562361,2026
LN104047,Retail Term Loan,East,Technology,40145.0,808,39.67,59,0.251,103535.93,0,AA,0,0.4018,107507.59,0.005138544363252869,221.9673867776427,2025
LN104048,Auto Loan,East,Other,88680.0,692,26.23,24,1.106,100485.54,0,B,0,0.05,106167.71,0.008212315096133764,43.59413437774758,2024
LN104049,Credit Card,North,Manufacturing,93676.0,646,17.19,9,0.1,220001.4,0,C,0,0.5248,251834.85,0.012393664077177374,1637.98294895207,2025
LN104050,SME Loan,South,Other,46607.0,593,43.79,28,1.438,147314.37,0,D,0,0.05,151638.09,0.03365009375241159,255.13179724683133,2025
LN104051,Credit Card,East,Technology,157035.0,811,51.56,18,0.007,114525.9,0,AA,0,0.8422,137315.95,0.0077628250809845135,897.7512599120353,2025
LN104052,Auto Loan,South,Manufacturing,216200.0,654,17.81,17,1.016,90433.91,2,C,0,0.1493,93969.5,0.015584308964223088,218.64234337718472,2025
LN104053,Auto Loan,East,Technology,53100.0,824,34.33,83,0.937,91041.11,3,AA,0,0.4676,95546.57,0.006831486800816897,305.21427163825007,2025
LN104054,Credit Card,North,Manufacturing,169950.0,716,26.16,6,0.125,625010.1,0,B,0,0.5003,685070.06,0.008366409551251942,2867.507819638349,2024
LN104055,Credit Card,South,Manufacturing,20233.0,699,43.48,58,0.303,37143.37,0,B,0,0.4627,47110.51,0.01628492012132938,354.97922583254865,2023
LN104056,Retail Term Loan,West,Technology,135551.0,701,35.21,68,0.024,51713.58,0,B,0,0.7058,52036.96,0.013209314275068497,485.14755183106104,2024
LN104057,SME Loan,West,Healthcare,46792.0,834,75.26,70,1.258,273502.62,0,AA,0,0.05,290041.93,0.009595384696694733,139.15319482609024,2024
LN104058,Auto Loan,Central,Manufacturing,128294.0,548,28.08,54,1.053,259510.52,0,E,0,0.05,269379.38,0.03469797399369704,467.3459360839117,2025
LN104059,Credit Card,Central,Services,44203.0,704,51.98,77,0.119,62912.29,0,B,0,0.4987,72609.78,0.02125968363714659,769.8237166441152,2024
LN104060,SME Loan,Central,Retail,72227.0,673,53.25,87,0.886,35191.18,0,C,0,0.05,35728.45,0.024444423504815696,43.66806814853162,2024
LN104061,Credit Card,North,Technology,48035.0,676,38.94,41,0.132,292399.54,0,C,0,0.4828,337009.6,0.01834929028159369,2985.5806330188475,2024
LN104062,Retail Term Loan,West,Manufacturing,66677.0,700,32.48,58,0.221,57669.84,0,B,0,0.5892,61761.87,0.011632087926435792,423.2927707793743,2022
LN104063,Auto Loan,South,Technology,205192.0,673,33.23,76,1.532,85090.53,0,C,0,0.05,89195.87,0.011036571458089393,49.2208296510726,2024
LN104064,Retail Term Loan,South,Retail,70677.0,702,32.13,29,0.13,128351.95,0,B,0,0.5153,128921.52,0.011550942500605557,767.3667577938778,2024
LN104065,Credit Card,South,Other,239404.0,688,46.73,43,0.155,56637.23,0,B,0,0.6112,59767.67,0.02079402847995179,759.605858376412,2025
LN104066,Retail Term Loan,East,Services,60660.0,605,20.66,34,0.05,229200.05,0,D,0,0.4755,241985.7,0.020700028296851254,2381.832203199562,2026
LN104067,Credit Card,North,Retail,170368.0,715,29.91,58,0.184,121771.21,0,B,0,0.449,130845.76,0.009373499471597272,550.6907153371138,2024
LN104068,SME Loan,East,Manufacturing,30672.0,737,28.33,6,1.597,64719.82,0,A,0,0.05,68995.74,0.005019494824122402,17.316187990824748,2024
LN104069,Retail Term Loan,North,Other,64066.0,655,9.56,80,0.195,68837.26,0,C,0,0.5666,73067.33,0.008710454163509766,360.6123596866028,2025
LN104070,Auto Loan,East,Other,55848.0,811,43.17,60,1.233,297488.79,0,AA,0,0.05,309462.93,0.004336062974094489,67.09253763138973,2026
LN104071,Credit Card,West,Retail,174727.0,777,45.82,61,0.107,98727.55,0,AA,0,0.6539,115521.93,0.008739711899979364,660.1960018209144,2025
LN104072,Auto Loan,North,Retail,83044.0,745,23.76,6,1.517,184494.89,0,A,0,0.05,184835.73,0.004099615822973247,37.88777416794055,2023
LN104073,Retail Term Loan,North,Other,23785.0,744,45.39,25,0.198,119164.28,0,A,0,0.5672,123960.46,0.011558686100702403,812.6955301131372,2024
LN104074,Retail Term Loan,Central,Services,36486.0,692,11.41,81,0.126,35138.9,2,B,0,0.6324,36178.38,0.011105493184717726,254.08488309625858,2023
LN104075,Auto Loan,West,Services,42971.0,764,32.31,44,0.767,202407.41,0,AA,0,0.1859,206148.28,0.005438065418747649,208.402792080769,2022
LN104076,Credit Card,South,Services,125363.0,792,30.36,10,0.179,254470.71,0,AA,0,0.7032,292122.72,0.004537990717021479,932.1972147268367,2025
LN104077,Auto Loan,Central,Healthcare,116774.0,743,33.14,53,0.651,435804.47,3,A,0,0.5941,449486.11,0.015384950028229313,4108.392408529585,2024
LN104078,Retail Term Loan,South,Services,63578.0,653,33.07,63,0.225,31724.46,0,C,0,0.307,32193.64,0.01854095363675699,183.2485414980027,2023
LN104079,Auto Loan,Central,Manufacturing,55468.0,687,31.0,60,1.021,13152.01,0,B,0,0.05,14203.98,0.010246422817946662,7.276999238882902,2024
LN104080,Auto Loan,North,Manufacturing,111219.0,727,26.96,45,1.092,187700.97,1,A,0,0.05,188481.7,0.007824719001338678,73.74081696973083,2023
LN104081,Retail Term Loan,West,Other,40296.0,744,30.59,73,0.125,78882.99,0,A,0,0.4258,84168.96,0.007359623377211139,263.7625958784297,2022
LN104082,Credit Card,North,Other,96467.0,685,49.72,33,0.224,44101.17,0,B,0,0.4871,57136.34,0.02309047180589448,642.6334888135806,2025
LN104083,Retail Term Loan,North,Other,92054.0,653,24.48,60,0.258,129381.25,0,C,0,0.8091,130151.0,0.014021993452122204,1476.5884617047886,2023
LN104084,Auto Loan,East,Services,64487.0,793,61.32,51,1.322,87617.5,0,AA,0,0.05,90008.53,0.00898555018611276,40.4388081746618,2022
LN104085,SME Loan,North,Retail,93336.0,620,23.74,45,1.062,49114.71,0,D,0,0.05,51528.9,0.01529539760184443,39.407750674284074,2025
LN104086,Auto Loan,East,Retail,79332.0,629,35.12,40,1.276,113243.01,0,D,0,0.05,114647.54,0.019032185930454203,109.09966488745927,2026
LN104087,Credit Card,South,Technology,98600.0,604,39.43,40,0.079,178402.69,4,D,0,0.98,225197.87,0.09980581551790826,22026.53592688097,2022
LN104088,Retail Term Loan,North,Manufacturing,36008.0,629,28.21,49,0.055,135631.6,1,D,0,0.98,139442.98,0.02698519655973512,3687.6382996917087,2024
LN104089,Retail Term Loan,Central,Technology,105158.0,771,49.97,42,0.181,136353.04,0,AA,0,0.5625,137898.05,0.01036365914469346,803.8847176413165,2023
LN104090,Retail Term Loan,Central,Manufacturing,131910.0,773,39.09,64,0.139,163676.14,0,AA,0,0.6349,172723.8,0.0072721812439013375,797.4844166190837,2022
LN104091,Credit Card,Central,Services,89480.0,685,29.34,36,0.059,36727.42,0,B,0,0.7865,39480.76,0.012669858324420705,393.41959750986865,2024
LN104092,Credit Card,North,Services,104392.0,722,49.83,83,0.165,115767.5,0,A,0,0.8316,133230.2,0.01655026921581077,1833.6744055556214,2025
LN104093,Retail Term Loan,South,Healthcare,70600.0,689,18.8,35,0.143,141948.31,0,B,0,0.4652,146888.01,0.008541993019436667,583.6940488386205,2023
LN104094,Retail Term Loan,South,Other,122452.0,613,24.65,68,0.0,92105.41,5,D,0,0.98,95290.54,0.07750581710291547,7237.859741580489,2022
LN104095,Retail Term Loan,South,Healthcare,77740.0,834,39.31,69,0.261,67147.37,1,AA,0,0.5044,71393.71,0.0051247878141804015,184.54866901464013,2025
LN104096,Auto Loan,East,Retail,39890.0,779,42.42,52,1.011,71176.75,5,AA,0,0.436,74860.92,0.022390562657608817,730.8136602616811,2025
LN104097,Credit Card,East,Technology,117755.0,713,36.19,50,0.126,97721.3,0,B,0,0.4714,105546.74,0.011835671716860788,588.8806889412787,2024
LN104098,Credit Card,East,Technology,30530.0,634,30.35,32,0.185,227593.21,0,D,0,0.528,267347.24,0.020595805666820687,2907.2903907172595,2024
LN104099,SME Loan,South,Manufacturing,87621.0,675,28.73,37,1.338,349515.22,5,C,0,0.1397,375699.12,0.035834858411968304,1880.798530466942,2023
LN104100,Retail Term Loan,Central,Other,60713.0,645,46.71,53,0.0,303052.88,2,C,0,0.98,311516.57,0.05368618429020388,16389.653266742753,2026
LN104101,Credit Card,Central,Other,58617.0,696,35.13,47,0.366,40244.5,0,B,0,0.2937,51259.69,0.012666611694709996,190.6954711367891,2026
LN104102,Auto Loan,South,Services,82441.0,710,20.66,74,0.648,62176.13,0,B,0,0.2435,66363.95,0.006506034435807219,105.1350560630719,2025
LN104103,Retail Term Loan,South,Manufacturing,50774.0,668,19.91,38,0.244,190131.49,1,C,0,0.7477,202560.04,0.013681775161271103,2072.1615168285034,2022
LN104104,SME Loan,East,Manufacturing,99405.0,595,51.67,39,1.011,298269.79,0,D,1,0.05,317590.25,0.04680245911562138,743.2002345572486,2023
LN104105,Retail Term Loan,South,Technology,77380.0,829,22.66,11,0.263,60990.83,3,AA,0,0.8402,63091.18,0.005336676954657715,282.89302638172546,2023
LN104106,Credit Card,Central,Manufacturing,53409.0,705,35.55,62,0.013,136426.0,0,B,0,0.6345,165457.76,0.012887265825101584,1352.9431672576482,2022
LN104107,Credit Card,East,Manufacturing,156567.0,720,49.56,60,0.125,54336.17,0,A,0,0.873,57623.74,0.01689649712114147,849.98715867794,2024
LN104108,SME Loan,North,Technology,83941.0,663,39.05,69,1.019,145624.87,0,C,0,0.05,147656.33,0.016636388227923533,122.82340150951961,2024
LN104109,Auto Loan,North,Manufacturing,106105.0,588,22.15,71,0.753,76483.67,0,D,0,0.0771,79183.12,0.02133383087007341,130.24343324702846,2026
LN104110,Retail Term Loan,North,Manufacturing,163467.0,685,18.8,65,0.241,136392.57,1,B,0,0.6542,139786.43,0.01123493587263041,1027.4155896170994,2025
LN104111,Credit Card,South,Manufacturing,161998.0,669,56.31,66,0.18,51379.0,0,C,0,0.5488,54953.7,0.033333284763121585,1005.2848871908702,2022
LN104112,Credit Card,South,Healthcare,103169.0,736,18.46,61,0.171,38236.02,0,A,0,0.7936,48298.28,0.005337399340704941,204.57992813323935,2022
LN104113,Auto Loan,Central,Retail,63499.0,749,24.81,65,1.23,1049730.67,0,A,0,0.05,1113004.43,0.0043915356528066215,244.3899318038356,2026
LN104114,Credit Card,Central,Services,34163.0,740,36.84,7,0.19,125968.33,0,A,0,0.5158,162305.91,0.009175410851904242,768.1414338165833,2025
LN104115,Retail Term Loan,North,Technology,84030.0,754,29.15,24,0.343,534744.71,0,A,0,0.5039,555749.95,0.006037273134591049,1690.6924568891322,2022
LN104116,Auto Loan,Central,Services,136935.0,807,39.46,20,1.355,345097.32,0,AA,0,0.05,367875.48,0.003879466452102425,71.35802916055384,2026
LN104117,SME Loan,East,Technology,91137.0,715,12.92,76,1.854,38189.76,0,B,0,0.05,40983.73,0.0035517498932501968,7.278197932624745,2024
LN104118,Retail Term Loan,South,Retail,18000.0,761,29.26,31,0.22,154584.51,0,AA,0,0.6567,156468.94,0.005845313745843856,600.6244170634748,2025
LN104119,Auto Loan,East,Healthcare,121028.0,722,40.81,34,1.627,48490.01,4,A,0,0.05,51712.7,0.024165321345185196,62.48270065635793,2025
LN104120,SME Loan,East,Technology,125188.0,566,40.85,48,1.223,97529.3,0,E,0,0.05,97746.01,0.04170102455376587,203.8054381521322,2025
LN104121,Credit Card,North,Healthcare,63549.0,680,24.56,21,0.134,32074.55,0,B,1,0.4116,36245.56,0.01120662916167867,167.18803024720708,2024
LN104122,SME Loan,Central,Services,129165.0,634,18.72,56,1.206,39866.38,0,D,0,0.05,41177.88,0.011002244559407464,22.65245530989667,2024
LN104123,Auto Loan,North,Manufacturing,105940.0,705,34.78,6,1.571,65965.95,0,B,0,0.05,69506.93,0.008443774806315037,29.345043219915137,2023
LN104124,SME Loan,North,Technology,51442.0,639,14.94,22,1.249,81897.56,1,D,0,0.05,85102.95,0.011938009286544267,50.79799037061563,2024
LN104125,Retail Term Loan,South,Manufacturing,150913.0,729,48.7,52,0.218,123306.2,0,A,0,0.5847,125369.81,0.01473900999504207,1080.4243782951173,2022
LN104126,Auto Loan,North,Retail,37352.0,754,34.05,21,1.285,58099.66,5,A,0,0.0753,61033.3,0.02036347506944702,93.5866112465929,2025
LN104127,Auto Loan,North,Technology,72675.0,768,22.94,77,1.488,133220.76,0,AA,0,0.05,142479.73,0.003222467311675571,22.95681362506806,2022
LN104128,Credit Card,South,Healthcare,68795.0,795,18.29,49,0.122,265742.36,0,AA,0,0.5978,342880.6,0.0030424120414303947,623.6154347820587,2023
LN104129,SME Loan,South,Technology,47632.0,581,23.77,73,0.528,145360.19,0,D,0,0.2516,148810.51,0.02538229875543287,950.331650208512,2022
LN104130,Credit Card,North,Other,88639.0,612,11.69,56,0.133,114476.08,0,D,0,0.6547,134131.36,0.014293216900750355,1255.1702966090709,2025
LN104131,Credit Card,Central,Technology,154191.0,850,38.43,48,0.145,152418.76,0,AA,0,0.73,191544.57,0.003384684079180863,473.2720352687574,2024
LN104132,Auto Loan,Central,Retail,148970.0,756,21.56,26,1.137,43947.88,2,A,0,0.05,47107.77,0.006400150185597011,15.074840145428066,2024
LN104133,Auto Loan,West,Services,111665.0,705,37.2,68,1.001,233666.92,5,B,0,0.3719,235600.75,0.03826041536206751,3352.37449206118,2024
LN104134,Auto Loan,East,Healthcare,29510.0,692,38.99,58,1.547,51891.21,0,B,0,0.05,55774.34,0.011000943074604972,30.678516968183153,2023
LN104135,Retail Term Loan,Central,Healthcare,35971.0,686,44.56,94,0.204,355596.2,5,B,0,0.98,365498.74,0.06924723964269211,24803.58326112438,2026
LN104136,Auto Loan,South,Services,82177.0,564,35.27,66,1.178,205823.5,0,E,0,0.05,213053.89,0.036175039157042954,385.3616406655162,2024
LN104137,SME Loan,East,Manufacturing,73601.0,640,46.63,39,1.182,177165.65,1,C,0,0.05,189042.45,0.032536451388383326,307.5385242382943,2025
LN104138,Credit Card,North,Manufacturing,57028.0,683,50.02,54,0.141,182647.92,5,B,0,0.98,209614.87,0.08487339982847303,17434.912138073327,2026
LN104139,Credit Card,West,Technology,213880.0,643,35.36,57,0.235,119841.2,5,C,1,0.98,134607.88,0.07693720077661922,10149.226419881566,2023
LN104140,Auto Loan,North,Technology,79496.0,652,36.14,74,1.284,69201.46,0,C,0,0.05,72958.85,0.01575681590036159,57.479958387604825,2025
LN104141,Auto Loan,West,Manufacturing,101070.0,850,24.75,77,1.188,62069.07,0,AA,0,0.05,64657.04,0.0016700098821184743,5.3988947874264746,2022
LN104142,Retail Term Loan,West,Manufacturing,129131.0,674,19.16,44,0.189,408898.15,0,C,0,0.3859,409757.1,0.009861528543996795,1559.3568132397893,2026
LN104143,Auto Loan,South,Technology,77302.0,708,48.67,21,1.679,128998.98,0,B,0,0.05,133852.9,0.01240142292433469,82.99832112743394,2024
LN104144,Auto Loan,West,Retail,311866.0,706,39.87,7,0.817,54983.96,0,B,0,0.2,57643.31,0.011920686579811898,137.4295663865874,2023
LN104145,Retail Term Loan,South,Retail,44714.0,728,40.93,23,0.119,172291.82,1,A,0,0.6402,174103.05,0.015474884969427354,1724.842634743249,2023
LN104146,Retail Term Loan,South,Services,53740.0,659,24.32,35,0.261,152552.7,0,C,0,0.3881,155308.58,0.013163694374282732,793.445099627732,2026
LN104147,Credit Card,East,Healthcare,44654.0,771,53.11,81,0.134,95292.79,0,AA,0,0.6803,117289.98,0.01158709160972795,924.5615402738971,2023
LN104148,Auto Loan,South,Healthcare,177142.0,719,29.03,81,1.065,63999.53,0,B,0,0.05,66769.41,0.006998166123500352,23.363171157405286,2026
LN104149,Auto Loan,West,Manufacturing,116587.0,606,21.58,69,1.129,200814.83,0,D,0,0.0887,204437.35,0.0160522343059915,291.0846827626145,2026
LN104150,Retail Term Loan,South,Manufacturing,55601.0,683,24.54,75,0.078,232694.12,0,B,0,0.5542,236926.02,0.011039065508007958,1449.4778762247747,2026
LN104151,Auto Loan,East,Technology,46635.0,679,52.43,32,1.296,150380.6,3,C,0,0.198,155499.04,0.043646702177144725,1343.8300169669594,2023
LN104152,Auto Loan,Central,Technology,160642.0,676,17.56,15,0.936,126162.68,1,C,0,0.0882,134119.32,0.00985773367186577,116.61032574679548,2025
LN104153,Auto Loan,South,Manufacturing,91507.0,723,22.24,26,1.221,69395.26,0,A,0,0.05,70946.7,0.005210487228792734,18.48334371374947,2024
LN104154,Auto Loan,East,Manufacturing,162913.0,731,69.68,6,1.135,167901.86,0,A,0,0.05,171280.85,0.022181355492485323,189.96207114525276,2024
LN104155,Retail Term Loan,Central,Healthcare,72559.0,724,44.23,23,0.299,76953.93,0,A,0,0.345,80048.35,0.013148381035028245,363.1146414237296,2023
LN104156,SME Loan,South,Retail,99368.0,712,22.47,37,1.054,49242.67,0,B,0,0.05,50631.78,0.006091459665942778,15.421072284244413,2026
LN104157,Retail Term Loan,North,Manufacturing,88466.0,696,17.94,52,0.259,263857.6,0,B,0,0.4123,284562.44,0.007543101261169805,884.9950646087832,2023
LN104158,Auto Loan,South,Technology,53209.0,550,10.25,51,1.352,58355.97,0,E,0,0.05,62120.95,0.018090973374921427,56.19142262374126,2026
LN104159,Retail Term Loan,Central,Manufacturing,69284.0,741,33.26,33,0.0,31805.41,0,A,0,0.849,32802.11,0.008514912782950485,237.131732778989,2022
LN104160,Auto Loan,West,Services,39100.0,722,41.46,61,1.575,300006.01,0,A,0,0.05,302879.87,0.00885921245777598,134.16385587567848,2025
LN104161,Retail Term Loan,Central,Healthcare,98420.0,626,51.74,33,0.13,35388.4,0,D,0,0.548,36005.25,0.04375905393008758,863.4045107309247,2025
LN104162,SME Loan,South,Services,113997.0,708,7.38,48,1.129,91347.79,4,B,0,0.3454,97072.45,0.010922871477181368,366.2310378452945,2023
LN104163,Auto Loan,Central,Manufacturing,129292.0,732,14.77,24,1.081,55732.39,2,A,0,0.05,57769.78,0.006589068694109266,19.03245244317898,2024
LN104164,Credit Card,South,Other,108212.0,766,30.45,72,0.269,72300.55,0,AA,0,0.6632,80625.14,0.005713457634394123,305.5019669229854,2023
LN104165,Retail Term Loan,West,Services,69893.0,723,68.24,48,0.333,569262.2,0,A,1,0.3554,597720.68,0.027990864862583672,5946.097454217106,2023
LN104166,Retail Term Loan,Central,Technology,176104.0,711,43.52,63,0.061,111764.81,0,B,0,0.5467,117482.19,0.015465824214295574,993.3314300015538,2025
LN104167,Auto Loan,South,Healthcare,122518.0,752,36.85,21,1.231,154381.26,1,A,0,0.05,158447.68,0.008133201053832218,64.4343418976635,2025
LN104168,Auto Loan,Central,Other,160965.0,670,16.08,52,1.0,208686.54,2,C,0,0.1839,211092.31,0.012715590883187062,493.61765892337445,2025
LN104169,Auto Loan,West,Healthcare,166617.0,717,5.0,61,0.902,76303.22,0,B,0,0.05,79744.88,0.0034564206042793544,13.781592315889231,2025
LN104170,SME Loan,West,Retail,69994.0,650,32.51,6,1.579,254700.89,0,C,0,0.05,266188.84,0.013283697017471532,176.79859499961037,2025
LN104171,Credit Card,West,Other,92835.0,762,30.71,74,0.127,156131.44,2,AA,0,0.8755,170887.64,0.01046948960426235,1566.3626273525495,2024
LN104172,SME Loan,North,Manufacturing,114835.0,585,28.52,21,1.133,203395.86,0,D,0,0.05,219177.42,0.024344846068145798,266.7920275756671,2026
LN104173,Retail Term Loan,West,Services,39863.0,743,27.05,53,0.07,72251.73,0,A,0,0.6336,74104.33,0.006733115121887184,316.1366112455136,2026
LN104174,Credit Card,South,Services,40352.0,691,22.27,87,0.3,163740.85,0,B,0,0.6296,177310.69,0.008987685967224728,1003.3386191015777,2024
LN104175,Auto Loan,South,Technology,36703.0,753,19.29,69,0.524,119251.43,0,A,0,0.3274,125313.0,0.00424832381046711,174.2980040238327,2026
LN104176,Credit Card,North,Other,70671.0,639,50.06,15,0.094,264626.36,0,D,0,0.7279,313343.8,0.03715404193177346,8474.203563273755,2026
LN104177,SME Loan,North,Healthcare,62437.0,696,20.48,44,1.274,82208.34,0,B,0,0.05,87767.87,0.006303021946050096,27.660140538403592,2025
LN104178,Credit Card,Central,Other,34051.0,694,28.41,75,0.077,497722.43,0,B,0,0.7543,625947.87,0.011234779938858514,5304.529191747795,2025
LN104179,SME Loan,South,Manufacturing,81421.0,718,31.49,30,1.061,152109.08,0,B,0,0.05,162602.76,0.0076491090570875,62.18831221117126,2022
LN104180,Credit Card,South,Healthcare,71158.0,622,41.18,40,0.073,109929.5,5,D,0,0.98,118449.37,0.11377123527531532,13206.608519633219,2023
LN104181,Retail Term Loan,East,Healthcare,143699.0,731,20.93,39,0.132,101286.91,0,A,0,0.6067,101812.59,0.006120633505781712,378.06968538140126,2023
LN104182,Credit Card,West,Retail,226927.0,570,44.71,61,0.039,119426.39,0,E,0,0.715,147511.34,0.06044579170323148,6375.2544080257585,2023
LN104183,Auto Loan,East,Manufacturing,96403.0,647,24.46,14,0.966,77279.56,0,C,0,0.1888,79289.41,0.012389023549270817,185.4617078213426,2025
LN104184,SME Loan,East,Manufacturing,51128.0,588,29.9,62,1.144,191366.91,4,D,0,0.1372,203559.1,0.06753745834156488,1886.2069732198715,2023
LN104185,Credit Card,Central,Other,107038.0,744,53.36,34,0.187,119003.3,0,A,0,0.6528,149420.42,0.014915777672378457,1454.9095678221313,2024
LN104186,Retail Term Loan,East,Services,75385.0,716,19.4,48,0.236,467790.05,0,B,0,0.5229,493068.3,0.006557551782415874,1690.7035035868396,2024
LN104187,Retail Term Loan,West,Technology,65721.0,720,41.37,43,0.352,88603.04,0,A,0,0.6823,90052.98,0.012311125039324548,756.4342809647499,2022
LN104188,Retail Term Loan,Central,Other,46694.0,786,45.06,61,0.241,110281.85,0,AA,0,0.5191,114028.45,0.007560044143510294,447.49540601629485,2026
LN104189,Auto Loan,West,Retail,58100.0,669,36.03,48,0.726,88541.75,3,C,0,0.4315,94274.72,0.0332896333873162,1354.207028891249,2025
LN104190,Retail Term Loan,North,Services,68013.0,730,30.47,80,0.043,443998.61,0,A,0,0.7425,447484.73,0.00856573955585907,2846.0304569099076,2022
LN104191,Credit Card,South,Retail,116716.0,694,59.63,70,0.184,43618.47,0,B,0,0.7056,48021.13,0.029196163424109474,989.2743149553106,2025
LN104192,Auto Loan,West,Services,99340.0,684,31.82,31,1.423,128129.35,0,B,0,0.05,129704.23,0.009765804028770435,63.33330459412835,2025
LN104193,Credit Card,East,Services,204702.0,775,34.65,78,0.164,149392.94,0,AA,0,0.7049,183420.03,0.006153286317124714,795.5754888282626,2025
LN104194,Retail Term Loan,South,Healthcare,108676.0,825,27.63,55,0.157,54482.3,3,AA,0,0.8124,56406.46,0.006677556713159557,305.996419472771,2023
LN104195,Auto Loan,South,Retail,94713.0,662,33.96,52,0.979,763354.53,0,C,0,0.05,782257.13,0.014449190928651764,565.1491313334583,2023
LN104196,Retail Term Loan,North,Healthcare,63374.0,744,44.53,67,0.0,62558.12,2,A,0,0.98,66665.89,0.019870502253955466,1298.1910231568081,2022
LN104197,SME Loan,South,Healthcare,42389.0,711,28.42,25,0.89,122849.27,0,B,0,0.05,127644.95,0.0077528306202469905,49.480483843994804,2025
LN104198,Retail Term Loan,West,Technology,54820.0,712,5.0,18,0.223,390064.25,0,B,0,0.6185,413189.35,0.004320073687268094,1104.0277193943407,2024
LN104199,Retail Term Loan,North,Technology,51038.0,706,38.68,49,0.145,92290.92,1,B,0,0.6541,97173.71,0.01765955417419543,1122.464639457977,2025
LN104200,Retail Term Loan,Central,Services,18338.0,668,17.98,35,0.262,132692.11,1,C,0,0.7472,142790.55,0.01281239015271815,1366.9936104780868,2024
LN104201,Credit Card,South,Technology,43066.0,500,41.64,94,0.266,94268.78,0,E,0,0.5459,104266.81,0.09774122475994546,5563.357361750919,2025
LN104202,Retail Term Loan,Central,Healthcare,181037.0,790,31.98,31,0.1,115606.85,5,AA,0,0.98,122828.09,0.018300428443309407,2202.8505384359005,2025
LN104203,Credit Card,South,Services,91856.0,645,44.26,49,0.194,255829.72,0,C,0,0.5943,272942.75,0.028615967298717127,4641.79251644515,2023
LN104204,Credit Card,Central,Services,60971.0,674,19.67,52,0.154,89334.75,2,C,0,0.7777,112107.6,0.017004014784639872,1482.5134021768822,2025
LN104205,Credit Card,East,Healthcare,93378.0,676,25.04,75,0.0,18715.87,0,C,0,0.8471,23779.08,0.012234215882580397,246.4369751229709,2023
LN104206,Retail Term Loan,Central,Other,25613.0,639,27.58,26,0.131,117263.6,0,D,0,0.7086,124931.99,0.018250244761638248,1615.635916047083,2022
LN104207,Retail Term Loan,North,Retail,87588.0,706,12.73,13,0.047,125403.19,2,B,0,0.8259,128623.75,0.010332807856895975,1097.6578480764497,2025
LN104208,Auto Loan,West,Healthcare,151428.0,687,46.45,79,0.823,137592.73,0,B,0,0.1244,139207.72,0.017567381524786586,304.22208197739656,2025
LN104209,Retail Term Loan,South,Services,70167.0,643,10.87,50,0.218,105549.32,0,C,0,0.6307,112669.66,0.010129067206375393,719.7791586942449,2025
LN104210,Credit Card,South,Technology,28301.0,700,46.27,66,0.128,65609.15,1,B,0,0.8459,83219.47,0.023827924615381284,1677.3750852816497,2024
LN104211,Auto Loan,North,Other,59729.0,688,37.52,67,1.107,101077.84,0,B,0,0.05,104700.55,0.01220790208181667,63.90870311561752,2025
LN104212,Auto Loan,Central,Retail,151575.0,750,29.41,71,1.071,412867.26,1,A,0,0.0952,426495.65,0.006817242048602932,276.796292294738,2023
LN104213,Retail Term Loan,West,Technology,86465.0,603,36.49,40,0.394,116519.73,0,D,0,0.3391,117464.32,0.03171720345177385,1263.3644343976632,2023
LN104214,Auto Loan,Central,Manufacturing,34378.0,638,36.13,34,1.271,189526.28,0,D,1,0.05,199335.49,0.01805830422238893,179.98304603694834,2024
LN104215,Retail Term Loan,East,Technology,275802.0,737,26.79,6,0.173,58199.74,0,A,0,0.738,60624.61,0.006889896122731111,308.2605818512413,2025
LN104216,Credit Card,North,Technology,37633.0,648,35.88,26,0.096,97856.0,0,C,0,0.696,115477.81,0.02194160974055483,1763.503252336902,2023
LN104217,Retail Term Loan,South,Other,65620.0,631,41.51,49,0.107,59564.69,0,D,0,0.8295,62781.49,0.030625647313609495,1594.8993676819266,2022
LN104218,SME Loan,East,Services,42391.0,652,19.72,33,1.084,296801.25,0,C,0,0.05,319729.3,0.009859702146188833,157.62178327047266,2023
LN104219,Credit Card,North,Retail,42423.0,683,36.5,23,0.116,40384.5,0,B,0,0.4927,45312.96,0.015960311848339896,356.325060687365,2024
LN104220,Retail Term Loan,Central,Technology,58487.0,684,5.0,49,0.21,155737.66,0,B,0,0.7082,164240.86,0.005677649277814188,660.3979165179727,2023
LN104221,Retail Term Loan,Central,Other,106418.0,676,6.92,78,0.126,152324.61,0,C,0,0.664,162247.45,0.0066613425996996205,717.6418046507491,2025
LN104222,Retail Term Loan,East,Services,152518.0,623,39.34,47,0.0,145568.74,1,D,0,0.5852,152685.86,0.04085912483531268,3650.8349315042037,2022
LN104223,Retail Term Loan,East,Healthcare,60649.0,740,26.57,23,0.278,23244.63,0,A,0,0.4922,24387.99,0.006470323958076823,77.66827206447556,2025
LN104224,Retail Term Loan,West,Other,43030.0,776,20.91,76,0.263,29120.29,5,AA,0,0.98,29483.15,0.014150064163756623,408.8446949646679,2023
LN104225,SME Loan,West,Technology,97587.0,566,31.31,31,1.243,130246.79,0,E,0,0.05,133593.78,0.03089785597870976,206.38806870457182,2023
LN104226,Credit Card,North,Retail,99173.0,589,26.85,81,0.155,62885.08,4,D,0,0.98,66485.97,0.07748260173590281,5048.475815844478,2023
LN104227,Retail Term Loan,East,Services,85601.0,755,19.15,42,0.272,76515.46,2,A,0,0.8193,79410.86,0.0074721947102928035,486.15083320045574,2023
LN104228,Auto Loan,West,Services,87282.0,792,10.69,50,1.464,89149.41,0,AA,0,0.05,95304.53,0.0017376773736529477,8.28042626938143,2026
LN104229,Retail Term Loan,Central,Manufacturing,70497.0,552,6.41,82,0.286,57421.23,0,E,0,0.5968,60991.86,0.020610845390034084,750.2335777575286,2023
LN104230,SME Loan,East,Manufacturing,79160.0,743,41.6,18,1.298,50895.53,0,A,0,0.05,53073.6,0.007807898833114311,20.719664975458784,2025
LN104231,Retail Term Loan,Central,Retail,67869.0,796,26.51,25,0.227,119995.35,0,AA,0,0.3903,125869.15,0.003813747650436979,187.35694823177238,2023
LN104232,Credit Card,East,Manufacturing,135114.0,634,44.6,41,0.291,31602.43,0,D,0,0.4309,35540.43,0.031299548666997926,479.33290940193217,2022
LN104233,Credit Card,South,Manufacturing,255479.0,793,26.38,45,0.116,84219.85,0,AA,0,0.8133,101156.77,0.004022819919533453,330.9606172237084,2022
LN104234,Retail Term Loan,East,Healthcare,82789.0,678,36.61,106,0.194,75211.31,0,C,0,0.5802,79399.55,0.016467699356464048,758.6276982780381,2024
LN104235,Retail Term Loan,West,Manufacturing,74729.0,710,30.37,28,0.0,118026.73,2,B,0,0.8344,122721.15,0.01758338522690998,1800.5127567558384,2026
LN104236,Auto Loan,Central,Manufacturing,86333.0,643,32.58,19,0.977,638114.15,0,C,0,0.1308,644434.59,0.016590157101337207,1398.4182585243668,2025
LN104237,SME Loan,South,Technology,52229.0,755,33.21,27,1.037,60348.01,1,A,0,0.05,64959.29,0.007396860565428306,24.024740527961065,2025
LN104238,Auto Loan,South,Other,114231.0,744,26.21,53,1.065,159485.08,4,A,0,0.2598,159695.04,0.014281519780224574,592.5227092920634,2024
LN104239,Credit Card,West,Healthcare,95596.0,802,16.01,59,0.111,140056.71,0,AA,0,0.5896,166152.79,0.002651073469444684,259.708926230119,2023
LN104240,Credit Card,West,Manufacturing,59515.0,784,41.96,32,0.089,177579.63,0,AA,0,0.718,207027.19,0.007260432511600442,1079.2307836820005,2025
LN104241,Credit Card,South,Services,123177.0,689,52.72,48,0.114,103356.86,0,B,0,0.6506,131080.7,0.025108688065644622,2141.296623666759,2025
LN104242,Auto Loan,West,Healthcare,75787.0,850,53.57,91,0.71,329149.1,5,AA,0,0.7755,350676.87,0.017480266100480098,4753.756839736128,2022
LN104243,Auto Loan,North,Healthcare,43990.0,778,24.81,49,1.61,193872.38,2,AA,0,0.05,199854.74,0.005085921882654515,50.822279775911426,2024
LN104244,Credit Card,South,Retail,91001.0,725,22.47,55,0.197,196043.33,0,A,0,0.3737,252361.49,0.006697898096313946,631.6619497887414,2025
LN104245,Retail Term Loan,Central,Other,85442.0,625,24.79,90,0.153,44590.35,5,D,0,0.8667,47106.59,0.06735575382463402,2749.9523256128896,2024
LN104246,SME Loan,East,Other,127195.0,591,29.71,33,1.792,128371.65,0,D,0,0.05,133597.43,0.02021199663915911,135.0135403080147,2024
LN104247,Retail Term Loan,Central,Healthcare,118491.0,596,31.32,31,0.138,83981.2,0,D,0,0.5976,90031.99,0.030755191071164933,1654.7251504484052,2025
LN104248,Retail Term Loan,South,Healthcare,70627.0,629,19.03,38,0.012,65650.59,0,D,0,0.6886,69282.34,0.015802433188968443,753.8996274588875,2024
LN104249,Credit Card,South,Healthcare,57849.0,780,12.76,36,0.04,77398.44,1,AA,0,0.9017,85442.7,0.003913013163762262,301.4729441593914,2023
LN104250,Retail Term Loan,Central,Manufacturing,75072.0,722,32.65,8,0.302,115393.55,0,A,0,0.4573,123053.23,0.00927688626985899,522.0311899168563,2025
LN104251,Retail Term Loan,Central,Healthcare,91589.0,650,5.0,51,0.086,165211.56,1,C,0,0.9521,172413.45,0.010552793865171948,1732.2922491160834,2026
LN104252,Retail Term Loan,Central,Other,97861.0,681,30.69,53,0.231,238558.41,0,B,0,0.3842,244276.58,0.013148803760612933,1234.0291974364745,2023
LN104253,Auto Loan,South,Services,88523.0,673,19.72,44,1.016,230852.3,0,C,0,0.1009,233075.55,0.008200948392872774,192.86435222051517,2024
LN104254,Credit Card,Central,Manufacturing,71348.0,742,42.14,53,0.149,147286.25,5,A,0,0.98,166066.3,0.03900686932420673,6348.171933989421,2022
LN104255,Retail Term Loan,East,Retail,129767.0,633,45.62,54,0.106,124764.53,0,D,0,0.5684,131098.2,0.03415309145137786,2544.9591697133474,2024
LN104256,Retail Term Loan,Central,Services,51760.0,713,45.93,19,0.121,95617.01,0,B,0,0.7225,103126.29,0.01612472137268863,1201.4327452944647,2023
LN104257,Auto Loan,Central,Other,293289.0,710,27.5,54,0.503,100904.63,1,B,0,0.2728,106922.9,0.010896136954203422,317.8247020973949,2025
LN104258,SME Loan,East,Retail,114112.0,635,17.24,60,1.129,69497.2,0,D,0,0.05,72938.51,0.010604286215886079,38.67304181001345,2026
LN104259,Retail Term Loan,South,Technology,40341.0,793,21.41,13,0.343,88905.16,0,AA,0,0.4726,90344.62,0.003237359056188276,138.22509038710828,2022
LN104260,SME Loan,Central,Other,83043.0,671,35.74,80,1.249,153725.79,0,C,0,0.05,162420.51,0.01309353687375734,106.33294683697365,2026
LN104261,SME Loan,East,Healthcare,114717.0,625,10.6,21,1.101,352742.72,4,D,0,0.3398,367500.24,0.026822803848895644,3349.5400522899163,2023
LN104262,Retail Term Loan,East,Healthcare,61889.0,745,50.12,23,0.017,108059.61,0,A,0,0.7953,114447.81,0.013926340632328178,1267.5803051697653,2023
LN104263,Credit Card,West,Other,32956.0,694,27.7,52,0.01,68177.48,0,B,0,0.8082,84240.46,0.011174390474743121,760.7875885588414,2026
LN104264,Credit Card,Central,Healthcare,42351.0,717,38.5,60,0.295,236505.07,1,B,0,0.4556,256325.55,0.015220641746682285,1777.495775637683,2024
LN104265,Auto Loan,North,Services,101052.0,613,8.84,65,0.97,29541.64,0,D,0,0.0952,30784.82,0.010447022824225608,30.617245075505252,2022
LN104266,Auto Loan,Central,Healthcare,28573.0,743,19.96,60,1.443,249060.63,0,A,0,0.05,256275.37,0.0037730401325406834,48.34686279958564,2022
LN104267,Credit Card,East,Services,33796.0,831,7.23,37,0.166,44013.88,0,AA,0,0.666,56549.41,0.001490994402702875,56.1536926215759,2024
LN104268,Credit Card,North,Services,100761.0,608,45.28,50,0.0,190091.11,3,D,0,0.98,243864.3,0.09166444886635075,21906.612924524852,2026
LN104269,Credit Card,South,Technology,66359.0,713,29.92,41,0.025,85989.85,0,B,0,0.6692,107855.27,0.009955095413470632,718.5263998731201,2022
LN104270,SME Loan,East,Services,51152.0,639,39.43,52,0.857,150224.13,0,D,0,0.05,152367.9,0.022035422263127533,167.8745507922995,2023
LN104271,Auto Loan,West,Manufacturing,57133.0,850,32.82,50,0.699,515788.3,0,AA,0,0.4345,536179.2,0.002452625915084573,571.3879219559271,2026
LN104272,Credit Card,East,Other,33399.0,771,38.09,37,0.176,66756.26,0,AA,0,0.4032,81942.85,0.0071133145912786735,235.01934108816295,2024
LN104273,SME Loan,North,Technology,97899.0,708,27.61,40,1.292,59567.26,0,B,0,0.05,61409.92,0.007014726573010826,21.53868988352345,2026
LN104274,Retail Term Loan,East,Healthcare,48129.0,610,29.35,7,0.084,126752.96,0,D,0,0.7148,133604.61,0.025698131674153083,2454.186357166506,2024
LN104275,Retail Term Loan,South,Healthcare,55859.0,626,30.81,66,0.104,349052.14,0,D,0,0.6621,363353.02,0.023007233102147962,5534.988905498194,2024
LN104276,Auto Loan,South,Technology,90760.0,739,37.27,55,1.213,136034.33,0,A,0,0.05,142058.7,0.007225441405133897,51.32184064697474,2026
LN104277,SME Loan,West,Technology,65127.0,601,37.62,6,0.757,123806.86,0,D,0,0.1813,130982.12,0.030564858904710758,725.8254880530725,2026
LN104278,Retail Term Loan,Central,Healthcare,50903.0,603,68.55,65,0.192,135077.37,0,D,1,0.4737,136383.82,0.0879821314581661,5684.086969569251,2023
LN104279,Credit Card,North,Services,25111.0,691,53.86,47,0.195,59395.67,0,B,0,0.5144,70178.48,0.025016902521327395,903.1054306103329,2025
LN104280,Retail Term Loan,West,Healthcare,91796.0,699,8.88,27,0.0,136040.29,2,B,0,0.98,140638.73,0.009897521568050524,1364.13536620867,2024
LN104281,Auto Loan,East,Healthcare,78330.0,715,30.14,25,1.041,91150.34,0,B,1,0.05,93105.64,0.007580703821666929,35.290314048337265,2023
LN104282,Credit Card,South,Services,56426.0,661,26.72,33,0.163,302843.13,0,C,0,0.5612,375610.74,0.014285214368060368,3011.219582241456,2022
LN104283,Retail Term Loan,West,Manufacturing,42390.0,750,48.64,28,0.176,209785.0,0,A,0,0.6368,224782.94,0.012165254972986086,1741.3562046617894,2024
LN104284,SME Loan,South,Other,75528.0,634,27.9,30,1.127,47507.0,0,D,0,0.05,47941.96,0.015011110422122519,35.98310277064905,2022
LN104285,Retail Term Loan,West,Other,97685.0,731,38.04,85,0.0,98425.36,2,A,0,0.98,100745.12,0.018332263132764003,1809.9483281982475,2026
LN104286,SME Loan,East,Other,79143.0,704,5.0,56,1.241,173656.97,0,B,0,0.05,185705.92,0.0035910401836269992,33.343871052871044,2023
LN104287,Retail Term Loan,North,Manufacturing,184643.0,729,12.32,93,0.143,60365.78,0,A,0,0.6684,63094.29,0.0047281655313044305,199.3972532285641,2024
LN104288,SME Loan,West,Other,110511.0,767,59.2,53,1.271,56373.59,0,AA,0,0.05,60748.14,0.010921804100755095,33.173964228262236,2025
LN104289,Credit Card,Central,Other,70703.0,660,32.65,61,0.129,86843.32,0,C,0,0.5612,105909.39,0.017540714264036875,1042.556026423771,2024
LN104290,Retail Term Loan,East,Healthcare,112566.0,647,19.02,29,0.235,152719.13,0,C,0,0.5476,161952.2,0.01256745060899262,1114.5446679258896,2024
LN104291,Retail Term Loan,West,Retail,77034.0,580,35.16,44,0.19,248017.27,0,D,0,0.6211,264665.99,0.03970501731732677,6526.871408567492,2025
LN104292,Retail Term Loan,North,Technology,76888.0,559,18.31,46,0.158,141167.03,0,E,0,0.5249,151992.1,0.028908012860674244,2306.3001513403133,2023
LN104293,Auto Loan,South,Retail,153008.0,679,28.32,62,1.041,672584.1,0,C,0,0.05,681074.14,0.010109499614674194,344.26593779472796,2024
LN104294,Credit Card,South,Manufacturing,45767.0,683,13.12,47,0.107,74720.87,0,B,0,0.5344,94342.88,0.0076234947057701435,384.35247525307847,2026
LN104295,Auto Loan,West,Technology,75968.0,619,21.75,56,0.794,201489.62,0,D,0,0.05,207986.04,0.015525087083155845,161.45006915403675,2025
LN104296,Auto Loan,South,Services,144290.0,633,26.59,55,1.564,55208.87,0,D,0,0.05,57885.26,0.013008196173342717,37.64914088124741,2024
LN104297,Auto Loan,West,Services,88893.0,789,46.57,41,1.731,370619.35,0,AA,0,0.05,372976.21,0.0052567075733689315,98.03134338967206,2026
LN104298,Auto Loan,South,Manufacturing,61222.0,747,38.03,39,0.939,310778.25,0,A,0,0.05,322558.16,0.007353290495937753,118.59319261575845,2026
LN104299,Credit Card,West,Retail,29344.0,608,40.3,33,0.076,197462.2,0,D,0,0.7735,231384.67,0.03687073196330241,6598.977681468084,2023
LN104300,Auto Loan,South,Manufacturing,21516.0,661,31.66,72,1.587,35589.77,0,C,0,0.05,36470.9,0.0116154445101585,21.18128575927698,2026
LN104301,Credit Card,East,Other,234954.0,716,42.7,41,0.158,196185.49,0,B,0,0.6555,253248.64,0.014017459301674329,2326.961091637067,2024
LN104302,SME Loan,North,Other,88870.0,649,20.64,55,0.502,67633.19,4,C,0,0.599,70160.5,0.033989373274157506,1428.442142737315,2026
LN104303,Auto Loan,West,Healthcare,54394.0,637,22.47,45,1.605,164848.55,0,D,0,0.05,176075.58,0.01087311417134318,95.72449420627349,2024
LN104304,Retail Term Loan,North,Services,90894.0,668,37.3,71,0.258,43347.06,0,C,0,0.432,43548.73,0.018212212970138208,342.62729798646825,2022
LN104305,Retail Term Loan,Central,Manufacturing,44535.0,761,28.37,6,0.0,144963.12,0,AA,0,0.7353,153081.45,0.0060121836591415755,676.7361434103204,2023
LN104306,Auto Loan,Central,Technology,62510.0,767,31.82,55,1.164,93691.18,0,AA,0,0.05,94140.61,0.004696426523249936,22.10622288594641,2024
LN104307,Retail Term Loan,East,Healthcare,44700.0,642,29.87,20,0.171,69597.44,0,C,0,0.5379,70462.56,0.018869936681449536,715.2047741351461,2022
LN104308,SME Loan,Central,Manufacturing,34473.0,720,48.29,57,2.0,181692.02,0,A,0,0.05,193372.76,0.01006217035446957,97.28748265169796,2025
LN104309,Credit Card,Central,Other,23565.0,690,48.97,45,0.0,115767.29,0,B,0,0.6794,148452.27,0.022763352841547506,2295.8769906130174,2023
LN104310,Auto Loan,North,Retail,31149.0,624,23.86,15,1.248,103961.35,0,D,0,0.05,107126.53,0.014094713472099575,75.49588728051397,2022
LN104311,Credit Card,West,Healthcare,131525.0,671,9.12,55,0.019,201044.56,0,C,0,0.7833,228682.07,0.007705233501428955,1380.2127834781973,2025
LN104312,Retail Term Loan,South,Manufacturing,43585.0,608,22.75,53,0.046,454984.08,0,D,0,0.7554,460633.52,0.021505167012627245,7482.992988618537,2025
LN104313,Credit Card,Central,Retail,100653.0,766,20.34,43,0.019,145541.8,5,AA,0,0.98,164024.66,0.01626845393180667,2615.059072392447,2023
LN104314,Retail Term Loan,Central,Retail,126931.0,791,42.81,46,0.138,33896.45,0,AA,0,0.6707,34427.16,0.006886682505581302,159.01553897187063,2023
LN104315,Credit Card,Central,Manufacturing,75687.0,663,43.97,52,0.061,40313.88,2,C,0,0.9011,45014.2,0.04119296899921642,1670.881386011712,2025
LN104316,SME Loan,East,Healthcare,63642.0,648,18.6,74,0.498,125930.73,0,C,0,0.2621,132359.25,0.01148551934374263,398.44827973656567,2023
LN104317,Credit Card,North,Other,80693.0,759,22.19,41,0.168,246169.68,0,A,0,0.4311,276248.8,0.00482012474318424,574.0327897904009,2022
LN104318,SME Loan,North,Technology,59641.0,769,12.77,70,1.16,131866.15,0,AA,0,0.05,139346.32,0.0025089263325966484,17.480482579921954,2026
LN104319,Auto Loan,North,Retail,145422.0,618,33.75,47,1.373,171672.34,4,D,0,0.05,184081.21,0.05460239796624145,502.5637743263633,2023
LN104320,Credit Card,Central,Technology,210520.0,680,31.42,77,0.087,115159.49,0,B,0,0.9185,121576.41,0.014093020925745743,1573.7385106551699,2026
LN104321,Auto Loan,East,Retail,166482.0,686,42.26,43,1.363,235322.92,0,B,0,0.05,246719.41,0.013543820110008566,167.07616533437246,2024
LN104322,Credit Card,South,Retail,22969.0,640,38.46,33,0.195,184770.74,0,C,0,0.6748,204268.72,0.025024922910466197,3449.4486936440294,2026
LN104323,Retail Term Loan,East,Healthcare,58976.0,715,39.93,24,0.085,58779.2,0,B,0,0.7612,62032.8,0.013208518128829536,623.6978698064216,2024
LN104324,Retail Term Loan,North,Technology,75172.0,645,11.95,47,0.1,164178.29,0,C,0,0.5164,171098.97,0.01059815566587818,936.4054288663457,2025
LN104325,Auto Loan,East,Services,96754.0,655,23.86,31,1.153,40757.85,0,C,0,0.05,42396.83,0.01073401736467761,22.754415471364233,2026
LN104326,Retail Term Loan,East,Retail,29005.0,683,44.34,79,0.12,164203.83,1,B,0,0.7068,164890.7,0.026393348069041513,3076.0060668549786,2023
LN104327,Credit Card,West,Other,28749.0,593,25.0,29,0.366,98468.89,0,D,0,0.5051,127955.62,0.02453171696402406,1585.4942792724687,2022
LN104328,Credit Card,North,Technology,153888.0,556,10.84,33,0.181,134286.76,0,E,0,0.6316,170171.9,0.023414844289080677,2516.6408584179185,2024
LN104329,SME Loan,Central,Manufacturing,55145.0,750,42.5,61,0.688,150551.12,0,A,0,0.1801,154415.89,0.008783069441739365,244.25981180851554,2025
LN104330,Retail Term Loan,North,Other,33096.0,642,24.5,74,0.024,146150.62,0,C,0,0.8735,151759.53,0.016539500971822198,2192.5084918376174,2024
LN104331,SME Loan,East,Healthcare,40874.0,829,45.81,64,1.263,323669.84,0,AA,0,0.05,332227.49,0.003934861461239554,65.36345733826747,2025
LN104332,Retail Term Loan,South,Services,92967.0,818,31.76,71,0.129,122897.12,0,AA,0,0.5214,125562.4,0.003740430899851223,244.87941049927642,2023
LN104333,Auto Loan,West,Other,47707.0,657,28.4,46,1.244,136966.15,3,C,0,0.05,138294.29,0.025808733340534993,178.46002265643077,2022
LN104334,Credit Card,West,Other,85660.0,842,49.72,47,0.13,304406.33,0,AA,0,0.2235,322290.95,0.00526323969029529,379.12182518937493,2023
LN104335,Retail Term Loan,North,Other,43780.0,751,15.07,92,0.134,452710.26,2,A,0,0.8288,457407.06,0.007065303831301352,2678.4494145661197,2023
LN104336,Retail Term Loan,East,Retail,28737.0,648,50.64,85,0.076,118521.6,2,C,0,0.98,118617.48,0.05775173773253181,6713.35828354476,2024
LN104337,Retail Term Loan,East,Other,164169.0,522,23.69,64,0.0,83850.2,0,E,0,0.8126,88799.1,0.050091702596394894,3614.524522583171,2023
LN104338,Auto Loan,East,Healthcare,93363.0,735,34.11,72,0.917,86810.87,0,A,0,0.2304,87466.76,0.007326018349994304,147.63642365365578,2023
LN104339,Credit Card,North,Other,62422.0,692,34.23,67,0.125,164514.25,1,B,0,0.6185,197348.18,0.01762702203070084,2151.551653203935,2023
LN104340,Retail Term Loan,North,Technology,56303.0,718,26.45,21,0.195,104075.9,4,B,0,0.7978,109467.0,0.022977517353418315,2006.6902979386355,2024
LN104341,Retail Term Loan,East,Services,167869.0,675,22.09,47,0.165,35269.42,0,C,0,0.5132,37266.25,0.010785107799056573,206.265612668715,2025
LN104342,Auto Loan,South,Services,103838.0,616,27.19,81,1.178,263387.38,3,D,0,0.1848,265002.26,0.037132653674754004,1818.475824138595,2026
LN104343,Retail Term Loan,East,Other,140926.0,662,18.81,64,0.173,212355.96,0,C,0,0.7132,227331.03,0.010986589399635482,1781.283102518513,2023
LN104344,Credit Card,North,Technology,54405.0,736,57.51,47,0.021,267773.62,0,A,0,0.6445,283049.01,0.01913635697478132,3490.951584935039,2025
LN104345,SME Loan,West,Other,77119.0,667,25.75,81,1.256,307470.64,2,C,0,0.05,320095.43,0.016639926097294006,266.31821496407736,2024
LN104346,Credit Card,North,Technology,93569.0,667,47.07,56,0.144,137128.79,0,C,0,0.7354,160802.11,0.02570872686015876,3040.1564875373056,2026
LN104347,SME Loan,West,Technology,55421.0,591,45.35,65,0.574,144009.43,1,D,1,0.4961,149283.6,0.05724221027942532,4239.334850667177,2025
LN104348,Auto Loan,Central,Manufacturing,71161.0,696,36.72,56,1.261,242779.24,0,B,0,0.05,262194.81,0.010598990098930299,138.95000975904554,2023
LN104349,Credit Card,South,Retail,54408.0,618,30.24,60,0.017,51262.51,0,D,0,0.7915,62044.34,0.02491733302118834,1223.6427598920604,2023
LN104350,Retail Term Loan,North,Technology,93407.0,750,34.52,61,0.109,93762.0,4,A,0,0.9611,96303.46,0.022334303114713083,2067.2017977035202,2025
LN104351,Retail Term Loan,North,Manufacturing,36260.0,642,39.44,77,0.211,115118.84,0,C,0,0.5111,115820.68,0.025218658825262707,1492.8424554884762,2025
LN104352,Credit Card,South,Manufacturing,102727.0,671,33.31,79,0.0,228799.9,0,C,0,0.8518,289008.21,0.01666552402026039,4102.671927814794,2022
LN104353,Retail Term Loan,North,Technology,88977.0,831,11.63,38,0.238,82307.84,3,AA,0,0.8503,88039.7,0.0037049571395713415,277.35367281313535,2025
LN104354,SME Loan,Central,Services,67065.0,670,8.36,56,1.532,72892.61,1,C,0,0.05,76570.16,0.006689801596706781,25.61195893140469,2023
LN104355,Credit Card,Central,Healthcare,96036.0,661,51.62,76,0.036,88749.21,4,C,0,0.9469,104318.76,0.08709341364899532,8603.03809178906,2026
LN104356,SME Loan,Central,Retail,61361.0,728,5.0,45,0.861,166706.19,4,A,0,0.5534,174252.75,0.008953368209205524,863.3864744286875,2026
LN104357,Retail Term Loan,Central,Retail,51879.0,574,34.54,19,0.076,114399.73,0,E,0,0.6439,114424.78,0.04236868802484638,3121.64510436819,2026
LN104358,Auto Loan,East,Manufacturing,101143.0,771,28.95,28,1.228,43465.93,0,AA,0,0.05,44917.25,0.004055740060292155,9.108634511157891,2026
LN104359,Credit Card,South,Retail,103580.0,755,34.09,30,0.0,49898.35,0,A,0,0.861,59621.54,0.0076421297492281085,392.3022038392913,2026
LN104360,Retail Term Loan,East,Technology,56741.0,724,17.18,38,0.223,132041.25,0,A,0,0.4378,134292.75,0.005675613420659626,333.68841683157274,2023
LN104361,Auto Loan,South,Technology,54126.0,500,36.56,32,0.822,135155.17,1,E,0,0.2388,142539.18,0.09399426837836758,3199.4103863173636,2024
LN104362,Credit Card,Central,Services,67820.0,673,34.68,71,0.111,122339.65,0,C,0,0.8787,129623.95,0.01659790578998175,1890.5108450549753,2023
LN104363,SME Loan,East,Manufacturing,55362.0,607,67.89,42,0.907,86314.13,1,D,0,0.0551,91354.18,0.08948963705206116,450.4564078675154,2024
LN104364,Credit Card,South,Other,173522.0,763,33.69,76,0.156,208272.01,0,AA,0,0.7073,248074.19,0.006712482480202548,1177.7914715912145,2022
LN104365,Retail Term Loan,West,Other,89260.0,758,49.53,23,0.0,155365.15,0,A,0,0.7311,159600.7,0.01212340661812311,1414.60844792597,2025
LN104366,Auto Loan,South,Other,75605.0,715,12.52,40,0.726,151703.7,0,B,1,0.0518,157839.65,0.004687823580148801,38.32808563729606,2022
LN104367,Auto Loan,South,Services,44902.0,612,45.26,50,1.325,155519.29,0,D,0,0.05,165704.68,0.030317240070396326,251.18542821741002,2026
LN104368,Retail Term Loan,South,Technology,112610.0,787,34.94,66,0.2,367117.52,0,AA,0,0.4791,391739.8,0.005481609057370645,1028.8023011977998,2026
LN104369,Auto Loan,North,Manufacturing,53576.0,673,35.51,73,1.096,58586.32,0,C,0,0.05,60240.28,0.01325980265011345,39.93871121937882,2026
LN104370,Retail Term Loan,North,Other,52377.0,807,35.69,36,0.003,89366.19,2,AA,0,0.804,93890.69,0.008219296619178815,620.4592064350504,2022
LN104371,Retail Term Loan,East,Manufacturing,114712.0,707,54.18,70,0.06,94826.78,1,B,0,0.8366,97277.09,0.029045735986403552,2363.800477988655,2025
LN104372,Auto Loan,Central,Retail,92806.0,723,35.32,11,0.532,289413.89,2,A,0,0.6848,299874.42,0.015863032776258872,3257.5372774061643,2023
LN104373,Retail Term Loan,South,Other,18927.0,660,21.81,67,0.293,92375.73,1,C,0,0.9046,97225.58,0.015486918532221111,1362.0785063660082,2023
LN104374,Auto Loan,West,Healthcare,68766.0,781,23.99,18,1.137,68907.86,3,AA,0,0.155,70317.42,0.007061721970675707,76.96712080896086,2025
LN104375,Retail Term Loan,South,Other,80361.0,730,42.62,58,0.085,111433.23,0,A,0,0.7746,114329.26,0.012460282523095225,1103.4757022466151,2023
LN104376,Credit Card,South,Retail,62222.0,784,37.82,73,0.252,129113.74,0,AA,0,0.6357,142039.06,0.0061027667140366336,551.0446240109909,2026
LN104377,Retail Term Loan,North,Manufacturing,81915.0,702,12.1,68,0.107,277261.04,0,B,0,0.6225,290603.41,0.006146861236223902,1111.9710254370673,2026
LN104378,SME Loan,East,Manufacturing,27720.0,687,38.69,12,1.446,91992.88,0,B,0,0.05,98215.83,0.011730186963488856,57.60450243371189,2024
LN104379,Retail Term Loan,West,Manufacturing,18000.0,729,17.93,38,0.135,74163.79,2,A,0,0.9473,79611.01,0.009556922606049302,720.7401901963158,2024
LN104380,Auto Loan,South,Manufacturing,43859.0,784,37.7,64,1.053,63472.03,0,AA,0,0.05,68258.65,0.004948397189205587,16.8885455899484,2026
LN104381,Retail Term Loan,East,Retail,87595.0,756,21.53,63,0.188,94301.02,0,A,0,0.6637,100181.9,0.0048332607080940415,321.36701840670537,2025
LN104382,Retail Term Loan,East,Manufacturing,18000.0,699,28.34,54,0.221,722017.94,0,B,0,0.6875,749341.48,0.010299163479610265,5305.84340314401,2022
LN104383,Auto Loan,South,Services,47160.0,569,24.92,6,1.58,156833.33,0,E,0,0.05,167027.43,0.022605068247024154,188.78332271375248,2024
LN104384,Credit Card,West,Retail,26049.0,743,51.75,74,0.139,182415.39,4,A,0,0.8391,229186.29,0.04044471182154676,7777.931263992284,2024
LN104385,SME Loan,East,Healthcare,65631.0,596,37.22,78,0.701,119975.58,0,D,0,0.1735,124879.45,0.03208438497586772,695.1590406164972,2026
LN104386,Retail Term Loan,North,Healthcare,220155.0,692,48.39,52,0.23,132113.32,0,B,0,0.5844,141820.98,0.020694297036429426,1715.147078087077,2026
LN104387,Retail Term Loan,East,Manufacturing,66556.0,682,69.64,53,0.203,208106.46,0,B,0,0.6661,217730.9,0.044286081972347666,6422.834936067011,2024
LN104388,Credit Card,South,Other,70694.0,598,32.61,59,0.0,177925.85,4,D,0,0.98,223142.89,0.08790324350825308,19222.684120869224,2022
LN104389,Auto Loan,West,Technology,118993.0,714,51.53,80,1.049,153223.99,0,B,0,0.05,160839.93,0.015051795758434804,121.04648880804754,2025
LN104390,Retail Term Loan,South,Retail,75884.0,830,22.91,54,0.084,121361.74,0,AA,0,0.4492,129165.47,0.0025396298418516854,147.35219098124034,2024
LN104391,Credit Card,Central,Retail,66636.0,670,48.31,44,0.095,93773.04,0,C,0,0.6415,106345.77,0.026300265910068215,1794.2254818671277,2024
LN104392,Auto Loan,West,Other,124854.0,740,21.5,56,1.481,161504.08,0,A,0,0.05,166332.85,0.004039960364075975,33.59890606218973,2026
LN104393,Credit Card,North,Retail,97225.0,843,31.76,48,0.32,127228.19,0,AA,0,0.4738,157814.59,0.002797103661142998,209.1465810276561,2026
LN104394,Auto Loan,East,Services,87903.0,746,38.98,48,0.892,534017.1,0,A,0,0.05,575247.59,0.007744995019425218,222.76448597431798,2024
LN104395,Auto Loan,Central,Retail,69488.0,648,41.03,9,0.839,250362.1,0,C,0,0.0647,261555.69,0.021372128408351596,361.67311598219067,2026
LN104396,Retail Term Loan,South,Manufacturing,62001.0,705,15.46,60,0.04,74850.67,0,B,0,0.7741,76647.24,0.006761896777432935,401.20110934258514,2023
LN104397,Credit Card,West,Manufacturing,124205.0,721,20.73,74,0.273,52921.3,0,A,0,0.5067,60999.14,0.006458251292160634,199.61333745350584,2023
LN104398,Retail Term Loan,West,Services,62329.0,783,39.95,70,0.193,90807.52,0,AA,0,0.4967,97279.37,0.0066950939430811904,323.49798851799363,2025
LN104399,Credit Card,West,Services,147625.0,769,27.22,69,0.171,56217.58,0,AA,0,0.4679,68056.73,0.005135117250139579,163.52135895396984,2024
LN104400,Credit Card,North,Retail,42164.0,510,13.83,47,0.288,87066.64,3,E,0,0.7878,102189.08,0.08114881739683381,6532.8496137833345,2025
LN104401,Credit Card,South,Manufacturing,165020.0,634,31.08,51,0.086,60873.16,0,D,0,0.6517,72548.87,0.021607556781288655,1021.6074146706674,2022
LN104402,Retail Term Loan,South,Technology,97233.0,685,30.45,74,0.278,95446.96,0,B,0,0.4031,98747.0,0.01240979199549967,493.9707242353992,2024
LN104403,Retail Term Loan,South,Manufacturing,44027.0,624,34.3,67,0.129,96245.97,0,D,0,0.9722,96873.62,0.025986327160903516,2447.4061521852927,2025
LN104404,Auto Loan,Central,Services,99229.0,500,38.88,81,1.021,133021.72,3,E,0,0.2018,141891.82,0.15236136954850443,4362.680302227249,2024
LN104405,Auto Loan,North,Other,52448.0,643,38.05,33,1.237,103821.96,3,C,0,0.106,109416.91,0.03977064090480652,461.26754747149454,2023
LN104406,SME Loan,East,Manufacturing,76392.0,690,22.01,33,1.304,63808.39,0,B,0,0.05,67678.85,0.006957384119150574,23.543387809618693,2024
LN104407,Auto Loan,Central,Services,57388.0,656,26.66,41,1.002,280878.51,0,C,0,0.05,295709.28,0.012075396929840675,178.54034659186985,2025
LN104408,SME Loan,Central,Technology,69713.0,625,44.06,27,1.206,159108.05,0,D,0,0.05,164450.51,0.026624887732853812,218.92381831802768,2024
LN104409,Retail Term Loan,West,Services,125873.0,693,24.94,19,0.205,81971.13,0,B,0,0.7484,88296.23,0.009833382666002874,649.7987621784634,2024
LN104410,Auto Loan,Central,Services,99750.0,712,26.86,58,0.962,64534.7,0,B,0,0.05,67748.07,0.0071730412020992815,24.297984873635315,2024
LN104411,Retail Term Loan,East,Manufacturing,40388.0,660,12.44,57,0.115,42966.98,0,C,0,0.7627,44772.58,0.0092860821667827,317.10156810421427,2024
LN104412,Credit Card,West,Retail,41681.0,779,31.63,53,0.246,40819.59,0,AA,0,0.6207,46964.77,0.005265132839238485,153.4840597718251,2022
LN104413,Retail Term Loan,East,Healthcare,87044.0,694,36.49,56,0.087,249813.03,0,B,0,0.8427,265074.09,0.014472055092121097,3232.737790989777,2022
LN104414,Retail Term Loan,North,Technology,90581.0,633,6.32,16,0.0,231918.82,0,D,0,0.4935,243219.29,0.01020282947078357,1224.63255782834,2024
LN104415,Credit Card,North,Other,51756.0,617,18.09,37,0.176,79719.18,0,D,0,0.5012,88779.89,0.01649729816865573,734.071712335281,2026
LN104416,Auto Loan,Central,Healthcare,179956.0,676,13.52,42,1.602,312254.29,0,C,0,0.05,319186.54,0.00562687700887609,89.80117017343541,2025
LN104417,Retail Term Loan,North,Healthcare,117321.0,762,42.25,49,0.091,184791.2,3,AA,0,0.9738,192378.39,0.019721449486436716,3694.5784063095466,2024
LN104418,Retail Term Loan,South,Retail,53166.0,636,7.14,16,0.061,138347.58,0,D,0,0.7523,140175.14,0.010017324876551485,1056.3645515561564,2025
LN104419,Auto Loan,West,Technology,50413.0,729,30.98,28,0.825,219389.68,0,A,0,0.0544,234409.74,0.007193030673438545,91.72473487851782,2026
LN104420,Retail Term Loan,East,Technology,66168.0,696,41.33,38,0.114,185010.83,3,B,0,0.98,196505.26,0.035497513950150314,6835.939243965356,2026
LN104421,Retail Term Loan,East,Healthcare,62488.0,820,34.44,71,0.062,133628.82,0,AA,0,0.8815,141716.58,0.004066326117103028,507.9783295685789,2026
LN104422,Credit Card,Central,Technology,149661.0,715,26.28,54,0.246,101439.4,0,B,0,0.6166,120734.29,0.00822056744093003,611.978196624754,2022
LN104423,Retail Term Loan,West,Retail,128892.0,645,36.5,70,0.202,111325.13,0,C,0,0.4189,113907.72,0.022408905161993575,1069.262061749377,2025
LN104424,Auto Loan,Central,Manufacturing,76461.0,738,45.48,45,0.917,38935.62,0,A,0,0.1763,41545.62,0.010216534824621627,74.83093582518958,2025
LN104425,Auto Loan,West,Other,108890.0,740,30.6,48,0.763,68510.09,0,A,0,0.05,70443.63,0.006495325268065167,22.877714495661678,2022
LN104426,Retail Term Loan,Central,Retail,117934.0,664,5.0,59,0.139,423098.32,1,C,0,0.6686,442002.49,0.009102276745010343,2689.9309000153075,2024
LN104427,Retail Term Loan,West,Healthcare,77442.0,614,46.92,44,0.123,67240.09,0,D,1,0.6971,68815.71,0.042257888145890245,2027.1713840320208,2023
LN104428,Retail Term Loan,East,Healthcare,93590.0,725,37.2,34,0.145,32852.64,1,A,0,0.6415,35435.08,0.01406099100498789,319.6288768419684,2024
LN104429,Retail Term Loan,Central,Manufacturing,103990.0,694,31.57,15,0.327,225939.26,0,B,0,0.4567,238728.29,0.011650033972940208,1270.170700975838,2024
LN104430,Retail Term Loan,Central,Technology,98069.0,591,6.26,35,0.214,142810.94,0,D,0,0.8307,153833.09,0.014412312975335718,1841.7371938530096,2023
LN104431,SME Loan,North,Retail,48869.0,707,28.12,66,1.56,148547.17,0,B,0,0.05,159963.58,0.006720033437524602,53.74803031930708,2024
LN104432,Credit Card,Central,Services,51663.0,649,20.62,76,0.239,107471.45,0,C,0,0.5987,131344.99,0.012956617563073005,1018.8597597078565,2023
LN104433,Auto Loan,West,Services,63992.0,591,16.19,31,0.789,227016.96,0,D,0,0.05,240290.75,0.01703406295571299,204.65638815877458,2026
LN104434,Auto Loan,Central,Technology,50847.0,667,30.23,10,1.053,350115.86,0,C,0,0.05,363160.18,0.012012514816540445,218.12335215137475,2023
LN104435,Auto Loan,West,Manufacturing,33358.0,773,25.03,68,1.144,83302.44,0,AA,0,0.05,87502.14,0.0035867542500590925,15.692433626713289,2024
LN104436,Credit Card,Central,Technology,108773.0,769,25.89,50,0.111,186887.89,3,AA,0,0.98,209295.53,0.010947178772180204,2245.371671465641,2024
LN104437,Retail Term Loan,South,Other,90741.0,752,41.62,18,0.042,262549.38,0,A,0,0.7228,263748.86,0.009885396299798068,1884.528977011586,2024
LN104438,Retail Term Loan,North,Manufacturing,35904.0,708,35.32,6,0.168,80082.47,5,B,0,0.98,84444.96,0.04317289505503738,3572.818728086693,2024
LN104439,Retail Term Loan,North,Manufacturing,65692.0,729,25.56,27,0.089,345224.99,0,A,0,0.5467,358687.62,0.007311196164983528,1433.6855161532435,2026
LN104440,Retail Term Loan,South,Manufacturing,67771.0,696,23.91,38,0.106,261938.25,0,B,0,0.7133,264738.55,0.009484219590732892,1790.981132245572,2025
LN104441,Retail Term Loan,South,Healthcare,82894.0,618,26.09,23,0.212,50303.95,0,D,0,0.7188,52940.54,0.020827957270908776,792.5800076475399,2022
LN104442,SME Loan,East,Other,41365.0,631,28.78,63,0.918,366491.85,0,D,0,0.05,371164.21,0.016748592437327407,310.8239040306301,2025
LN104443,SME Loan,North,Other,35616.0,651,39.59,30,0.799,52184.55,1,C,0,0.3512,55844.01,0.025941262653201676,508.770842813529,2024
LN104444,Retail Term Loan,North,Manufacturing,99817.0,781,18.45,48,0.139,74164.13,0,AA,0,0.605,74289.4,0.003485383601711193,156.6508692072829,2022
LN104445,Auto Loan,East,Retail,32259.0,760,50.96,100,0.85,193650.8,0,AA,0,0.2317,200171.83,0.010015054980994177,464.496377313394,2024
LN104446,Auto Loan,West,Manufacturing,65991.0,620,39.6,51,1.11,248766.21,2,D,0,0.05,255589.2,0.04140672413205476,529.1555747766287,2023
LN104447,Auto Loan,North,Retail,62686.0,693,5.0,45,0.841,128581.96,0,B,0,0.05,137667.62,0.0044261951296669395,30.46718745784195,2024
LN104448,Auto Loan,East,Services,70083.0,664,33.11,46,0.798,77214.24,0,C,0,0.1737,81808.05,0.014451234132141524,205.35287930791245,2024
LN104449,Retail Term Loan,West,Technology,86184.0,680,45.53,63,0.176,100024.24,0,B,0,0.7469,102140.55,0.021489379249106502,1639.3984569981906,2022
LN104450,Credit Card,West,Other,180675.0,655,37.05,60,0.007,92070.33,0,C,0,0.882,109264.57,0.02178539599768895,2099.4880387030744,2025
LN104451,SME Loan,North,Healthcare,31117.0,781,26.64,26,1.531,216230.92,0,AA,0,0.05,227240.2,0.0031638212042795198,35.94736816123595,2023
LN104452,Credit Card,West,Manufacturing,121463.0,689,31.21,39,0.062,90321.69,0,B,0,0.4674,105146.58,0.012927980916069746,635.3522346790623,2025
LN104453,Credit Card,North,Services,18837.0,704,34.32,33,0.189,76035.4,0,B,0,0.4665,90795.25,0.011964494594426625,506.76794310518244,2026
LN104454,Auto Loan,South,Services,161423.0,705,42.0,42,1.744,42666.73,0,B,0,0.05,45515.71,0.010160274297446505,23.122604922151442,2023
LN104455,Retail Term Loan,South,Services,24384.0,623,13.6,88,0.209,79164.72,0,D,0,0.7069,83710.97,0.013406168315965064,793.3138267395091,2023
LN104456,Retail Term Loan,Central,Retail,286433.0,697,24.13,62,0.135,110457.71,0,B,0,0.5079,116699.0,0.009389541524370238,556.5314790164258,2022
LN104457,Auto Loan,North,Technology,60529.0,759,53.3,46,1.475,54391.73,0,A,0,0.05,55430.85,0.009281611766489903,25.724381479326844,2024
LN104458,Retail Term Loan,West,Healthcare,152505.0,786,32.43,75,0.121,35381.35,0,AA,0,0.6142,35465.62,0.005213717172530783,113.57031672787471,2025
LN104459,Credit Card,Central,Other,136152.0,615,51.86,52,0.371,238283.88,4,D,1,0.9219,296809.66,0.12101330985185958,33112.72985116663,2022
LN104460,Auto Loan,Central,Healthcare,58993.0,591,70.81,12,0.479,59572.82,0,D,0,0.2409,62475.02,0.09761847793149564,1469.1807713985654,2023
LN104461,Auto Loan,South,Services,61536.0,694,25.6,85,1.052,47988.41,0,B,0,0.05,49822.01,0.008006238418384156,19.944344527155984,2025
LN104462,Retail Term Loan,North,Services,47326.0,762,16.44,45,0.049,360019.82,0,AA,0,0.631,371088.31,0.004018584642944015,940.9786135412323,2025
LN104463,SME Loan,South,Retail,115647.0,713,28.55,6,0.958,217376.93,2,B,0,0.2102,222394.02,0.012641559023239038,590.9577787775836,2023
LN104464,Retail Term Loan,West,Healthcare,59417.0,734,46.29,13,0.232,246000.04,0,A,0,0.6783,262912.83,0.012974122138614635,2313.724147009613,2023
LN104465,Retail Term Loan,North,Other,47801.0,602,48.11,73,0.169,170909.16,0,D,0,0.6604,173230.16,0.048417676151915105,5539.040139886778,2022
LN104466,Retail Term Loan,West,Retail,100785.0,653,61.54,13,0.242,300501.62,0,C,0,0.3156,300630.63,0.04476125021920352,4246.903860402632,2022
LN104467,Credit Card,South,Services,45789.0,547,31.52,78,0.174,222710.79,0,E,0,0.7469,253040.51,0.048400842816327276,9147.56360375788,2024
LN104468,SME Loan,West,Manufacturing,62586.0,681,38.34,50,0.805,94290.8,3,B,1,0.2711,97630.94,0.031332642370047105,829.3044772233109,2022
LN104469,Retail Term Loan,West,Manufacturing,79551.0,549,22.75,64,0.09,56937.71,2,E,0,0.7753,59489.13,0.061178071746628634,2821.6502831244866,2023
LN104470,SME Loan,East,Technology,52676.0,777,5.0,42,1.326,48876.16,0,AA,0,0.05,51603.56,0.001735157499407511,4.477015206506273,2026
LN104471,Retail Term Loan,West,Technology,57233.0,791,31.48,60,0.104,108820.9,0,AA,0,0.7313,113703.75,0.004841185864106083,402.55211993632656,2022
LN104472,Credit Card,Central,Technology,174466.0,699,17.0,55,0.151,55561.82,2,B,0,0.976,65468.92,0.01231928413007557,787.1735017171266,2025
LN104473,Retail Term Loan,South,Manufacturing,67031.0,592,40.36,47,0.0,68656.38,0,D,0,0.5954,69298.27,0.04368031090696012,1802.257925445674,2024
LN104474,Auto Loan,East,Retail,61540.0,714,7.54,25,1.209,107865.67,2,B,0,0.1014,111654.59,0.006022349297176398,68.18368627956012,2024
LN104475,Credit Card,West,Services,68113.0,811,22.39,56,0.345,319260.68,0,AA,0,0.802,338101.22,0.0028058537287247464,760.8273801963554,2026
LN104476,Auto Loan,Central,Retail,96297.0,721,35.48,8,0.719,41682.75,0,A,0,0.1234,42763.97,0.009209729024245128,48.600420641496974,2024
LN104477,Retail Term Loan,East,Technology,42473.0,767,36.84,68,0.267,122523.1,5,AA,0,0.98,125045.8,0.025410308687547553,3113.903330519707,2022
LN104478,Credit Card,South,Services,94865.0,658,31.38,52,0.137,49973.29,0,C,0,0.6512,61721.15,0.01714179732549433,688.977052330478,2025
LN104479,SME Loan,Central,Technology,86331.0,633,56.28,58,0.727,81292.32,0,D,0,0.3152,83758.33,0.04066636159097012,1073.617387528084,2024
LN104480,Auto Loan,Central,Services,28043.0,685,52.4,6,0.971,230070.97,0,B,0,0.05,230140.18,0.020793900335504892,239.2755983057578,2025
LN104481,Credit Card,East,Technology,201206.0,565,23.1,23,0.159,66264.71,0,E,0,0.6116,82804.12,0.0317035878962962,1605.5647952377824,2023
LN104482,Credit Card,North,Retail,167492.0,837,52.92,37,0.078,99796.43,0,AA,0,0.6536,122635.73,0.006198370578042583,496.82861554403877,2023
LN104483,Retail Term Loan,South,Retail,48288.0,699,54.91,63,0.211,132450.27,0,B,0,0.4166,141527.83,0.02387304537991175,1407.5665483588075,2026
LN104484,SME Loan,East,Manufacturing,40454.0,746,30.39,27,1.284,196039.52,0,A,0,0.05,196919.3,0.0053268528767145195,52.44800698428047,2024
LN104485,Retail Term Loan,West,Technology,85023.0,660,32.59,104,0.043,81774.63,2,C,0,0.9021,83600.94,0.029927797436190243,2257.046981210955,2024
LN104486,Credit Card,West,Other,34236.0,590,31.34,42,0.148,290045.48,1,D,0,0.7574,360943.1,0.041848642306075226,11440.510855826575,2025
LN104487,Retail Term Loan,Central,Technology,158831.0,783,23.62,26,0.081,87873.62,0,AA,0,0.573,88889.15,0.004093274394552309,208.48472158460157,2024
LN104488,Retail Term Loan,North,Healthcare,57965.0,617,24.91,44,0.117,168433.15,5,D,0,0.98,181735.66,0.07327894531078966,13051.049540357059,2025
LN104489,Auto Loan,East,Healthcare,182999.0,713,49.15,27,1.216,105062.09,0,B,0,0.05,109781.71,0.013508054779259602,74.14686762203958,2023
LN104490,Auto Loan,West,Manufacturing,47659.0,719,37.69,22,0.56,201567.75,1,B,0,0.391,214580.58,0.0136053566813617,1141.5031231672463,2026
LN104491,SME Loan,Central,Healthcare,70512.0,695,24.8,70,0.78,496084.89,0,B,0,0.219,507106.51,0.0082886495024433,920.5069586735995,2022
LN104492,SME Loan,North,Services,150574.0,639,19.96,59,0.656,98807.33,4,D,0,0.4448,100309.86,0.03516710400841691,1569.079718005996,2024
LN104493,Retail Term Loan,Central,Technology,62784.0,680,22.14,59,0.087,118662.21,2,B,0,0.8404,126706.55,0.01765757050134699,1880.2519972060988,2026
LN104494,Retail Term Loan,North,Other,87107.0,628,29.87,76,0.148,88683.38,2,D,0,0.9756,90249.7,0.03616232105372006,3184.0058439177124,2025
LN104495,Auto Loan,North,Other,136790.0,743,43.87,59,0.772,79625.03,0,A,0,0.0682,82065.24,0.009602615604180374,53.74439307540386,2024
LN104496,Auto Loan,Central,Retail,55239.0,727,20.82,25,1.395,73551.36,1,A,0,0.05,77908.67,0.005953652913553337,23.192059006828277,2026
LN104497,Auto Loan,West,Other,37470.0,689,43.72,64,0.981,118443.84,0,B,0,0.05,120656.68,0.015191276803502804,91.64645120358304,2022
LN104498,SME Loan,Central,Technology,33623.0,653,34.56,23,0.754,69658.65,0,C,0,0.05,73307.91,0.0169901251509069,62.27552827257098,2024
LN104499,Credit Card,West,Manufacturing,103376.0,827,33.86,37,0.269,71154.08,3,AA,0,0.7987,87552.12,0.007760868293401683,542.7010530887129,2026
LN104500,Retail Term Loan,West,Services,92881.0,605,45.34,47,0.017,13087.28,0,D,0,0.7122,13650.75,0.04492218801362123,436.7363936267867,2025
LN104501,Auto Loan,East,Other,134478.0,590,42.96,45,1.274,316384.3,0,D,0,0.05,323224.46,0.03513882910588953,567.8864531391714,2024
LN104502,Credit Card,East,Other,64506.0,685,13.74,9,0.318,379233.95,0,B,0,0.4644,488390.6,0.007225472318184355,1638.7992220976162,2026
LN104503,Auto Loan,East,Other,34144.0,673,17.91,27,1.169,188976.42,0,C,0,0.05,202831.06,0.00744424126231579,75.4961673065625,2025
LN104504,Retail Term Loan,South,Retail,20563.0,761,29.02,48,0.033,65090.22,0,AA,0,0.7117,68341.97,0.006086217084479199,296.02739134586676,2026
LN104505,Auto Loan,Central,Services,363169.0,732,36.63,35,1.252,49553.38,0,A,0,0.05,52530.91,0.00749737735205206,19.69220274583426,2025
LN104506,Auto Loan,South,Healthcare,100213.0,692,49.74,73,1.353,40138.67,4,B,0,0.05,42553.38,0.04519158382283302,96.1527319607433,2022
LN104507,Retail Term Loan,West,Manufacturing,80860.0,723,32.85,77,0.074,187711.0,0,A,0,0.6593,194395.09,0.00980251174269933,1256.3358085090279,2026
LN104508,Credit Card,West,Other,87421.0,721,54.15,23,0.146,290964.13,0,A,0,0.676,310566.0,0.019235893480040595,4038.4337982970665,2025
LN104509,Retail Term Loan,East,Technology,34133.0,827,22.81,49,0.0,134794.68,0,AA,0,0.98,135513.52,0.0026630176962260453,353.6574038011244,2024
LN104510,Auto Loan,West,Technology,48439.0,706,25.01,83,1.123,218759.13,0,B,0,0.05,219589.72,0.006874630558530826,75.4799099725614,2023
LN104511,Auto Loan,North,Retail,195649.0,646,28.03,45,1.457,163839.04,0,C,0,0.05,164535.53,0.01235567050873557,101.64733978300883,2026
LN104512,SME Loan,South,Other,107725.0,703,21.38,39,1.87,69956.58,1,B,0,0.05,71294.54,0.006759294424846816,24.095039337200916,2025
LN104513,Retail Term Loan,East,Healthcare,49280.0,520,47.07,67,0.023,243257.1,0,E,0,0.8779,245448.98,0.10161158988237819,21895.230793376184,2022
LN104514,Retail Term Loan,South,Manufacturing,38196.0,688,5.0,42,0.072,232616.58,0,B,0,0.9257,233502.73,0.005660224065941876,1223.47711336371,2024
LN104515,Retail Term Loan,Central,Technology,56478.0,761,25.45,76,0.089,59988.51,0,AA,0,0.6216,62787.64,0.005353909759258407,208.95665727890906,2026
LN104516,Auto Loan,Central,Other,63055.0,729,46.93,35,1.53,211128.23,0,A,0,0.05,216868.4,0.009969523373344098,108.10372913698687,2025
LN104517,Retail Term Loan,West,Manufacturing,231486.0,709,27.94,38,0.188,108220.14,0,B,0,0.6654,116871.98,0.009317317202524053,724.5762243056851,2025
LN104518,Credit Card,South,Healthcare,67623.0,732,45.95,65,0.207,99969.93,0,A,0,0.4815,122975.2,0.013166779848777729,779.6387260024063,2025
LN104519,Retail Term Loan,North,Services,38987.0,762,60.57,50,0.153,157735.2,3,AA,0,0.9359,169584.09,0.034397842557536654,5459.410578402998,2024
LN104520,Retail Term Loan,West,Technology,72621.0,783,33.05,50,0.088,154360.51,0,AA,0,0.6447,155160.23,0.005520431988047181,552.2187500931794,2025
LN104521,Auto Loan,Central,Other,86736.0,719,47.2,6,1.435,223535.81,0,B,0,0.05,228218.89,0.011338877800931357,129.3873052787098,2023
LN104522,Credit Card,East,Retail,37084.0,669,63.45,40,0.193,66219.77,2,C,0,0.6977,80688.19,0.06817445050405832,3837.9591028564782,2024
LN104523,SME Loan,Central,Manufacturing,93567.0,540,37.23,67,0.986,178289.94,0,E,1,0.0865,187108.61,0.05032757633459073,814.5465267528554,2026
LN104524,Credit Card,Central,Manufacturing,145823.0,754,31.38,31,0.056,53277.37,2,A,0,0.8922,65415.22,0.011757580040879392,686.2130439942355,2023
LN104525,Auto Loan,East,Healthcare,80944.0,723,43.73,63,1.146,105886.11,0,A,0,0.05,113007.86,0.010524769711419928,59.469085104019186,2024
LN104526,Credit Card,South,Other,48381.0,700,47.39,54,0.036,110945.29,0,B,0,0.636,132578.97,0.0195234675971082,1646.2231790064955,2022
LN104527,Credit Card,North,Services,56070.0,645,31.5,44,0.233,236636.24,0,C,0,0.5197,296242.91,0.019003255485092883,2925.692572364923,2026
LN104528,Retail Term Loan,West,Other,30118.0,753,25.71,78,0.146,120780.63,0,A,0,0.6188,126069.11,0.0057462350097673975,448.27278750973596,2023
LN104529,Auto Loan,East,Retail,69678.0,673,54.33,41,0.881,99903.36,0,C,0,0.0709,104601.07,0.025315797323453796,187.74741769469102,2025
LN104530,Credit Card,North,Manufacturing,88980.0,688,28.48,42,0.099,325591.1,0,B,0,0.711,349203.99,0.011858815084752672,2944.3544819744207,2024
LN104531,Retail Term Loan,North,Technology,45803.0,686,47.52,43,0.212,88871.73,0,B,0,0.7627,89440.47,0.021413245992639062,1460.7312663351931,2024
LN104532,Credit Card,Central,Other,217963.0,719,35.42,50,0.121,86287.53,0,B,0,0.5902,105884.91,0.010919163904950855,682.3743004745423,2023
LN104533,Auto Loan,South,Services,115960.0,615,55.75,65,1.126,32263.77,0,D,0,0.05,33008.94,0.04283781758953688,70.70154752719837,2026
LN104534,Auto Loan,South,Other,27979.0,727,20.96,16,0.633,103098.58,0,A,0,0.196,110111.14,0.005598166495249833,120.81841696154571,2023
LN104535,Retail Term Loan,West,Technology,28297.0,643,20.94,67,0.146,62160.09,0,C,0,0.628,63840.69,0.014193371172342838,569.0399744950028,2024
LN104536,Credit Card,South,Retail,43653.0,645,43.11,49,0.119,100683.43,2,C,0,0.7806,110942.85,0.04672621299488938,4046.5829702444657,2023
LN104537,SME Loan,Central,Healthcare,178170.0,748,17.31,60,1.635,141948.25,5,A,0,0.1632,153202.19,0.011629765878618305,290.7743542123889,2025
LN104538,Retail Term Loan,West,Retail,122425.0,625,33.52,101,0.006,56143.99,0,D,0,0.8063,58080.27,0.025912721038969435,1213.4958798590017,2022
LN104539,Auto Loan,South,Manufacturing,183191.0,747,52.13,37,0.88,67451.29,0,A,0,0.05,69801.61,0.011682726386626563,40.77365554880083,2025
LN104540,Retail Term Loan,South,Other,75422.0,697,8.8,21,0.09,39168.4,0,B,0,0.8807,41836.4,0.005831563148506854,214.86579561140343,2024
LN104541,Retail Term Loan,Central,Retail,66838.0,583,37.23,52,0.134,83983.7,0,D,0,0.6205,87747.45,0.04172693686312491,2271.9187459041555,2025
LN104542,SME Loan,East,Technology,37764.0,779,47.75,56,1.158,61951.57,0,AA,0,0.05,66075.56,0.006962770554977527,23.00344817858254,2022
LN104543,Auto Loan,Central,Healthcare,90905.0,710,31.66,67,1.376,538305.34,2,B,0,0.05,568545.62,0.01290334862416191,366.8071171800141,2025
LN104544,Auto Loan,South,Manufacturing,67329.0,716,19.95,36,1.588,343888.91,4,B,0,0.05,354192.32,0.013400122261023707,237.31101959578163,2022
LN104545,Retail Term Loan,North,Healthcare,65918.0,755,28.59,30,0.14,306979.4,0,A,0,0.6582,322832.91,0.006188024359191287,1314.88476503903,2026
LN104546,SME Loan,Central,Retail,182622.0,787,21.1,14,1.532,48479.56,0,AA,0,0.05,48588.14,0.002500346590997668,6.074359510595872,2025
LN104547,Retail Term Loan,South,Technology,69965.0,703,32.9,18,0.068,105989.08,0,B,0,0.6768,110239.95,0.011910558380257992,888.6515030589734,2023
LN104548,Credit Card,Central,Retail,155949.0,730,28.4,39,0.167,51689.7,0,A,0,0.5562,57827.22,0.007769141055308349,249.88276649889283,2024
LN104549,Retail Term Loan,West,Healthcare,31313.0,714,25.33,45,0.074,435923.72,1,B,0,0.7556,455160.72,0.01092345113818279,3756.7871986607383,2026
LN104550,Retail Term Loan,South,Services,328964.0,668,38.06,93,0.017,214701.76,0,C,0,0.839,228651.58,0.01982793172326893,3803.764162075696,2023
LN104551,Credit Card,West,Manufacturing,61080.0,587,52.53,11,0.198,57436.6,0,D,0,0.3994,63477.87,0.06304929027360287,1598.492519841063,2022
LN104552,Retail Term Loan,North,Retail,110657.0,704,36.26,55,0.281,155418.79,0,B,0,0.3704,160334.42,0.012427387559143174,738.0360664624258,2024
LN104553,Credit Card,South,Manufacturing,120776.0,780,49.47,32,0.078,42508.25,0,AA,0,0.6347,45486.32,0.009606707192693435,277.3472438935996,2023
LN104554,Retail Term Loan,South,Services,57051.0,728,52.52,53,0.238,109066.02,0,A,0,0.5372,110828.57,0.016701595032339242,994.3646639391325,2025
LN104555,Credit Card,West,Technology,117678.0,621,24.37,36,0.222,106122.88,0,D,0,0.4775,119565.03,0.019129509672020383,1092.1477399592445,2026
LN104556,Credit Card,East,Healthcare,121091.0,761,35.57,71,0.052,201390.34,0,AA,0,0.5559,219676.46,0.007461412294858708,911.1738219175271,2024
LN104557,Credit Card,West,Healthcare,50666.0,670,26.48,71,0.077,239602.08,0,C,0,0.4582,284880.57,0.013297308070292823,1735.7279026995297,2026
LN104558,Retail Term Loan,East,Services,50997.0,554,12.73,46,0.33,121719.42,1,E,0,0.6441,124706.83,0.03149591887088275,2529.8677686293117,2023
LN104559,Credit Card,West,Healthcare,76892.0,756,36.62,80,0.038,102584.96,0,A,0,0.5931,116771.39,0.008123832958144093,562.6332042502914,2026
LN104560,SME Loan,North,Retail,70384.0,629,18.32,65,1.39,12463.55,0,D,0,0.05,13309.48,0.010873156050737132,7.235802649708242,2024
LN104561,Retail Term Loan,West,Services,161372.0,806,38.3,79,0.347,358159.51,0,AA,0,0.6589,370090.22,0.004892285048676954,1192.9956754436282,2026
LN104562,Retail Term Loan,North,Healthcare,110383.0,765,11.77,47,0.093,75730.28,2,AA,0,0.7731,76236.04,0.005617045891965438,331.05791432175414,2026
LN104563,Credit Card,North,Technology,72151.0,675,34.22,69,0.285,128894.53,0,C,0,0.34,142857.99,0.015355129768341799,745.8250114641215,2024
LN104564,Retail Term Loan,West,Retail,104672.0,720,11.58,31,0.048,583390.29,2,A,0,0.794,597671.97,0.008707625398821804,4132.217079151876,2022
LN104565,Credit Card,North,Technology,24333.0,848,40.76,29,0.164,52021.29,4,AA,0,0.98,58434.25,0.010533259610764201,603.193062902092,2023
LN104566,Credit Card,West,Healthcare,53467.0,755,26.89,96,0.259,121800.17,0,A,0,0.4915,141671.62,0.005685181643452993,395.86830111703483,2024
LN104567,Retail Term Loan,North,Services,87864.0,705,25.63,24,0.103,169914.04,4,B,0,0.98,169920.89,0.025917841896348177,4315.903106668635,2026
LN104568,Auto Loan,North,Manufacturing,138510.0,850,46.64,38,1.281,257807.93,0,AA,0,0.05,268942.37,0.003283918547733724,44.1592418557233,2025
LN104569,Auto Loan,Central,Technology,83710.0,698,27.82,6,0.89,120102.53,0,B,0,0.05,122468.68,0.008618355265231912,52.773929655200114,2025
LN104570,Retail Term Loan,North,Manufacturing,167255.0,728,33.44,29,0.06,273253.35,0,A,0,0.5878,289900.06,0.009554223599857848,1628.0708029741268,2025
LN104571,SME Loan,Central,Technology,120887.0,629,29.42,26,1.369,89706.49,0,D,0,0.05,92128.18,0.015531987351214442,71.54668632252036,2024
LN104572,Retail Term Loan,South,Retail,57335.0,581,38.6,33,0.254,175555.28,0,D,0,0.5387,188416.54,0.043037466473077574,4368.30242086038,2025
LN104573,Auto Loan,West,Services,69441.0,671,45.56,55,1.155,160334.37,0,C,0,0.05,165431.09,0.01828343902770843,151.2324623651173,2023
LN104574,Credit Card,Central,Technology,93890.0,692,42.86,60,0.127,112585.79,0,B,0,0.6269,143063.1,0.01785111339023896,1600.999550215047,2025
LN104575,Retail Term Loan,North,Retail,58600.0,711,25.93,26,0.341,150496.8,0,B,0,0.6945,152115.45,0.008244908864987058,871.0266364224112,2025
LN104576,Credit Card,South,Retail,174112.0,598,47.72,31,0.115,65059.09,0,D,0,0.4247,70691.05,0.05030394547773018,1510.2496464919975,2025
LN104577,Retail Term Loan,East,Services,40759.0,733,20.09,72,0.103,97362.09,0,A,0,0.7593,102612.59,0.005888983627552171,458.8327367892064,2023
LN104578,Auto Loan,Central,Healthcare,89242.0,636,22.35,86,1.172,48748.55,0,D,0,0.05,50977.32,0.012215071752105629,31.134581076502467,2024
LN104579,Retail Term Loan,North,Other,112391.0,730,30.34,76,0.01,88093.59,0,A,0,0.7319,91971.06,0.008602841994718481,579.0884267495512,2023
LN104580,Credit Card,North,Technology,63123.0,751,45.61,12,0.142,266192.36,0,A,0,0.7987,299993.07,0.011041577834938256,2645.611349995613,2023
LN104581,Credit Card,South,Services,55765.0,664,16.79,74,0.158,161060.76,5,C,0,0.98,207611.68,0.03683871802212017,7495.185174866274,2025
LN104582,Credit Card,South,Other,71926.0,627,43.59,89,0.08,148865.51,0,D,0,0.6645,163117.28,0.03414518343115835,3701.045347127229,2024
LN104583,SME Loan,South,Manufacturing,117224.0,790,31.29,11,1.043,39184.28,0,AA,0,0.05,42172.71,0.003815732418769256,8.04598883671772,2022
LN104584,Credit Card,North,Services,56973.0,747,26.36,72,0.157,150133.94,0,A,0,0.6043,165920.06,0.006197946508700755,621.4401576836336,2026
LN104585,Credit Card,Central,Manufacturing,41662.0,700,46.27,53,0.219,114841.05,0,B,0,0.6192,132101.73,0.0179928827442651,1471.770868936268,2022
LN104586,Auto Loan,West,Other,141219.0,785,21.57,41,0.921,174807.05,1,AA,0,0.2298,188337.95,0.003937915065892292,170.43320391022507,2024
LN104587,SME Loan,North,Manufacturing,93420.0,695,61.71,50,1.068,316000.36,0,B,0,0.05,318808.37,0.024710052899415722,393.88858437382504,2024
LN104588,Credit Card,East,Technology,130557.0,650,29.7,58,0.276,90129.51,0,C,0,0.5148,114945.37,0.016936125687436694,1002.1762094103896,2024
LN104589,SME Loan,West,Services,113877.0,625,33.95,73,0.949,96213.31,0,D,0,0.05,101766.43,0.02070076252477067,105.33213502118488,2022
LN104590,Retail Term Loan,West,Services,248745.0,683,52.06,72,0.114,228191.15,0,B,0,0.8212,229927.55,0.026029655191636743,4914.828495172079,2023
LN104591,Auto Loan,Central,Technology,138480.0,740,34.29,15,1.268,78657.11,0,A,0,0.05,83236.83,0.006417145465883371,26.707142311450248,2023
LN104592,Credit Card,West,Healthcare,50362.0,780,47.46,34,0.174,127570.12,0,AA,0,0.6777,138972.17,0.008793629787828714,828.1967128062936,2023
LN104593,Retail Term Loan,West,Manufacturing,97138.0,692,6.61,50,0.329,29662.39,0,B,0,0.3037,29994.02,0.00536670489908891,48.8863017232975,2023
LN104594,Retail Term Loan,North,Manufacturing,55195.0,769,26.25,83,0.216,96723.16,0,AA,0,0.5168,98565.56,0.004921373540694513,250.68827887919875,2025
LN104595,SME Loan,North,Services,58424.0,676,37.16,6,1.353,299168.37,0,C,0,0.05,316122.29,0.012714157476567907,200.9614288456634,2022
LN104596,Auto Loan,West,Other,34488.0,639,46.06,35,1.672,151759.54,0,D,0,0.05,155634.31,0.022077871365209334,171.80371380965565,2024
LN104597,Retail Term Loan,Central,Manufacturing,64080.0,605,42.01,14,0.089,225221.41,0,D,0,0.6889,242373.68,0.039839687235724855,6652.081506940537,2025
LN104598,Retail Term Loan,South,Services,101216.0,657,40.79,18,0.181,234372.6,0,C,1,0.6273,249751.55,0.023001748512286167,3603.664326173943,2022
LN104599,Auto Loan,West,Retail,72325.0,608,45.79,70,1.905,308577.41,0,D,0,0.05,322253.1,0.02766888553912414,445.81920692639625,2024
LN104600,Credit Card,South,Services,40970.0,821,38.18,36,0.037,94110.95,3,AA,0,0.98,99995.44,0.010008357947679881,980.7743535226318,2024
LN104601,SME Loan,East,Manufacturing,32454.0,719,5.0,6,0.747,232081.42,0,B,0,0.2465,249143.13,0.003528382310791288,216.69130044217846,2026
LN104602,SME Loan,West,Technology,239608.0,684,50.75,45,1.563,578723.55,0,B,0,0.05,593564.81,0.017152992809880988,509.0706459064188,2022
LN104603,Credit Card,West,Technology,89687.0,802,21.11,93,0.14,117809.98,0,AA,0,0.5754,150797.12,0.003097341531256831,268.752183050732,2022
LN104604,Credit Card,North,Services,47668.0,605,36.08,8,0.171,47642.61,1,D,0,0.9415,59055.58,0.04187719306919687,2328.4066328332074,2023
LN104605,Retail Term Loan,Central,Healthcare,96686.0,681,34.35,60,0.053,79124.58,1,B,0,0.6405,84640.11,0.020006001449945503,1084.5651596471616,2024
LN104606,SME Loan,Central,Manufacturing,250020.0,820,32.62,82,0.729,166555.32,0,AA,0,0.05,167424.15,0.003231219334556012,27.049207527580297,2022
LN104607,Retail Term Loan,East,Healthcare,105503.0,681,17.62,47,0.102,37498.3,0,B,0,0.7858,39651.97,0.008978389596226783,279.75331407848313,2025
LN104608,Retail Term Loan,South,Services,18000.0,849,6.8,90,0.206,70388.68,0,AA,0,0.2849,74941.42,0.0012228696787138086,26.10925884734085,2025
LN104609,SME Loan,East,Services,322547.0,741,18.97,33,1.251,95263.22,1,A,0,0.05,99937.19,0.005089271703683254,25.430375660630855,2024
LN104610,SME Loan,Central,Services,27124.0,775,42.74,80,0.984,129592.17,2,AA,0,0.1561,132635.17,0.010873888195452557,225.136787461852,2024
LN104611,Retail Term Loan,East,Other,66966.0,777,13.19,75,0.113,422018.33,3,AA,0,0.886,427014.35,0.006767128996627982,2560.2398142170673,2024
LN104612,Credit Card,North,Technology,40210.0,690,20.56,47,0.0,194214.15,2,B,0,0.8998,252429.04,0.015614237996824602,3546.550099661388,2023
LN104613,Auto Loan,North,Healthcare,49923.0,658,37.43,15,1.153,55025.01,0,C,0,0.05,55589.03,0.0160239763980469,44.53786523551606,2026
LN104614,Retail Term Loan,Central,Services,87699.0,682,18.64,26,0.0,1500000.0,0,B,0,0.8801,1601319.75,0.009428535017049842,13287.837225937918,2024
LN104615,Retail Term Loan,West,Manufacturing,24009.0,626,24.94,6,0.192,118620.29,0,D,0,0.6449,123375.77,0.018713469769777565,1488.9378598564074,2026
LN104616,Retail Term Loan,West,Manufacturing,71368.0,686,33.06,61,0.154,37010.3,0,B,0,0.581,38141.54,0.01377889928216574,305.34364255161023,2026
LN104617,Auto Loan,North,Retail,140967.0,690,35.67,58,0.649,58010.55,0,B,0,0.1179,59108.9,0.012695550296763764,88.47451952519917,2023
LN104618,Auto Loan,North,Services,47168.0,800,18.39,50,1.218,58251.44,0,AA,0,0.05,58327.81,0.0021925020841872655,6.394192249553941,2026
LN104619,Auto Loan,South,Healthcare,34912.0,729,33.83,45,1.552,46707.51,5,A,0,0.05,50090.17,0.02395609795160645,59.99825094663095,2025
LN104620,Retail Term Loan,South,Healthcare,69468.0,844,37.19,78,0.215,171840.31,0,AA,0,0.564,180148.97,0.003385635433607404,343.9941671941707,2025
LN104621,SME Loan,South,Services,62265.0,550,15.45,55,0.963,18553.32,0,E,0,0.05,19593.64,0.023503220061151582,23.025681635949105,2025
LN104622,Credit Card,East,Retail,54061.0,611,34.79,36,0.183,238666.55,0,D,0,0.4689,271712.72,0.029421923233062,3748.532329096425,2024
LN104623,SME Loan,South,Retail,39013.0,667,22.68,51,0.775,212210.25,0,C,0,0.1522,215922.81,0.010151236435933833,333.6046681248694,2025
LN104624,Retail Term Loan,North,Healthcare,99787.0,787,33.61,93,0.107,87178.38,1,AA,0,0.8326,87615.79,0.0069907978888903615,509.97106333272296,2024
LN104625,Credit Card,East,Technology,104051.0,683,41.4,62,0.11,227805.16,0,B,0,0.6524,284493.01,0.018653313063129093,3462.1153361027696,2026
LN104626,Credit Card,West,Technology,41737.0,595,29.71,39,0.133,55844.55,0,D,0,0.8413,58926.63,0.02956653993071746,1465.760442983736,2024
LN104627,Retail Term Loan,West,Manufacturing,45038.0,674,43.87,47,0.2,66544.15,2,C,0,0.7209,66883.51,0.03580801281057887,1726.5306887100721,2023
LN104628,Retail Term Loan,South,Retail,80847.0,612,42.28,58,0.146,176298.12,0,D,0,0.6671,182959.48,0.03710734962319875,4529.036222095297,2025
LN104629,Retail Term Loan,South,Other,44113.0,599,43.8,39,0.243,103628.55,0,D,0,0.2184,108116.75,0.04283948522793167,1011.5558357305089,2025
LN104630,Retail Term Loan,East,Retail,82744.0,820,37.24,37,0.254,77472.03,0,AA,0,0.6155,78195.91,0.004232249447759544,203.69639940090863,2026
LN104631,Auto Loan,North,Services,168160.0,667,46.31,48,0.999,110832.24,2,C,0,0.1633,116996.71,0.03377935083207203,645.3735067399615,2022
LN104632,Retail Term Loan,Central,Services,72572.0,701,37.01,81,0.218,302060.35,0,B,0,0.449,310414.7,0.01330849061785274,1854.8868540445144,2025
LN104633,Retail Term Loan,Central,Manufacturing,38475.0,684,10.33,65,0.352,293973.16,0,B,0,0.3671,307245.3,0.006487794705632133,731.7567404990879,2024
LN104634,Credit Card,North,Healthcare,93051.0,674,21.7,39,0.009,161706.05,0,C,0,0.6186,187076.81,0.011192578454929172,1295.2691406519525,2025
LN104635,Retail Term Loan,Central,Manufacturing,68018.0,635,29.25,67,0.258,93568.13,2,D,0,0.7723,96249.47,0.03232587147241948,2402.89405770351,2024
LN104636,Retail Term Loan,North,Technology,69055.0,670,30.87,48,0.304,172859.78,1,C,0,0.738,183030.69,0.01868109216395554,2523.3793332771133,2024
LN104637,Credit Card,East,Retail,97409.0,712,36.65,56,0.193,65613.31,3,B,0,0.5713,82393.82,0.02589092660564591,1218.7270654862086,2022
LN104638,Retail Term Loan,West,Manufacturing,109679.0,782,21.51,54,0.34,271987.35,0,AA,0,0.4089,273240.51,0.003614419867163205,403.83206390105704,2024
LN104639,Retail Term Loan,South,Other,76479.0,752,58.11,6,0.327,233408.27,0,A,0,0.4545,235913.04,0.015493919057263716,1661.2963747992665,2025
LN104640,Retail Term Loan,South,Healthcare,72538.0,611,30.67,6,0.116,463870.16,0,D,0,0.5579,465534.19,0.026315292605528017,6834.647915829158,2022
LN104641,Retail Term Loan,North,Healthcare,233326.0,754,31.9,53,0.124,68440.72,0,A,0,0.8047,73202.54,0.0069711408045331205,410.6426053754448,2026
LN104642,Auto Loan,West,Other,145154.0,721,23.28,29,1.302,62745.29,1,A,0,0.05,64498.16,0.006986656701209478,22.531325088984055,2024
LN104643,Retail Term Loan,North,Other,118622.0,649,18.96,12,0.088,176517.26,0,C,0,0.8033,184012.48,0.012776222021607157,1888.5456875686853,2022
LN104644,Retail Term Loan,East,Healthcare,80612.0,702,30.36,30,0.421,99073.12,0,B,0,0.3847,103260.45,0.010137538601604849,402.70657514985544,2026
LN104645,SME Loan,South,Technology,43135.0,727,32.36,68,0.739,241535.19,0,A,0,0.3096,250674.97,0.007832761831879448,607.8925836044035,2023
LN104646,SME Loan,Central,Healthcare,139428.0,693,30.87,56,1.452,301837.49,0,B,0,0.05,311487.66,0.008626928823687546,134.3590936138493,2022
LN104647,Retail Term Loan,Central,Retail,81195.0,721,53.52,65,0.009,395224.93,0,A,0,0.6006,406145.83,0.019524825334199337,4762.713790412629,2022
LN104648,Retail Term Loan,Central,Services,54601.0,634,30.36,58,0.175,125007.1,0,D,0,0.4687,127598.86,0.020654481776279824,1235.2533795886104,2024
LN104649,Auto Loan,West,Retail,65612.0,820,30.88,28,1.76,222240.69,2,AA,0,0.05,226445.45,0.003961255934870987,44.85041913685158,2023
LN104650,Credit Card,East,Retail,44084.0,565,42.6,65,0.226,83564.61,0,E,0,0.5416,96071.41,0.05672224567873698,2951.3875229833975,2025
LN104651,Credit Card,South,Manufacturing,134158.0,728,29.78,61,0.0,139706.28,0,A,0,0.8002,172583.03,0.008637069985139334,1192.7874890275925,2024
LN104652,Retail Term Loan,North,Other,109198.0,714,39.01,45,0.288,115594.21,0,B,0,0.4597,117846.82,0.012298962783833729,666.2862624556382,2023
LN104653,Retail Term Loan,Central,Other,82879.0,732,15.37,49,0.108,111358.01,0,A,0,0.675,112576.26,0.0051086082004004295,388.19790337932733,2025
LN104654,Auto Loan,South,Retail,73256.0,644,15.48,65,1.02,430192.78,0,C,0,0.1378,456759.05,0.009458917682479518,595.3574938945659,2026
LN104655,SME Loan,East,Retail,51579.0,766,33.59,32,0.968,46900.85,0,AA,0,0.05,47177.84,0.005276737558168466,12.44725401206313,2026
LN104656,SME Loan,North,Other,23242.0,683,28.99,72,1.241,119582.56,1,B,0,0.05,124860.07,0.012251895196303675,76.48862459215704,2023
LN104657,Retail Term Loan,South,Retail,34480.0,613,21.48,60,0.144,124602.8,1,D,0,0.8674,129444.63,0.024870633010073456,2792.4814407252056,2026
LN104658,Auto Loan,West,Healthcare,49851.0,619,33.58,48,1.197,188255.92,0,D,0,0.05,198743.49,0.02034255237926516,202.14749276814808,2024
LN104659,Retail Term Loan,East,Technology,45895.0,698,34.72,82,0.188,55671.65,0,B,0,0.6197,59217.85,0.012836255452455333,471.0559383310293,2024
LN104660,Credit Card,East,Services,87938.0,586,22.77,20,0.23,97339.23,0,D,0,0.822,119987.14,0.025295961574788865,2494.9262481510436,2024
LN104661,SME Loan,South,Healthcare,117192.0,807,25.26,38,1.743,79079.61,4,AA,0,0.05,80811.77,0.006365809004180991,25.721614655490164,2025
LN104662,Auto Loan,North,Services,69885.0,758,34.82,33,1.154,24807.69,2,A,0,0.05,24883.98,0.009531012869833313,11.85847668163374,2024
LN104663,Retail Term Loan,Central,Services,162779.0,809,18.73,56,0.019,270758.25,2,AA,0,0.8206,283090.37,0.004677437232689437,1086.587180682252,2025
LN104664,Auto Loan,East,Healthcare,48759.0,802,24.15,74,1.443,42885.73,0,AA,0,0.05,44199.73,0.0024399022919218403,5.392151126466326,2023
LN104665,Auto Loan,South,Healthcare,69612.0,667,38.94,26,1.608,39065.46,1,C,0,0.05,40453.34,0.0178008466708984,36.005185133286055,2023
LN104666,Credit Card,South,Other,72926.0,633,31.69,120,0.282,232951.75,0,D,0,0.6664,275414.49,0.021159685045620383,3883.5685279026698,2026
LN104667,Retail Term Loan,West,Healthcare,136755.0,516,25.8,33,0.158,94925.58,0,E,0,0.5547,97667.07,0.05429195812899417,2941.3169826944495,2024
LN104668,SME Loan,East,Manufacturing,79498.0,664,20.26,56,1.23,97250.77,0,C,0,0.05,101446.84,0.008611021626627788,43.678046659652445,2025
LN104669,Retail Term Loan,South,Other,80717.0,805,18.83,48,0.176,98557.27,0,AA,0,0.7395,99626.68,0.0027715306250431573,204.18955287427153,2022
LN104670,Retail Term Loan,Central,Retail,30184.0,636,30.29,49,0.331,254563.73,0,D,0,0.629,270705.42,0.01943818994100863,3309.812701000905,2022
LN104671,Retail Term Loan,Central,Manufacturing,45720.0,676,58.34,31,0.0,81550.05,0,C,0,0.7523,84745.92,0.034773339921496976,2216.951879311168,2022
LN104672,Retail Term Loan,North,Technology,137038.0,654,39.36,71,0.139,182005.65,0,C,0,0.6199,186753.11,0.02286881868943886,2647.4831853116475,2025
LN104673,Retail Term Loan,West,Services,23952.0,714,14.67,29,0.054,53982.96,0,B,0,0.5935,55870.88,0.0060249170481643625,199.78243723161555,2022
LN104674,Credit Card,Central,Retail,156982.0,774,41.19,9,0.0,151187.88,0,AA,0,0.6705,168766.59,0.007979751134980936,902.9726677206224,2025
LN104675,Retail Term Loan,East,Retail,98722.0,590,22.13,23,0.047,225738.2,0,D,0,0.7207,235895.32,0.025002185196689643,4250.615432858474,2023
LN104676,Retail Term Loan,North,Manufacturing,49717.0,602,31.94,80,0.267,320877.43,0,D,0,0.4066,326667.05,0.028691467869255017,3810.8817449232565,2023
LN104677,Retail Term Loan,North,Other,47459.0,787,24.34,76,0.147,40572.93,0,AA,0,0.6714,41737.0,0.003962020148344566,111.02460737298033,2025
LN104678,Retail Term Loan,West,Technology,212781.0,738,58.3,6,0.128,97495.28,0,A,0,0.682,98171.09,0.018733317161043712,1254.2458525404802,2024
LN104679,SME Loan,Central,Other,163002.0,673,17.26,66,0.852,367361.42,3,C,0,0.2498,376184.65,0.017262793083568602,1622.200643986336,2026
LN104680,SME Loan,North,Retail,70231.0,801,36.08,6,1.079,228788.95,0,AA,0,0.05,235775.18,0.003961783786898838,46.704514273857754,2025
LN104681,Retail Term Loan,East,Technology,80763.0,601,23.09,47,0.211,104395.16,0,D,0,0.4587,110894.15,0.022277642239307036,1133.2000938005715,2024
LN104682,Credit Card,East,Healthcare,52567.0,751,41.6,21,0.182,120320.39,0,A,0,0.6221,134029.64,0.009623343857298976,802.3928618866548,2023
LN104683,Credit Card,South,Services,80771.0,686,35.81,68,0.204,147732.74,0,B,0,0.5739,185826.91,0.014839824404389811,1582.6088579705392,2025
LN104684,SME Loan,West,Other,51772.0,729,48.31,60,1.141,92425.65,0,A,0,0.05,96876.78,0.011504657565829976,55.72670899901231,2024
LN104685,Retail Term Loan,Central,Services,71829.0,535,41.34,70,0.255,176002.28,2,E,0,0.6331,182234.5,0.11488457318714128,13254.539025590084,2023
LN104686,Retail Term Loan,South,Other,202993.0,673,22.98,42,0.029,169160.49,3,C,0,0.98,174786.09,0.025438815153812827,4357.424014268338,2025
LN104687,Auto Loan,North,Technology,71158.0,738,69.91,44,1.53,54989.66,0,A,0,0.05,55447.5,0.01891711893923265,52.44534761915512,2025
LN104688,SME Loan,South,Technology,42143.0,686,39.22,15,1.018,85170.18,0,B,0,0.05,89153.59,0.01343314089838025,59.880636803321224,2023
LN104689,Credit Card,South,Services,35374.0,772,24.84,25,0.135,87324.48,0,AA,0,0.7423,98845.0,0.00466693092770341,342.4250591975066,2025
LN104690,Auto Loan,West,Technology,80431.0,769,34.67,69,1.085,100346.17,0,AA,0,0.1855,102587.32,0.005148808159913868,97.98155082430345,2022
LN104691,Retail Term Loan,East,Technology,49353.0,628,40.2,56,0.379,144952.37,2,D,0,0.7082,154455.64,0.04691400481339916,5131.711134526671,2025
LN104692,Credit Card,North,Other,85895.0,744,39.71,50,0.292,136159.04,0,A,0,0.4168,169814.05,0.009423309520244347,666.9676755623087,2022
LN104693,SME Loan,South,Other,30777.0,625,38.45,76,1.114,72505.52,2,D,0,0.05,77027.83,0.03811193095093791,146.7839669130292,2025
LN104694,Auto Loan,West,Retail,109632.0,694,44.56,19,1.449,306642.95,0,B,0,0.05,316202.49,0.01320100775699014,208.70957616347985,2024
LN104695,Credit Card,East,Retail,41863.0,733,43.29,64,0.0,120425.47,0,A,0,0.5789,138108.24,0.012638512222452537,1010.4599230244291,2023
LN104696,Auto Loan,East,Retail,76934.0,636,20.98,22,0.914,334295.42,0,D,0,0.0698,347785.73,0.012492579386045002,303.26291072683114,2022
LN104697,Auto Loan,South,Retail,62266.0,741,59.4,81,1.106,328856.81,0,A,0,0.05,335846.64,0.01470045157021228,246.85486331692596,2025
LN104698,Auto Loan,South,Manufacturing,192983.0,657,57.6,60,1.088,57171.16,0,C,0,0.05,61027.05,0.030938703620230896,94.40489063835061,2026
LN104699,Credit Card,North,Manufacturing,82418.0,652,42.41,69,0.0,85136.4,0,C,0,0.7072,109572.3,0.026551513418204754,2057.4643104342276,2024
LN104700,SME Loan,North,Healthcare,218656.0,736,32.5,33,1.288,89604.54,1,A,0,0.05,94412.56,0.008139718849994704,38.4245847154128,2025
LN104701,Auto Loan,North,Services,102094.0,636,32.73,96,1.347,149427.17,0,D,0,0.05,159059.57,0.01621925955743575,128.99142254620605,2026
LN104702,Retail Term Loan,West,Retail,164262.0,632,27.79,92,0.166,199532.68,0,D,0,0.5491,202958.52,0.019461727030564827,2168.9028921387967,2022
LN104703,Auto Loan,North,Healthcare,66863.0,758,29.47,57,1.579,132998.81,0,A,0,0.05,141202.32,0.004270932919530605,30.153281840104743,2024
LN104704,Retail Term Loan,East,Technology,90696.0,697,5.0,74,0.229,81602.37,0,B,0,0.4744,84546.98,0.004984720419757379,199.932586541958,2024
LN104705,Retail Term Loan,Central,Retail,146605.0,595,51.89,41,0.208,381310.62,4,D,0,0.98,411480.51,0.1485497356449482,59902.814563877495,2023
LN104706,Retail Term Loan,West,Healthcare,123373.0,746,47.31,20,0.145,88287.02,1,A,0,0.9009,90948.44,0.015836325853581454,1297.5564787619548,2023
LN104707,Auto Loan,East,Manufacturing,100437.0,664,10.2,66,1.402,201698.04,0,C,0,0.05,206893.16,0.005981614514174015,61.877756436966344,2026
LN104708,Retail Term Loan,North,Retail,62622.0,599,43.57,28,0.078,116918.59,0,D,0,0.5826,125270.82,0.04430900885974678,3233.7946337541357,2025
LN104709,Retail Term Loan,East,Manufacturing,68728.0,527,31.9,77,0.205,114648.96,0,E,0,0.4572,120699.2,0.05837664285822269,3221.437642712983,2025
LN104710,Credit Card,Central,Technology,140219.0,749,29.41,71,0.131,192311.87,0,A,0,0.663,222713.65,0.006745002761058411,995.9613741082879,2025
LN104711,Retail Term Loan,South,Manufacturing,157235.0,634,38.41,53,0.068,353397.54,0,D,0,0.5129,365153.67,0.027299850050003516,5112.9156797313235,2024
LN104712,Credit Card,Central,Other,54131.0,609,9.34,52,0.232,148559.54,0,D,0,0.5796,170450.47,0.01331525168357727,1315.4548900646878,2025
LN104713,SME Loan,West,Technology,49820.0,732,31.85,70,0.565,85226.14,0,A,0,0.3484,91923.42,0.007680159454248074,245.96570467584806,2025
LN104714,Auto Loan,South,Services,45614.0,742,33.03,54,0.448,338167.9,1,A,0,0.6519,352784.16,0.009690298439122952,2228.574775957437,2024
LN104715,Retail Term Loan,North,Technology,118371.0,639,33.05,39,0.211,169555.94,0,D,0,0.5858,179683.91,0.0212390323785432,2235.5957936059617,2023
LN104716,Retail Term Loan,North,Retail,44983.0,749,14.22,15,0.272,135198.71,2,A,0,0.5993,145792.29,0.006766327471331935,591.1964912973806,2022
LN104717,Auto Loan,South,Technology,117586.0,824,37.81,69,1.291,246377.27,2,AA,0,0.05,260697.5,0.005364441975047682,69.92483058949965,2025
LN104718,Auto Loan,South,Services,101253.0,778,45.78,56,1.623,150361.87,1,AA,0,0.05,158958.55,0.007611120841465849,60.49263664170957,2025
LN104719,Retail Term Loan,West,Technology,55572.0,767,37.3,109,0.145,670054.13,1,AA,0,0.6712,676252.14,0.009434633328249066,4282.384184664328,2024
LN104720,Auto Loan,East,Manufacturing,177259.0,710,29.02,46,0.649,120156.1,0,B,0,0.05,122191.51,0.008486887747916071,51.851281455918205,2023
LN104721,Auto Loan,East,Manufacturing,33557.0,661,66.96,55,1.067,268338.42,0,C,1,0.05,285125.28,0.040019867797242696,570.5338005625904,2025
LN104722,Retail Term Loan,West,Technology,186836.0,686,19.98,55,0.242,163511.52,0,B,0,0.4093,176366.74,0.008899096851834211,642.3982739974361,2024
LN104723,Credit Card,West,Technology,89378.0,719,42.05,62,0.243,163133.85,0,B,0,0.5172,181759.76,0.013058055791672749,1227.5375236728144,2025
LN104724,Retail Term Loan,West,Services,23977.0,608,35.16,27,0.157,93133.87,0,D,0,0.5964,98807.59,0.03081347446486784,1815.802512295038,2025
LN104725,Retail Term Loan,Central,Manufacturing,180012.0,640,58.16,46,0.043,93457.96,4,C,0,0.98,93540.99,0.12583286759067422,11535.12038879117,2026
LN104726,Credit Card,South,Retail,128022.0,597,37.03,66,0.009,169887.07,0,D,0,0.7013,202141.7,0.037552798645543076,5323.558873102801,2022
LN104727,Retail Term Loan,Central,Other,59262.0,705,39.82,41,0.12,65346.82,0,B,0,0.5132,65758.24,0.014353750447685455,484.3978646617787,2025
LN104728,Credit Card,East,Healthcare,44119.0,695,38.57,65,0.22,80206.74,0,B,0,0.8251,89509.43,0.014798438808691888,1092.9273136733748,2025
LN104729,Auto Loan,North,Manufacturing,31643.0,648,18.24,50,1.096,121291.96,1,C,0,0.05,121851.95,0.01264376894718592,77.03339507820256,2023
LN104730,Retail Term Loan,North,Other,283152.0,743,20.7,57,0.207,285931.62,3,A,0,0.98,286498.21,0.011624044372055227,3263.6625474433085,2025
LN104731,SME Loan,North,Retail,45134.0,622,28.42,73,0.686,126959.0,0,D,0,0.3573,133770.71,0.01913441727406616,914.5538639304062,2023
LN104732,Retail Term Loan,Central,Technology,37432.0,645,44.45,43,0.086,125558.99,0,C,0,0.6908,129977.15,0.029576395997413095,2655.6118092476736,2025
LN104733,Retail Term Loan,North,Manufacturing,86907.0,741,35.03,16,0.291,57194.69,1,A,0,0.4216,59675.41,0.010851867334705353,273.02378904688527,2025
LN104734,SME Loan,Central,Services,30467.0,750,29.31,42,0.79,393260.75,0,A,0,0.1177,403981.11,0.005622298223541241,267.3322780143426,2026
LN104735,Credit Card,West,Healthcare,43713.0,638,49.84,30,0.119,260466.15,0,D,0,0.5957,331736.07,0.037017411933140544,7315.202407510723,2026
LN104736,Credit Card,East,Services,129635.0,705,6.23,6,0.067,281824.67,1,B,0,0.9043,324369.27,0.006501111394161837,1906.9523526572475,2026
LN104737,Retail Term Loan,Central,Manufacturing,96815.0,639,15.15,46,0.245,43407.58,0,D,0,0.5725,45637.93,0.01197176610363779,312.7948919046262,2025
LN104738,Retail Term Loan,Central,Manufacturing,60642.0,677,5.0,52,0.238,153481.31,4,C,0,0.9617,155119.13,0.017096458641633873,2550.41665819235,2025
LN104739,Credit Card,Central,Other,75759.0,699,47.71,70,0.214,62222.3,4,B,0,0.7791,65336.85,0.0526916038923862,2682.210234347679,2025
LN104740,Retail Term Loan,East,Healthcare,58799.0,726,30.74,23,0.132,205949.78,0,A,0,0.7313,210603.58,0.008775551173702397,1351.5612316098477,2025
LN104741,Retail Term Loan,South,Manufacturing,72486.0,711,44.56,50,0.041,150306.46,0,B,0,0.7959,153445.25,0.01606333657188223,1961.7683018312525,2025
LN104742,Credit Card,North,Other,49328.0,708,30.58,73,0.149,172547.57,0,B,0,0.499,201383.6,0.010332171952710384,1038.2842618442676,2023
LN104743,Retail Term Loan,Central,Healthcare,54508.0,620,45.3,35,0.291,72665.32,0,D,0,0.5412,73289.61,0.036464407913272656,1446.3365614979336,2025
LN104744,Retail Term Loan,Central,Retail,53604.0,715,30.35,60,0.059,57951.16,0,B,0,0.688,59114.31,0.009814404133235014,399.15814913736705,2023
LN104745,Retail Term Loan,East,Technology,50313.0,726,37.33,83,0.155,76629.5,0,A,0,0.5709,82745.52,0.010754481502734566,508.035440284114,2022
LN104746,Auto Loan,North,Services,133172.0,735,35.43,7,1.136,148851.93,0,A,0,0.05,149139.66,0.007222967335055548,53.861544627064525,2025
LN104747,Credit Card,Central,Services,114555.0,643,36.39,54,0.12,101284.28,1,C,0,0.98,111573.76,0.03002419091150621,3282.9136335354833,2025
LN104748,SME Loan,South,Healthcare,44911.0,750,53.9,74,1.175,143266.1,0,A,0,0.05,147328.11,0.011135286875453388,82.02703848341766,2024
LN104749,Retail Term Loan,East,Services,38884.0,604,10.88,40,0.015,58598.66,0,D,0,0.7238,62247.12,0.015496152574032501,698.1708708476528,2024
LN104750,Retail Term Loan,West,Retail,68785.0,662,31.11,79,0.212,119452.23,0,C,0,0.7291,125332.0,0.01605205410645434,1466.8296606064557,2023
LN104751,Auto Loan,North,Retail,245402.0,672,34.57,62,0.776,318640.62,0,C,0,0.05,319403.24,0.014099343749711718,225.16880377658362,2025
LN104752,Auto Loan,North,Manufacturing,42617.0,608,32.63,87,0.95,151430.52,0,D,0,0.05,152403.13,0.023326810400923922,177.75394590086802,2022
LN104753,Auto Loan,North,Healthcare,68636.0,671,26.83,61,1.406,158210.59,2,C,0,0.05,166539.28,0.015952514720065362,132.83601578345434,2025
LN104754,SME Loan,Central,Healthcare,78750.0,704,25.05,89,1.361,159099.35,0,B,0,0.05,167883.0,0.0066013148431601654,55.4124269907129,2024
LN104755,Auto Loan,Central,Other,70650.0,571,51.89,55,0.965,83859.35,3,E,1,0.4057,88136.21,0.12212582916191421,4366.836224210439,2025
LN104756,Auto Loan,East,Technology,58292.0,664,31.08,18,1.004,376045.36,0,C,0,0.05,395757.25,0.012859361443336133,254.45927607853693,2022
LN104757,SME Loan,East,Services,141568.0,576,63.69,34,1.175,154070.23,0,E,0,0.05,164367.67,0.07678918113994351,631.0829392590231,2024
LN104758,Retail Term Loan,East,Services,96297.0,823,38.87,70,0.143,135847.43,2,AA,0,0.8469,140005.97,0.007522940805128263,892.0030354368878,2024
LN104759,SME Loan,South,Retail,119424.0,704,28.23,70,1.308,194099.93,0,B,0,0.05,199046.75,0.0074047088469710665,73.69416153429191,2025
LN104760,Auto Loan,East,Other,103715.0,698,39.18,41,1.475,231823.77,0,B,0,0.05,247045.27,0.010643096684873454,131.46633470753335,2026
LN104761,Auto Loan,South,Services,122629.0,705,33.42,88,1.033,50177.61,0,B,0,0.05,51516.28,0.009281349026490563,23.907028761320763,2025
LN104762,SME Loan,West,Healthcare,179273.0,729,49.45,40,0.724,124829.14,3,A,0,0.6501,134404.42,0.02877242384382706,2514.0283242643077,2025
LN104763,Auto Loan,South,Manufacturing,155954.0,754,16.82,58,1.574,573706.93,0,A,0,0.05,606780.23,0.0029671121197600314,90.01924872318898,2025
LN104764,Auto Loan,West,Other,269382.0,588,8.58,58,1.216,382302.11,0,D,0,0.05,403776.11,0.012362623155115028,249.58659434841366,2023
LN104765,Retail Term Loan,Central,Technology,146500.0,775,36.69,19,0.162,111386.93,3,AA,0,0.9207,119472.12,0.014362127192077311,1579.8049923276965,2024
LN104766,Credit Card,South,Retail,51899.0,771,42.86,46,0.0,199754.92,0,AA,0,0.7747,229431.74,0.008660998800787556,1539.412586969516,2025
LN104767,Auto Loan,North,Retail,119523.0,686,35.72,100,0.755,95475.13,1,B,0,0.2072,95802.82,0.01666830648391206,330.8716226702501,2024
LN104768,Retail Term Loan,East,Retail,110855.0,682,40.74,28,0.059,153708.32,0,B,0,0.6247,159340.89,0.018684565717534,1859.8664170853892,2026
LN104769,Credit Card,North,Services,215649.0,500,38.83,62,0.0,87066.38,0,E,0,0.6358,106534.42,0.09587381137323166,6493.972752486535,2024
LN104770,Credit Card,South,Technology,44060.0,609,12.75,23,0.177,86038.46,0,D,0,0.6198,93823.74,0.015039924561045886,874.6010020194867,2024
LN104771,Auto Loan,West,Other,101938.0,724,35.66,27,1.119,79296.46,0,A,0,0.05,81082.61,0.008122977193381606,32.93160959049277,2022
LN104772,Retail Term Loan,East,Services,51568.0,768,49.12,17,0.193,389598.48,0,AA,0,0.7409,396498.16,0.010350437897396347,3040.6014269421817,2022
LN104773,Auto Loan,East,Healthcare,99423.0,737,34.23,69,0.94,85727.84,3,A,0,0.1549,89451.41,0.015666107889421348,217.06995764374182,2022
LN104774,Retail Term Loan,West,Technology,66645.0,685,14.97,29,0.219,266861.91,0,B,0,0.603,282722.48,0.007707146483481159,1313.9270912224426,2023
LN104775,Retail Term Loan,North,Healthcare,97631.0,815,27.66,76,0.057,88706.03,0,AA,0,0.8263,90012.98,0.0034408341267220936,255.92141573482297,2025
LN104776,Auto Loan,East,Healthcare,34529.0,755,39.24,36,0.518,81875.02,0,A,0,0.414,83683.02,0.007882918098029754,273.1018866422953,2023
LN104777,Retail Term Loan,North,Manufacturing,116020.0,664,55.34,51,0.054,157602.42,0,C,0,0.7166,165983.97,0.034979171916790695,4160.566573689221,2022
LN104778,Retail Term Loan,East,Manufacturing,84000.0,832,6.57,57,0.221,48345.77,0,AA,0,0.7227,50930.08,0.0014253911893262606,52.46461413437069,2025
LN104779,Credit Card,South,Other,81548.0,619,36.7,12,0.272,191092.63,0,D,0,0.5305,211297.75,0.028321156850390435,3174.6163598987723,2026
LN104780,Retail Term Loan,Central,Manufacturing,219228.0,594,19.88,52,0.222,109093.02,0,D,0,0.4173,109769.58,0.021465911985368173,983.2857188533816,2022
LN104781,SME Loan,South,Technology,60772.0,663,38.6,56,1.406,81610.68,0,C,0,0.05,84857.86,0.014864224741237896,63.06731510502509,2024
LN104782,SME Loan,South,Healthcare,90535.0,641,39.64,73,1.756,70221.38,0,C,0,0.05,74921.72,0.017330890881016265,64.9230076969027,2023
LN104783,Auto Loan,North,Technology,79252.0,666,28.97,27,0.916,476957.34,1,C,0,0.05,485426.08,0.015647030300345904,379.77382911690677,2026
LN104784,SME Loan,North,Manufacturing,83631.0,742,40.21,30,1.191,117152.27,0,A,0,0.05,126508.86,0.007752096984526,49.0354476060911,2024
LN104785,SME Loan,South,Manufacturing,254546.0,688,46.82,63,0.853,113744.74,0,B,0,0.05,122835.42,0.017471380921593335,107.30522067419523,2025
LN104786,Retail Term Loan,South,Healthcare,77679.0,689,29.86,79,0.281,221087.33,0,B,0,0.5127,231752.54,0.011713539055082888,1391.7971730430688,2024
LN104787,Credit Card,West,Other,54898.0,694,14.62,35,0.027,66575.71,0,B,0,0.4482,73387.65,0.007342763324994453,241.52070255651853,2025
LN104788,Retail Term Loan,Central,Retail,209869.0,540,50.53,21,0.152,265469.53,0,E,0,0.5374,273812.88,0.0914874493889144,13462.107531355075,2024
LN104789,Credit Card,Central,Technology,63324.0,592,42.77,41,0.194,117034.92,0,D,0,0.2322,139057.19,0.04482811191122374,1447.4584701433062,2026
LN104790,Auto Loan,Central,Other,31020.0,665,39.33,26,0.789,45551.92,1,C,0,0.05,48114.65,0.022598281833037973,54.36542104989903,2024
LN104791,Retail Term Loan,Central,Healthcare,49900.0,635,23.02,57,0.116,82776.68,0,D,0,0.511,83244.69,0.016484124126007985,701.2022752262294,2025
LN104792,Retail Term Loan,East,Technology,37783.0,675,44.81,24,0.211,55750.22,1,C,0,0.7514,59179.95,0.02822719891603129,1255.2018432767763,2022
LN104793,SME Loan,South,Technology,27869.0,781,58.55,69,0.977,127014.25,0,AA,0,0.0629,136531.97,0.010085562456984604,86.61340760995832,2023
LN104794,Retail Term Loan,West,Other,61426.0,685,30.42,53,0.161,68853.29,0,B,0,0.6039,71994.07,0.01277372241724242,555.3659253573954,2024
LN104795,Retail Term Loan,South,Healthcare,72159.0,604,33.23,70,0.052,63745.65,0,D,0,0.7307,64862.67,0.030933305913130062,1466.0887655896715,2023
LN104796,Retail Term Loan,West,Retail,143564.0,638,18.15,6,0.147,147235.41,0,D,0,0.6941,148769.28,0.013627311850698941,1407.1665409578172,2022
LN104797,Auto Loan,Central,Healthcare,106023.0,801,22.65,9,1.049,123747.8,0,AA,0,0.05,125903.58,0.0025992116448753213,16.36250256337458,2023
LN104798,Credit Card,North,Services,103399.0,790,18.03,76,0.116,279751.45,0,AA,0,0.679,362794.52,0.0031714103642689465,781.2372342621968,2023
LN104799,Credit Card,West,Other,45889.0,729,33.7,32,0.096,271208.25,0,A,0,0.7482,290371.63,0.009453922631341155,2053.9219216034735,2025
LN104800,Auto Loan,Central,Manufacturing,122022.0,588,27.57,16,1.065,125267.15,0,D,0,0.05,126639.97,0.02336802750261508,147.96631509451743,2023
LN104801,Retail Term Loan,East,Services,161203.0,710,36.85,44,0.063,170246.18,1,B,0,0.8884,183458.38,0.016384506607947387,2670.419384997028,2026
LN104802,Retail Term Loan,South,Retail,93177.0,715,20.41,53,0.151,44800.64,0,B,0,0.6312,47591.75,0.006988185832435055,209.92449163890728,2023
LN104803,Auto Loan,South,Services,94620.0,692,29.82,45,0.681,195335.85,0,B,0,0.3375,206781.68,0.010262522796469371,716.2093254011291,2026
LN104804,Credit Card,North,Technology,37409.0,653,19.6,58,0.057,159969.44,0,C,0,0.6914,207162.78,0.012647936956293593,1811.593683473641,2024
LN104805,Credit Card,South,Healthcare,133945.0,666,34.44,55,0.0,234006.17,1,C,0,0.8258,274060.91,0.02343960954017676,5304.840699092558,2025
LN104806,Auto Loan,West,Other,199726.0,648,10.78,54,0.656,96847.04,0,C,0,0.3271,102415.53,0.008605777087088906,288.29456393173734,2025
LN104807,Auto Loan,East,Technology,89578.0,616,33.97,78,1.024,97439.52,0,D,0,0.05,100421.88,0.02213497229716626,111.14177659146773,2023
LN104808,Auto Loan,South,Technology,54087.0,779,28.38,48,1.234,97866.43,1,AA,0,0.05,98834.27,0.0047845632513487946,23.64394081079423,2024
LN104809,Auto Loan,East,Technology,68607.0,747,34.35,47,1.275,327569.65,0,A,0,0.05,349372.73,0.00599958897268809,104.80463891329667,2023
LN104810,Auto Loan,Central,Manufacturing,59517.0,671,10.52,66,1.141,146282.22,5,C,0,0.3683,150184.43,0.022171051038488453,1226.345695878412,2026
LN104811,Credit Card,North,Healthcare,61513.0,713,40.51,60,0.119,42111.44,0,B,0,0.5984,54369.81,0.013594395194857159,442.2922107914831,2026
LN104812,Auto Loan,North,Manufacturing,107112.0,715,28.12,28,0.988,188398.36,0,B,0,0.05,190756.71,0.007205988582754781,68.72953371719323,2024
LN104813,SME Loan,Central,Technology,87461.0,842,34.82,46,1.34,86763.24,1,AA,0,0.05,87651.07,0.003113690152601364,13.645913676198642,2024
LN104814,Auto Loan,West,Other,130276.0,747,7.69,58,1.097,256389.63,0,A,0,0.05,265548.45,0.002681089379648759,35.597956453859474,2023
LN104815,Retail Term Loan,East,Healthcare,91972.0,744,15.84,35,0.11,174970.51,0,A,0,0.6825,175572.36,0.004616862782983304,553.230060067603,2023
LN104816,Retail Term Loan,Central,Technology,46630.0,692,26.93,36,0.116,285945.92,0,B,0,0.7286,300001.98,0.010818741552962407,2364.776136066012,2022
LN104817,Auto Loan,East,Services,56946.0,662,49.88,17,1.388,248313.8,0,C,0,0.05,249879.03,0.02150327659654306,268.6608948882941,2025
LN104818,Auto Loan,East,Other,55033.0,780,38.85,6,1.095,231284.51,0,AA,0,0.05,240956.4,0.005277773935565414,63.5856703763837,2025
LN104819,Auto Loan,South,Other,67689.0,732,33.69,40,1.052,265502.39,0,A,0,0.05,273160.5,0.007187073433446811,98.16122863085238,2024
LN104820,Credit Card,Central,Retail,201257.0,636,19.98,51,0.174,212306.97,0,D,0,0.5361,224599.26,0.014616442773947528,1759.9317199645618,2024
LN104821,Retail Term Loan,West,Manufacturing,219792.0,720,17.62,24,0.249,73832.73,0,A,0,0.2861,78375.87,0.005942039190784031,133.24034371852838,2022
LN104822,Credit Card,South,Technology,118821.0,744,35.6,78,0.256,53892.01,0,A,0,0.5199,68726.02,0.008346125099975052,298.2125398865071,2025
LN104823,Credit Card,West,Technology,80063.0,554,41.11,25,0.018,67108.74,0,E,0,0.8398,72244.55,0.06305322906808694,3825.500764027509,2024
LN104824,Auto Loan,West,Other,35466.0,630,34.72,68,1.406,200132.2,0,D,0,0.05,206331.94,0.018012446046046196,185.82714684130207,2023
LN104825,Auto Loan,North,Other,84647.0,714,54.22,57,1.162,25307.83,1,B,0,0.05,26089.64,0.02061879828014142,26.89685121807544,2022
LN104826,Retail Term Loan,North,Services,48569.0,565,23.13,96,0.121,118713.4,0,E,0,0.7307,123737.68,0.03203624664477479,2896.561173669531,2024
LN104827,Auto Loan,East,Services,183878.0,575,34.33,60,1.309,99622.4,1,E,0,0.05,104775.49,0.039552260547215216,207.20537397210714,2025
LN104828,Credit Card,West,Other,31004.0,672,9.99,16,0.077,282642.52,0,C,0,0.9056,324463.91,0.007729880090182229,2271.305581962704,2023
LN104829,SME Loan,West,Services,92662.0,722,34.74,71,0.972,110547.26,2,A,0,0.12,113326.13,0.014058285499406017,191.18053080993616,2023
LN104830,Auto Loan,South,Retail,46370.0,725,51.1,85,0.764,92714.93,1,A,0,0.0684,98606.17,0.018624546697424284,125.61627289883039,2025
LN104831,Retail Term Loan,Central,Services,74609.0,793,18.46,9,0.226,301479.59,0,AA,0,0.4172,305828.26,0.003036205819757134,387.3942068804402,2025
LN104832,Credit Card,East,Retail,108183.0,695,42.95,62,0.057,112522.83,0,B,0,0.5803,140568.8,0.01770983138770801,1444.6276878199326,2023
LN104833,Credit Card,South,Technology,131574.0,666,50.73,67,0.244,100493.04,0,C,0,0.6295,110866.87,0.028368898726191093,1979.8851489819099,2026
LN104834,Retail Term Loan,North,Services,72538.0,605,23.03,43,0.179,85202.74,0,D,0,0.4287,90533.98,0.021582589476298375,837.6616762768313,2025
LN104835,Credit Card,Central,Retail,113995.0,665,38.07,6,0.021,146560.78,0,C,0,0.6885,169809.92,0.020386505493537377,2383.4705518862224,2025
LN104836,Retail Term Loan,West,Retail,52098.0,736,52.54,41,0.118,95149.95,0,A,0,0.4824,95406.36,0.015964997213646605,734.7734798025531,2026
LN104837,Retail Term Loan,East,Manufacturing,85844.0,739,35.0,35,0.199,95390.89,1,A,0,0.5566,97595.92,0.011314199310791077,614.6086798992917,2025
LN104838,Retail Term Loan,South,Healthcare,130152.0,707,42.23,82,0.154,331177.54,0,B,0,0.586,331262.68,0.015065362207366116,2924.48706434993,2023
LN104839,Retail Term Loan,North,Other,90030.0,726,8.94,46,0.188,124178.05,0,A,0,0.6253,129994.14,0.004318945993160098,351.06697510558416,2025
LN104840,SME Loan,North,Retail,56056.0,773,39.76,39,0.988,87684.04,0,AA,0,0.05,90902.58,0.005974195137423515,27.153487570762607,2024
LN104841,Auto Loan,North,Services,64329.0,695,38.72,35,1.878,59794.78,0,B,0,0.05,62670.24,0.009737651770455977,30.51304867454505,2023
LN104842,Retail Term Loan,East,Technology,131118.0,779,14.76,55,0.11,137889.27,0,AA,0,0.6805,146617.9,0.003181780199526037,317.45728612449824,2023
LN104843,Auto Loan,North,Technology,41140.0,643,19.46,49,0.973,81098.76,0,C,0,0.1209,82601.32,0.010966869698728883,109.52063972800568,2023
LN104844,Auto Loan,North,Technology,44617.0,685,39.85,31,1.413,92726.92,0,B,0,0.05,95488.11,0.012509321945328646,59.72457549704779,2024
LN104845,Retail Term Loan,South,Technology,104414.0,659,28.06,54,0.42,66116.69,0,C,0,0.363,68555.89,0.014227985318020097,354.07462728731963,2025
LN104846,Retail Term Loan,West,Healthcare,58907.0,742,46.46,36,0.055,137733.58,0,A,0,0.7821,146208.31,0.012641418192939069,1445.5400930134276,2026
LN104847,Credit Card,East,Manufacturing,33727.0,624,36.04,6,0.277,48190.59,3,D,0,0.8909,61234.34,0.05644788065280614,3079.4392512388404,2025
LN104848,Retail Term Loan,North,Manufacturing,157660.0,669,32.73,63,0.233,160055.11,0,C,0,0.7176,162757.91,0.01571904484656626,1835.9070408974285,2023
LN104849,Credit Card,West,Manufacturing,40965.0,569,29.78,61,0.059,81855.96,4,E,0,0.98,98820.64,0.10298066572479474,9973.082988659273,2025
LN104850,Retail Term Loan,East,Manufacturing,67209.0,729,35.8,52,0.21,198172.62,0,A,0,0.6338,199166.72,0.0098152534643639,1238.9977712197474,2026
LN104851,Credit Card,North,Other,53343.0,771,42.44,38,0.1,168540.47,2,AA,0,0.817,218754.82,0.01402370429654557,2506.354126754351,2024
LN104852,Credit Card,West,Healthcare,63673.0,749,38.94,46,0.177,129062.45,0,A,0,0.6673,161329.66,0.009026594381493695,971.7605647044575,2026
LN104853,Retail Term Loan,Central,Technology,46106.0,743,26.5,66,0.165,216977.09,0,A,0,0.5852,225443.62,0.006456787176820066,851.8413910014015,2025
LN104854,Retail Term Loan,East,Healthcare,111090.0,745,48.11,34,0.115,356864.67,0,A,0,0.5669,384466.08,0.012745867178848987,2778.010450427652,2023
LN104855,SME Loan,North,Manufacturing,79714.0,735,40.55,67,1.334,291616.04,0,A,0,0.05,305475.61,0.008080050307331874,123.41291482314458,2022
LN104856,Auto Loan,South,Services,128831.0,730,37.01,16,1.27,47936.95,0,A,0,0.05,50516.26,0.007700287415098287,19.44948605679165,2025
LN104857,Credit Card,East,Healthcare,53648.0,734,33.19,52,0.06,78550.02,1,A,0,0.8135,95776.81,0.01161251854704287,904.7828207650524,2026
LN104858,Retail Term Loan,Central,Retail,242415.0,647,38.5,49,0.063,85578.29,1,C,0,0.7408,90498.67,0.031321199387142895,2099.817518142396,2023
LN104859,Retail Term Loan,Central,Technology,26310.0,677,8.19,70,0.245,187638.79,0,C,0,0.621,194304.04,0.006663196861549549,804.0000491684413,2026
LN104860,Auto Loan,Central,Healthcare,31364.0,695,35.14,28,0.859,83256.93,1,B,0,0.1692,83371.45,0.014627691825871748,206.34479370279192,2023
LN104861,SME Loan,Central,Manufacturing,196701.0,668,53.32,30,0.947,81000.31,0,C,0,0.05,86766.36,0.025291181816366564,109.72118931521577,2024
LN104862,Retail Term Loan,East,Healthcare,97340.0,588,34.86,17,0.05,71777.32,0,D,0,0.5248,75001.1,0.03780742239757497,1488.121971037353,2024
LN104863,Credit Card,West,Healthcare,90491.0,610,33.09,36,0.0,147926.29,0,D,0,0.8234,180037.87,0.02949257924688382,4372.073797605049,2023
LN104864,Credit Card,West,Retail,95077.0,705,24.25,54,0.241,187122.83,0,B,0,0.6586,220184.64,0.008494756223969674,1231.8552143237769,2022
LN104865,Retail Term Loan,West,Retail,102684.0,749,38.41,8,0.219,51386.05,0,A,0,0.5363,54482.3,0.008780876234528582,256.5671713340185,2023
LN104866,Retail Term Loan,West,Manufacturing,88443.0,691,29.46,38,0.041,83723.8,0,B,0,0.5714,88094.47,0.01206380045936751,607.2576971133456,2024
LN104867,Retail Term Loan,North,Services,44090.0,850,49.02,61,0.215,31847.89,0,AA,0,0.4763,34297.94,0.004661959580795393,76.15827903563905,2023
LN104868,Auto Loan,Central,Services,117624.0,630,20.77,46,1.472,22495.41,2,D,0,0.05,23924.87,0.01914846987674017,22.906232624996232,2025
LN104869,Credit Card,North,Other,107863.0,719,26.12,50,0.0,168470.02,2,B,0,0.8029,203079.68,0.014111926484211263,2300.9873636700504,2024
LN104870,Auto Loan,East,Manufacturing,164535.0,774,24.19,15,0.995,149648.64,5,AA,0,0.6517,152921.94,0.013276386055985646,1323.1143889258572,2024
LN104871,Retail Term Loan,East,Services,197912.0,759,55.85,46,0.0,135392.16,0,A,0,0.6286,139673.18,0.014665693668455396,1287.6267993945787,2023
LN104872,Credit Card,Central,Manufacturing,89950.0,733,29.53,49,0.245,364445.24,0,A,0,0.5869,439583.42,0.007669641899287322,1978.7024886053512,2025
LN104873,Auto Loan,North,Services,38181.0,760,24.87,44,1.077,37131.91,0,AA,0,0.05,37839.46,0.0041158569893784,7.7870902957652195,2026
LN104874,Auto Loan,East,Manufacturing,198815.0,694,5.0,51,1.24,27978.0,0,B,0,0.05,28341.57,0.003955931597068343,5.605865613676212,2025
LN104875,Auto Loan,South,Services,42841.0,798,20.15,41,1.113,54661.06,0,AA,0,0.05,54910.51,0.0024296487439823813,6.6706625826466,2024
LN104876,Retail Term Loan,North,Healthcare,90321.0,773,38.86,38,0.094,27214.33,1,AA,0,0.7643,28070.13,0.009482117175587532,203.42934528913497,2022
LN104877,Credit Card,South,Healthcare,65123.0,635,38.81,25,0.11,78111.91,4,D,0,0.98,99030.18,0.07394524767446412,7176.354963599828,2025
LN104878,Auto Loan,East,Retail,59184.0,711,23.53,69,1.302,180457.15,0,B,0,0.05,181456.87,0.005969113694696255,54.156834385685904,2024
LN104879,Auto Loan,Central,Healthcare,114189.0,589,24.26,21,1.28,147685.47,4,D,0,0.0591,155268.23,0.054639222462066504,501.38875979144336,2022
LN104880,Retail Term Loan,South,Technology,85793.0,789,56.18,51,0.103,246349.97,0,AA,0,0.6388,265659.82,0.010834219611814563,1838.604912227383,2025
LN104881,Auto Loan,Central,Other,99462.0,705,67.05,88,0.762,155559.6,0,B,0,0.05,161213.39,0.028689501179004193,231.25658712381318,2023
LN104882,Credit Card,West,Healthcare,47888.0,778,46.95,72,0.159,90437.91,0,AA,0,0.6798,95919.2,0.008853981371303348,577.3315774042276,2023
LN104883,Retail Term Loan,Central,Services,68152.0,683,52.27,59,0.21,83039.69,0,B,0,0.6076,87173.07,0.025575326079730648,1354.6318600214324,2025
LN104884,SME Loan,Central,Technology,49119.0,569,55.03,53,1.22,162993.51,0,E,0,0.05,171909.67,0.06248709252803146,537.1067727876678,2023
LN104885,Credit Card,West,Healthcare,67222.0,850,60.79,45,0.0,41115.21,0,AA,0,0.537,49668.77,0.007169630091766648,191.2293022030006,2024
LN104886,Retail Term Loan,West,Services,70258.0,699,28.07,28,0.291,12976.11,0,B,0,0.5062,13390.37,0.010030077785575254,67.98592634541798,2025
LN104887,Credit Card,North,Technology,206821.0,625,20.58,42,0.156,157692.67,0,D,0,0.5758,180848.27,0.01661942050037581,1730.6207061466284,2023
LN104888,Auto Loan,West,Retail,65028.0,764,55.84,61,1.087,141386.29,0,AA,0,0.05,147343.27,0.010590713672021034,78.02351920346433,2022
LN104889,SME Loan,North,Services,23299.0,822,19.46,57,1.44,359962.89,0,AA,0,0.05,388381.5,0.001732045503806922,33.634721541839404,2022
LN104890,Retail Term Loan,West,Services,161546.0,677,18.63,65,0.349,195389.81,0,C,0,0.5939,203343.95,0.009043644168250993,1092.1644775418165,2024
LN104891,Retail Term Loan,West,Manufacturing,96022.0,684,18.93,75,0.386,148995.58,5,B,0,0.98,150948.87,0.030836333622105225,4561.615520895795,2026
LN104892,Auto Loan,West,Healthcare,69786.0,705,30.29,45,1.259,96447.66,2,B,0,0.05,102611.49,0.013353522501350613,68.51124203060569,2024
LN104893,Retail Term Loan,West,Healthcare,58969.0,618,6.2,52,0.162,68013.19,5,D,0,0.98,72685.9,0.04075396392672133,2902.993775649648,2026
LN104894,Credit Card,South,Technology,44553.0,645,13.37,6,0.184,98623.99,0,C,0,0.8315,117322.04,0.010850888275939505,1058.5397016491215,2026
LN104895,Auto Loan,South,Services,217765.0,806,23.91,98,1.508,234178.94,0,AA,0,0.05,238554.78,0.002290711603704489,27.32301013325858,2026
LN104896,Retail Term Loan,East,Manufacturing,77169.0,681,16.45,39,0.126,166011.38,1,B,0,0.7349,171992.21,0.01115879476287366,1410.4390199920338,2024
LN104897,Auto Loan,East,Technology,28839.0,636,45.81,62,1.162,230777.33,3,D,1,0.05,247768.26,0.05478293723893975,678.6736518690653,2024
LN104898,SME Loan,South,Services,89814.0,661,32.09,39,1.72,129307.23,0,C,0,0.05,138455.77,0.011381508292126792,78.79177471739,2025
LN104899,Credit Card,East,Technology,145603.0,760,39.5,38,0.342,63931.49,5,AA,0,0.9238,76587.17,0.028940720705532795,2047.5915188764566,2022
LN104900,Auto Loan,East,Other,81739.0,562,38.08,43,0.936,270398.63,0,E,0,0.05,286916.63,0.04267498043643197,612.2080786068495,2022
LN104901,Retail Term Loan,South,Manufacturing,45678.0,707,29.31,21,0.136,253801.31,1,B,0,0.6426,256737.55,0.01304198782730936,2151.6612780294404,2026
LN104902,Retail Term Loan,West,Technology,43484.0,850,44.85,6,0.303,136641.16,0,AA,0,0.3429,142844.89,0.003989508242500974,195.41214896996632,2024
LN104903,SME Loan,South,Other,45284.0,822,37.88,74,1.324,177091.82,0,AA,0,0.05,188176.58,0.0032168124611623374,30.266438372145576,2025
LN104904,Credit Card,South,Retail,173192.0,727,27.86,60,0.095,170401.58,0,A,0,0.6536,190117.11,0.008006684809945278,994.9150028822936,2023
LN104905,Auto Loan,East,Healthcare,72101.0,776,10.11,28,0.839,86454.09,0,AA,0,0.05,87321.21,0.0023393466381760007,10.21372895274803,2023
LN104906,SME Loan,North,Healthcare,29791.0,775,38.77,58,1.147,100025.96,0,AA,0,0.05,104826.23,0.00545083465910609,28.569522383371332,2022
LN104907,Retail Term Loan,West,Retail,92644.0,682,15.6,66,0.071,63479.72,0,B,0,0.8556,68150.6,0.008406064234059686,490.15469160991427,2025
LN104908,Credit Card,West,Services,81049.0,750,36.94,33,0.098,99765.71,0,A,0,0.6675,118237.04,0.008561243000427146,675.6809007533923,2023
LN104909,Retail Term Loan,Central,Healthcare,58592.0,806,33.03,57,0.006,246924.05,0,AA,0,0.6973,255340.61,0.004514018328934642,803.7164826400609,2025
LN104910,Retail Term Loan,South,Technology,42788.0,608,14.32,70,0.068,216205.68,0,D,0,0.9216,224288.92,0.016403866438572546,3390.755777124879,2025
LN104911,Auto Loan,East,Retail,41777.0,727,35.36,16,0.906,177401.5,0,A,0,0.05,186289.68,0.008255849646126676,76.89897943525258,2022
LN104912,Auto Loan,East,Services,136338.0,713,34.49,60,0.588,234842.82,0,B,0,0.1383,235549.47,0.009965343204950515,324.6359202136872,2023
LN104913,SME Loan,West,Healthcare,85937.0,697,34.53,56,1.354,92923.05,0,B,0,0.05,96955.98,0.00956266763785096,46.357890612106246,2024
LN104914,Retail Term Loan,West,Services,97587.0,691,33.91,89,0.193,52781.93,0,B,0,0.6414,55432.43,0.013360423397684113,475.02131127665893,2025
LN104915,Credit Card,Central,Manufacturing,85807.0,705,23.52,60,0.0,107520.15,3,B,0,0.98,126769.0,0.01924775037501729,2391.2177059447554,2025
LN104916,Credit Card,Central,Manufacturing,89812.0,711,39.69,39,0.064,113648.48,4,B,0,0.98,126753.18,0.038279490565422326,4755.006214788332,2024
LN104917,Credit Card,North,Retail,57967.0,763,23.06,42,0.13,192579.28,0,AA,0,0.7333,225617.91,0.004815147124205516,796.6449695898731,2025
LN104918,SME Loan,South,Manufacturing,66972.0,721,18.03,93,1.457,171658.06,0,A,0,0.05,183584.72,0.004370695582529537,40.1196462361961,2026
LN104919,Auto Loan,West,Retail,142336.0,678,40.77,40,1.676,243446.71,1,C,0,0.05,254245.47,0.01669162897821238,212.18855273156132,2024
LN104920,Auto Loan,East,Services,163288.0,635,44.17,61,1.394,29284.44,0,D,0,0.05,30006.5,0.023183441075788923,34.78269623203302,2023
LN104921,Retail Term Loan,East,Retail,38296.0,659,39.88,43,0.295,68639.59,0,C,0,0.442,70696.76,0.02131230784198914,665.966311747641,2023
LN104922,Retail Term Loan,North,Healthcare,66883.0,707,29.31,72,0.077,112566.04,5,B,0,0.98,121166.98,0.03704389756338143,4398.727251280601,2024
LN104923,SME Loan,East,Retail,118997.0,644,6.79,73,1.118,167844.74,2,C,0,0.05,173902.03,0.011790575861526658,102.52025385942424,2022
LN104924,Auto Loan,West,Technology,211163.0,751,51.26,48,0.723,519861.38,3,A,0,0.3845,541005.66,0.024747026571401445,5147.794214948303,2026
LN104925,Retail Term Loan,North,Manufacturing,199850.0,718,6.58,39,0.145,60544.34,0,B,0,0.98,64218.21,0.004374989225536519,275.33489729657674,2024
LN104926,Retail Term Loan,East,Manufacturing,48416.0,764,39.62,39,0.1,73010.84,0,AA,0,0.5192,77771.97,0.00814530643823561,328.9010133143745,2025
LN104927,Auto Loan,Central,Other,151224.0,648,59.43,10,0.843,89225.15,1,C,0,0.1426,95793.95,0.04871563300383405,665.4661312779559,2026
LN104928,Credit Card,East,Technology,77458.0,636,33.94,50,0.057,71207.15,0,D,0,0.6824,86320.64,0.023360980339446717,1376.0833297287795,2024
LN104929,Retail Term Loan,Central,Manufacturing,133209.0,764,35.79,50,0.099,64439.46,1,AA,0,0.9781,65975.61,0.009365138880971081,604.3393809728759,2025
LN104930,Credit Card,South,Technology,115705.0,698,36.93,30,0.146,123919.72,0,B,0,0.4363,136008.99,0.013913978240945988,825.6655193990356,2025
LN104931,Credit Card,North,Manufacturing,37424.0,677,34.58,8,0.0,238899.52,2,C,0,0.9096,306469.75,0.027428390853142175,7646.072210939874,2023
LN104932,Credit Card,West,Manufacturing,101491.0,735,62.56,53,0.246,130456.17,0,A,0,0.4557,151622.15,0.021386415358259924,1477.6775542168261,2022
LN104933,Retail Term Loan,South,Retail,130402.0,733,21.04,55,0.013,65738.96,0,A,0,0.8984,70545.92,0.006211955917741979,393.7041656625505,2022
LN104934,Credit Card,North,Technology,74173.0,608,19.41,57,0.056,104599.41,3,D,0,0.9426,122821.0,0.04158984785837626,4814.901379014727,2025
LN104935,Retail Term Loan,North,Technology,65498.0,780,27.74,26,0.25,58002.04,0,AA,0,0.4812,60420.25,0.004601244046077196,133.77760145468793,2026
LN104936,Auto Loan,Central,Healthcare,31597.0,663,54.63,57,1.099,238796.41,0,C,0,0.05,239536.55,0.026583565759946366,318.386781441784,2024
LN104937,Credit Card,West,Services,109232.0,801,24.5,44,0.159,336063.05,5,AA,0,0.98,388612.85,0.012817939516397456,4881.591686462941,2024
LN104938,Credit Card,South,Services,84125.0,603,37.59,67,0.0,39287.07,0,D,0,0.7574,43963.25,0.03620855428455045,1205.6639514714088,2023
LN104939,Retail Term Loan,East,Technology,45163.0,711,45.92,27,0.089,140866.16,0,B,0,0.7913,145268.81,0.016564007455083355,1904.0526886939394,2025
LN104940,SME Loan,South,Other,62695.0,678,42.13,73,1.155,69598.85,0,C,0,0.05,73513.58,0.015351063584307214,56.425582044502754,2022
LN104941,Retail Term Loan,North,Healthcare,81652.0,562,45.23,81,0.136,125399.63,2,E,0,0.6996,135245.44,0.10452807265686007,9890.206847108775,2023
LN104942,Auto Loan,Central,Healthcare,55160.0,733,50.43,51,1.703,113024.31,0,A,0,0.05,113246.23,0.01025744125872218,58.08082759983708,2026
LN104943,SME Loan,Central,Manufacturing,75111.0,565,36.01,57,1.953,46934.32,0,E,0,0.05,50559.66,0.030213858878213824,76.38012160852362,2023
LN104944,Auto Loan,South,Other,28646.0,671,26.06,65,1.289,279684.84,4,C,0,0.2341,300202.18,0.026860776732479757,1887.7036795637441,2024
LN104945,Credit Card,South,Other,157539.0,762,33.91,25,0.097,107909.74,0,AA,0,0.6763,126968.66,0.006929165052089745,594.9998139103565,2024
LN104946,Auto Loan,Central,Technology,75659.0,656,27.59,37,1.282,86356.51,1,C,0,0.05,89370.41,0.015013935037096825,67.09007649893543,2023
LN104947,Credit Card,East,Retail,40970.0,631,64.78,52,0.091,130178.65,1,D,0,0.8931,155446.98,0.08008097810476929,11117.617992856616,2025
LN104948,Credit Card,South,Technology,19388.0,742,25.08,93,0.0,65240.05,0,A,0,0.6198,74221.75,0.006500540609590909,299.0420336937425,2026
LN104949,Credit Card,South,Technology,132094.0,674,38.28,22,0.025,105523.32,0,C,0,0.605,132160.6,0.01882104467661713,1504.877337038558,2024
LN104950,Retail Term Loan,East,Other,101946.0,664,12.49,84,0.0,33160.78,2,C,0,0.98,33858.48,0.015509225686571487,514.6164315697816,2023
LN104951,Credit Card,East,Manufacturing,84214.0,773,33.73,44,0.112,23046.43,0,AA,0,0.611,25523.77,0.0061735991879231355,96.27742423003424,2025
LN104952,Retail Term Loan,North,Technology,120602.0,614,28.27,47,0.132,60851.6,0,D,0,0.8639,65523.01,0.023635463758865678,1337.893186515127,2023
LN104953,SME Loan,East,Healthcare,120420.0,660,40.78,75,0.975,82667.15,0,C,0,0.05,83153.38,0.018280284908880173,76.00337387681893,2025
LN104954,Retail Term Loan,East,Retail,83465.0,746,41.12,92,0.065,35078.53,0,A,0,0.6033,35646.56,0.010245605173074821,220.33757563546962,2026
LN104955,Retail Term Loan,South,Other,65214.0,610,50.42,57,0.007,84711.92,0,D,0,0.8787,84992.76,0.05021900246871612,3750.512702239895,2026
LN104956,SME Loan,South,Manufacturing,59624.0,805,49.39,74,0.907,82589.96,0,AA,0,0.05,86509.29,0.006092181541805958,26.351514986636936,2025
LN104957,Retail Term Loan,East,Manufacturing,94538.0,676,31.14,28,0.065,114938.53,0,C,0,0.6817,119716.91,0.01459430650979213,1191.0562046569419,2026
LN104958,Auto Loan,South,Healthcare,161718.0,747,19.72,36,1.152,184453.82,0,A,0,0.05,185418.95,0.003882667156213022,35.99600336522523,2026
LN104959,Credit Card,Central,Manufacturing,70873.0,747,21.25,18,0.167,397803.18,0,A,0,0.3034,459747.62,0.005252702732312321,732.6859936955694,2026
LN104960,Retail Term Loan,East,Retail,168941.0,680,35.94,37,0.31,161946.61,0,B,0,0.4568,164477.75,0.015358862618406634,1153.9641246446197,2024
LN104961,Retail Term Loan,East,Services,92086.0,659,34.05,60,0.105,60256.61,2,C,0,0.9439,63371.03,0.03112559686603047,1861.8060632169995,2023
LN104962,Auto Loan,South,Healthcare,92469.0,687,35.35,53,1.973,191336.88,1,B,0,0.05,203709.84,0.011964905780792871,121.86845211101955,2026
LN104963,Retail Term Loan,Central,Manufacturing,281547.0,736,25.04,86,0.15,319870.05,0,A,0,0.4916,322610.3,0.006618382162307774,1049.643798107247,2023
LN104964,Retail Term Loan,North,Retail,186133.0,626,50.68,93,0.097,54778.72,0,D,0,0.8712,58087.23,0.04270603051966852,2161.164074969834,2025
LN104965,Retail Term Loan,East,Other,188807.0,612,12.86,45,0.391,56954.65,4,D,0,0.98,58963.64,0.038812433269356544,2242.7518959619947,2025
LN104966,Auto Loan,North,Retail,48366.0,786,24.32,33,1.227,44378.26,2,AA,0,0.0814,46199.63,0.005115136068423849,19.23623585213209,2024
LN104967,Retail Term Loan,West,Technology,250432.0,642,18.0,74,0.095,80829.65,4,C,0,0.98,83735.71,0.037012664004538176,3037.2960654232184,2023
LN104968,Retail Term Loan,South,Other,71684.0,713,29.28,76,0.0,155826.42,0,B,0,0.6515,164760.8,0.009817471772370499,1053.8237288303574,2023
LN104969,Credit Card,South,Technology,66179.0,677,48.21,58,0.0,338909.93,0,C,0,0.6969,415650.15,0.025135970572161107,7281.0508702900315,2022
LN104970,Credit Card,North,Healthcare,22872.0,680,28.26,64,0.0,224003.86,0,B,0,0.6167,257299.88,0.013038570234794922,2068.9190707688813,2026
LN104971,Retail Term Loan,West,Other,89743.0,783,33.32,60,0.212,157175.08,0,AA,0,0.5982,160019.78,0.005393513727216007,516.2878040495502,2024
LN104972,Retail Term Loan,South,Technology,41332.0,684,40.64,26,0.017,123905.87,0,B,0,0.7685,127673.51,0.018470715016931614,1812.2928526568217,2023
LN104973,SME Loan,South,Healthcare,93881.0,667,27.64,21,1.092,157835.57,0,C,0,0.05,168115.62,0.010956099613355124,92.09457396404785,2023
LN104974,Auto Loan,Central,Technology,39592.0,672,36.97,47,1.413,164482.29,4,C,0,0.05,168600.89,0.03620138913867345,305.1793214008339,2023
LN104975,Auto Loan,North,Healthcare,201587.0,657,35.26,44,0.883,298786.44,0,C,0,0.05,320730.83,0.01618056802523715,259.4803506302886,2024
LN104976,Auto Loan,East,Technology,101581.0,646,17.3,54,0.821,118258.75,0,C,0,0.0886,120982.81,0.010344619376660156,110.88477128239515,2023
LN104977,Retail Term Loan,North,Retail,262806.0,658,25.96,45,0.271,144129.9,0,C,0,0.4791,150475.88,0.013962017864408132,1006.5636716345663,2023
LN104978,Credit Card,North,Technology,42727.0,798,36.61,11,0.311,90156.16,0,AA,0,0.3243,109160.99,0.005053694199481809,178.90536875774393,2026
LN104979,SME Loan,North,Retail,175833.0,736,48.67,6,1.407,129913.94,0,A,0,0.05,131667.1,0.010166431227300784,66.92922585240676,2025
LN104980,SME Loan,North,Retail,27827.0,668,48.66,64,1.16,100291.28,0,C,0,0.05,104242.88,0.020711459279769973,107.95110821629738,2022
LN104981,Retail Term Loan,Central,Services,84094.0,754,59.24,33,0.123,52184.81,0,A,0,0.7062,53275.09,0.01659171826347522,624.2280353780963,2025
LN104982,Retail Term Loan,East,Retail,52990.0,587,38.31,43,0.135,221137.68,0,D,0,0.5412,225366.93,0.04155202138096537,5068.041148510871,2022
LN104983,Retail Term Loan,Central,Retail,58622.0,779,26.63,36,0.0,340110.2,0,AA,0,0.8435,353379.08,0.0047819462280567935,1425.3798364467318,2023
LN104984,Retail Term Loan,South,Technology,56453.0,774,31.17,28,0.097,116896.93,0,AA,0,0.5937,119683.7,0.005657083190407579,401.97090638262466,2024
LN104985,Retail Term Loan,West,Retail,45349.0,835,30.52,27,0.108,151400.57,0,AA,0,0.8382,158584.65,0.003067445827598587,407.74224160815845,2025
LN104986,Credit Card,North,Retail,37512.0,756,26.7,70,0.293,219344.38,0,A,0,0.5409,280927.25,0.005547984516889973,843.0359400511738,2022
LN104987,Retail Term Loan,North,Manufacturing,58801.0,718,36.98,43,0.034,108544.85,5,B,0,0.98,114868.08,0.04280142179081464,4818.186799533419,2025
LN104988,SME Loan,North,Retail,79942.0,774,37.58,62,1.732,137031.1,0,AA,0,0.05,139322.03,0.004558642842177842,31.75596874085933,2024
LN104989,Retail Term Loan,Central,Retail,142241.0,649,16.74,65,0.149,103090.01,0,C,0,0.5111,105865.85,0.011724808993945636,634.4063863754217,2024
LN104990,Retail Term Loan,West,Other,88229.0,664,46.15,55,0.024,81682.49,0,C,0,0.7728,88020.32,0.02648581411414983,1801.6207835513549,2024
LN104991,SME Loan,West,Retail,142463.0,686,8.12,66,0.689,172880.65,0,B,0,0.2469,185546.12,0.005439327515452388,249.18286601606323,2024
LN104992,Credit Card,Central,Manufacturing,33265.0,779,29.11,48,0.216,171787.32,0,AA,0,0.6537,204403.69,0.004896061643109484,654.2053534527574,2026
LN104993,Auto Loan,South,Services,59107.0,634,46.94,78,1.174,228896.89,1,D,0,0.05,240038.05,0.034818053218351915,417.88287996647085,2025
LN104994,Auto Loan,West,Healthcare,110890.0,627,39.9,66,1.374,119714.94,2,D,0,0.05,125070.74,0.036669749576087464,229.31563575479728,2023
LN104995,Retail Term Loan,East,Manufacturing,90581.0,705,27.36,69,0.134,51811.62,0,B,0,0.7306,54017.93,0.009637505264022236,380.3489607012428,2025
LN104996,Retail Term Loan,East,Manufacturing,46705.0,737,57.59,27,0.235,260565.78,2,A,0,0.551,275786.84,0.0301015011231234,4574.180428575462,2024
LN104997,Auto Loan,West,Retail,125365.0,644,26.28,54,1.5,71759.15,0,C,0,0.05,72025.37,0.011785227203379774,42.44176749287467,2022
LN104998,Auto Loan,East,Retail,55996.0,734,5.97,8,1.091,70897.18,1,A,0,0.05,71807.86,0.0037465255458495428,13.451499094139379,2023
LN104999,Credit Card,North,Retail,48908.0,779,37.89,79,0.05,82691.95,0,AA,0,0.6977,97421.32,0.006759620367571352,459.4571756158927,2024
